time,temperature_2m,precipitation,wind_speed_10m,wind_gusts_10m,wind_direction_10m
2019-01-01 00:00:00,7.2,0.3,39.4,87.1,265
2019-01-01 01:00:00,7.1,0.4,43.9,95.0,280
2019-01-01 02:00:00,7.3,0.5,47.1,85.3,293
2019-01-01 03:00:00,7.5,0.7,50.4,91.8,309
2019-01-01 04:00:00,7.0,0.5,51.4,102.6,314
2019-01-01 05:00:00,6.5,1.3,51.2,123.5,318
2019-01-01 06:00:00,6.5,0.4,47.4,124.9,317
2019-01-01 07:00:00,5.9,0.5,45.9,112.3,318
2019-01-01 08:00:00,5.3,0.8,41.8,101.2,322
2019-01-01 09:00:00,5.1,0.4,39.8,90.4,327
2019-01-01 10:00:00,4.7,0.3,40.9,83.2,332
2019-01-01 11:00:00,4.6,0.3,40.6,92.2,336
2019-01-01 12:00:00,4.9,0.1,43.0,101.9,336
2019-01-01 13:00:00,4.7,0.0,43.6,101.5,338
2019-01-01 14:00:00,4.7,0.0,40.8,104.8,339
2019-01-01 15:00:00,4.8,0.1,41.6,104.8,339
2019-01-01 16:00:00,4.8,0.0,41.2,101.2,341
2019-01-01 17:00:00,5.3,0.0,41.1,96.1,341
2019-01-01 18:00:00,5.4,0.0,40.1,90.4,342
2019-01-01 19:00:00,5.6,0.0,38.4,84.2,343
2019-01-01 20:00:00,5.5,0.0,36.6,78.5,343
2019-01-01 21:00:00,5.6,0.0,37.0,75.2,344
2019-01-01 22:00:00,5.3,0.0,35.9,75.2,347
2019-01-01 23:00:00,4.8,0.0,28.8,73.1,351
2019-01-02 00:00:00,4.7,0.0,28.9,70.9,349
2019-01-02 01:00:00,4.6,0.0,29.4,70.2,348
2019-01-02 02:00:00,4.5,0.0,29.6,69.5,350
2019-01-02 03:00:00,4.4,0.0,29.1,67.0,351
2019-01-02 04:00:00,4.7,0.0,28.0,63.7,353
2019-01-02 05:00:00,4.7,0.0,25.5,61.2,352
2019-01-02 06:00:00,4.8,0.0,24.4,58.7,352
2019-01-02 07:00:00,5.0,0.0,22.9,55.8,353
2019-01-02 08:00:00,4.8,0.0,21.0,46.4,353
2019-01-02 09:00:00,4.6,0.0,19.7,43.6,351
2019-01-02 10:00:00,4.4,0.0,18.8,40.7,348
2019-01-02 11:00:00,4.7,0.0,15.0,39.2,350
2019-01-02 12:00:00,4.8,0.0,16.2,40.7,339
2019-01-02 13:00:00,4.8,0.0,16.5,40.7,337
2019-01-02 14:00:00,4.8,0.0,16.1,40.3,336
2019-01-02 15:00:00,4.5,0.0,15.6,40.0,337
2019-01-02 16:00:00,4.0,0.0,15.7,37.4,340
2019-01-02 17:00:00,3.8,0.0,14.1,36.0,341
2019-01-02 18:00:00,3.6,0.0,13.0,33.8,341
2019-01-02 19:00:00,3.4,0.0,11.4,31.0,342
2019-01-02 20:00:00,3.1,0.0,10.6,23.0,342
2019-01-02 21:00:00,3.4,0.0,8.8,21.2,341
2019-01-02 22:00:00,3.3,0.0,8.7,17.6,343
2019-01-02 23:00:00,2.5,0.0,2.2,15.5,351
2019-01-03 00:00:00,2.5,0.0,5.5,14.0,349
2019-01-03 01:00:00,2.7,0.0,7.7,12.6,349
2019-01-03 02:00:00,2.9,0.0,6.5,12.2,3
2019-01-03 03:00:00,2.5,0.0,6.7,12.6,16
2019-01-03 04:00:00,2.2,0.0,7.2,12.6,27
2019-01-03 05:00:00,2.2,0.0,6.6,13.3,29
2019-01-03 06:00:00,2.4,0.0,7.5,13.7,17
2019-01-03 07:00:00,3.0,0.0,7.4,13.3,23
2019-01-03 08:00:00,3.0,0.0,4.8,15.5,42
2019-01-03 09:00:00,3.2,0.0,2.5,10.8,82
2019-01-03 10:00:00,3.4,0.0,1.6,9.0,117
2019-01-03 11:00:00,3.9,0.0,5.6,9.4,135
2019-01-03 12:00:00,4.2,0.0,4.5,8.6,151
2019-01-03 13:00:00,4.5,0.0,3.3,9.4,167
2019-01-03 14:00:00,4.5,0.1,1.5,10.4,225
2019-01-03 15:00:00,4.7,0.1,2.0,13.3,225
2019-01-03 16:00:00,4.8,0.0,1.3,14.4,236
2019-01-03 17:00:00,5.0,0.0,1.8,14.8,233
2019-01-03 18:00:00,4.8,0.0,5.4,15.1,270
2019-01-03 19:00:00,4.6,0.0,5.8,15.1,274
2019-01-03 20:00:00,3.7,0.0,7.0,11.9,282
2019-01-03 21:00:00,3.9,0.0,7.3,13.0,290
2019-01-03 22:00:00,4.7,0.0,5.4,12.6,278
2019-01-03 23:00:00,3.6,0.0,1.4,9.7,270
2019-01-04 00:00:00,4.1,0.1,5.3,10.1,242
2019-01-04 01:00:00,4.3,0.2,6.1,12.2,230
2019-01-04 02:00:00,4.6,0.4,5.0,14.4,201
2019-01-04 03:00:00,4.9,0.4,5.0,15.8,201
2019-01-04 04:00:00,5.4,0.5,4.5,16.6,209
2019-01-04 05:00:00,5.6,0.6,4.5,20.5,241
2019-01-04 06:00:00,6.2,0.4,10.4,27.4,272
2019-01-04 07:00:00,6.8,0.3,12.9,34.2,293
2019-01-04 08:00:00,7.4,0.4,15.5,30.2,292
2019-01-04 09:00:00,7.6,0.5,17.3,33.5,291
2019-01-04 10:00:00,7.8,0.4,18.7,36.4,289
2019-01-04 11:00:00,8.1,0.3,18.5,39.2,283
2019-01-04 12:00:00,8.0,0.4,19.5,42.8,289
2019-01-04 13:00:00,8.4,0.5,20.5,43.6,298
2019-01-04 14:00:00,8.7,0.6,22.1,44.6,307
2019-01-04 15:00:00,8.9,0.6,22.7,46.1,313
2019-01-04 16:00:00,9.1,0.4,23.7,49.0,318
2019-01-04 17:00:00,9.1,0.2,23.5,49.3,320
2019-01-04 18:00:00,9.1,0.1,23.3,48.6,322
2019-01-04 19:00:00,8.9,0.1,23.4,47.5,323
2019-01-04 20:00:00,8.9,0.3,23.6,48.2,326
2019-01-04 21:00:00,8.9,0.2,23.1,47.9,326
2019-01-04 22:00:00,8.8,0.1,22.5,46.8,325
2019-01-04 23:00:00,8.7,0.0,22.0,45.7,325
2019-01-05 00:00:00,8.7,0.0,21.2,44.3,325
2019-01-05 01:00:00,8.8,0.0,21.4,42.1,324
2019-01-05 02:00:00,8.8,0.0,21.5,41.4,325
2019-01-05 03:00:00,8.8,0.0,20.7,41.8,325
2019-01-05 04:00:00,8.8,0.0,19.5,41.0,326
2019-01-05 05:00:00,8.7,0.0,18.1,39.2,325
2019-01-05 06:00:00,8.6,0.0,17.6,37.4,325
2019-01-05 07:00:00,8.5,0.0,16.9,35.6,326
2019-01-05 08:00:00,8.3,0.0,16.8,34.2,329
2019-01-05 09:00:00,8.2,0.0,16.5,33.1,328
2019-01-05 10:00:00,8.1,0.0,15.4,32.4,327
2019-01-05 11:00:00,8.2,0.0,15.1,31.3,327
2019-01-05 12:00:00,8.2,0.0,14.5,30.2,325
2019-01-05 13:00:00,8.2,0.0,13.5,28.8,326
2019-01-05 14:00:00,8.3,0.0,12.7,25.2,325
2019-01-05 15:00:00,8.1,0.0,11.8,21.2,322
2019-01-05 16:00:00,7.8,0.0,11.5,18.4,321
2019-01-05 17:00:00,7.7,0.0,11.1,16.9,324
2019-01-05 18:00:00,7.7,0.0,10.4,15.8,326
2019-01-05 19:00:00,7.6,0.0,9.9,15.8,327
2019-01-05 20:00:00,7.5,0.0,9.0,19.4,323
2019-01-05 21:00:00,7.4,0.0,8.9,17.6,320
2019-01-05 22:00:00,7.4,0.0,8.4,17.6,317
2019-01-05 23:00:00,7.1,0.0,7.9,17.3,309
2019-01-06 00:00:00,7.2,0.0,9.4,17.3,310
2019-01-06 01:00:00,7.0,0.0,8.9,17.3,313
2019-01-06 02:00:00,6.9,0.0,8.1,16.2,315
2019-01-06 03:00:00,6.6,0.0,6.9,15.1,317
2019-01-06 04:00:00,6.7,0.0,6.4,13.0,313
2019-01-06 05:00:00,6.3,0.0,5.4,11.9,307
2019-01-06 06:00:00,6.1,0.0,5.0,11.2,300
2019-01-06 07:00:00,6.0,0.0,7.1,10.1,285
2019-01-06 08:00:00,5.5,0.0,5.8,12.2,266
2019-01-06 09:00:00,5.5,0.0,4.7,10.1,238
2019-01-06 10:00:00,5.5,0.0,4.0,9.0,207
2019-01-06 11:00:00,6.4,0.0,1.9,7.2,202
2019-01-06 12:00:00,6.5,0.0,4.0,8.6,175
2019-01-06 13:00:00,6.8,0.0,6.1,12.2,183
2019-01-06 14:00:00,7.0,0.1,4.1,14.4,225
2019-01-06 15:00:00,7.1,0.2,6.6,14.4,299
2019-01-06 16:00:00,7.0,0.2,11.8,14.8,322
2019-01-06 17:00:00,6.9,0.1,14.8,22.3,326
2019-01-06 18:00:00,6.6,0.0,15.0,27.0,330
2019-01-06 19:00:00,6.5,0.0,13.4,28.4,333
2019-01-06 20:00:00,5.8,0.0,12.6,25.9,333
2019-01-06 21:00:00,5.6,0.0,10.6,24.5,336
2019-01-06 22:00:00,5.1,0.0,8.9,21.6,333
2019-01-06 23:00:00,4.1,0.0,6.0,18.4,343
2019-01-07 00:00:00,4.2,0.0,7.4,15.8,331
2019-01-07 01:00:00,3.2,0.0,6.4,14.4,333
2019-01-07 02:00:00,3.1,0.0,6.1,11.9,357
2019-01-07 03:00:00,2.8,0.0,2.8,10.1,40
2019-01-07 04:00:00,2.2,0.0,3.0,7.2,104
2019-01-07 05:00:00,2.3,0.0,4.6,5.8,141
2019-01-07 06:00:00,2.5,0.0,6.8,13.3,148
2019-01-07 07:00:00,2.8,0.0,10.0,18.4,150
2019-01-07 08:00:00,3.2,0.0,14.1,24.5,148
2019-01-07 09:00:00,3.5,0.0,17.6,33.5,145
2019-01-07 10:00:00,3.6,0.0,20.7,41.0,145
2019-01-07 11:00:00,3.8,0.6,24.2,49.7,133
2019-01-07 12:00:00,3.4,0.8,28.2,53.3,141
2019-01-07 13:00:00,3.2,1.3,29.8,59.0,143
2019-01-07 14:00:00,3.5,1.8,30.1,62.3,146
2019-01-07 15:00:00,4.1,2.2,27.6,62.3,151
2019-01-07 16:00:00,4.7,1.5,20.3,58.7,157
2019-01-07 17:00:00,5.1,1.2,16.3,47.9,158
2019-01-07 18:00:00,4.3,2.9,16.2,38.9,148
2019-01-07 19:00:00,4.9,1.4,17.6,39.6,136
2019-01-07 20:00:00,5.1,1.3,17.2,37.4,116
2019-01-07 21:00:00,5.1,0.9,16.5,37.1,101
2019-01-07 22:00:00,4.9,0.2,12.5,33.5,78
2019-01-07 23:00:00,4.7,0.0,13.2,25.2,26
2019-01-08 00:00:00,5.2,0.3,17.7,35.3,2
2019-01-08 01:00:00,5.6,0.2,20.4,46.4,352
2019-01-08 02:00:00,5.2,0.0,25.4,51.5,344
2019-01-08 03:00:00,5.7,0.0,27.1,57.2,346
2019-01-08 04:00:00,5.9,0.0,28.4,63.4,345
2019-01-08 05:00:00,6.3,0.0,33.8,70.6,346
2019-01-08 06:00:00,6.8,0.0,36.3,74.5,349
2019-01-08 07:00:00,6.8,0.0,36.2,75.2,350
2019-01-08 08:00:00,6.7,0.0,34.3,74.2,350
2019-01-08 09:00:00,6.8,0.0,32.3,70.6,349
2019-01-08 10:00:00,6.6,0.0,31.7,65.9,348
2019-01-08 11:00:00,6.6,0.0,26.2,64.4,351
2019-01-08 12:00:00,6.8,0.0,24.7,64.1,347
2019-01-08 13:00:00,7.0,0.0,25.5,61.9,344
2019-01-08 14:00:00,7.2,0.0,27.9,59.4,343
2019-01-08 15:00:00,6.8,0.0,28.7,58.7,345
2019-01-08 16:00:00,6.3,0.0,26.8,58.0,348
2019-01-08 17:00:00,5.9,0.0,24.1,56.5,350
2019-01-08 18:00:00,5.6,0.0,24.2,60.1,349
2019-01-08 19:00:00,5.5,0.0,24.9,60.8,350
2019-01-08 20:00:00,5.3,0.0,24.9,50.8,350
2019-01-08 21:00:00,5.2,0.0,24.7,50.8,352
2019-01-08 22:00:00,5.1,0.0,24.3,50.4,354
2019-01-08 23:00:00,4.7,0.0,18.8,48.6,3
2019-01-09 00:00:00,4.2,0.0,18.0,47.2,1
2019-01-09 01:00:00,4.1,0.0,18.8,45.7,357
2019-01-09 02:00:00,3.8,0.0,20.5,42.8,358
2019-01-09 03:00:00,3.3,0.0,19.5,39.2,2
2019-01-09 04:00:00,3.0,0.0,18.0,36.7,2
2019-01-09 05:00:00,2.4,0.0,17.6,35.3,360
2019-01-09 06:00:00,2.7,0.0,18.0,36.0,2
2019-01-09 07:00:00,2.3,0.0,16.6,34.6,4
2019-01-09 08:00:00,1.9,0.0,13.8,32.0,7
2019-01-09 09:00:00,1.6,0.0,13.8,28.1,7
2019-01-09 10:00:00,1.4,0.0,13.4,27.4,5
2019-01-09 11:00:00,2.5,0.0,10.9,27.7,17
2019-01-09 12:00:00,3.0,0.0,10.0,27.7,15
2019-01-09 13:00:00,3.4,0.0,10.0,25.9,13
2019-01-09 14:00:00,3.4,0.0,9.3,25.2,13
2019-01-09 15:00:00,3.0,0.0,8.6,23.0,15
2019-01-09 16:00:00,2.8,0.0,7.8,21.2,13
2019-01-09 17:00:00,2.7,0.0,7.3,19.1,11
2019-01-09 18:00:00,2.7,0.0,6.4,16.9,16
2019-01-09 19:00:00,2.9,0.0,4.2,14.8,31
2019-01-09 20:00:00,2.8,0.0,2.6,10.4,56
2019-01-09 21:00:00,2.4,0.0,1.8,7.2,90
2019-01-09 22:00:00,2.2,0.0,1.6,5.8,153
2019-01-09 23:00:00,2.4,0.0,4.3,7.6,138
2019-01-10 00:00:00,2.5,0.0,6.0,10.4,155
2019-01-10 01:00:00,2.5,0.1,8.4,13.7,149
2019-01-10 02:00:00,2.7,0.2,10.6,17.6,152
2019-01-10 03:00:00,2.6,0.3,12.2,21.6,156
2019-01-10 04:00:00,2.8,0.4,13.9,24.8,155
2019-01-10 05:00:00,2.8,0.3,15.3,28.4,150
2019-01-10 06:00:00,2.9,0.2,16.4,31.0,147
2019-01-10 07:00:00,3.1,0.0,16.8,31.7,145
2019-01-10 08:00:00,3.4,0.0,17.3,33.5,144
2019-01-10 09:00:00,3.6,0.0,17.0,32.4,144
2019-01-10 10:00:00,3.8,0.0,16.0,30.2,144
2019-01-10 11:00:00,3.9,0.0,14.3,28.1,139
2019-01-10 12:00:00,4.3,0.0,13.6,27.0,143
2019-01-10 13:00:00,4.6,0.0,12.0,25.9,147
2019-01-10 14:00:00,5.0,0.0,10.5,21.6,149
2019-01-10 15:00:00,5.1,0.0,9.7,17.6,158
2019-01-10 16:00:00,5.4,0.0,8.4,17.3,170
2019-01-10 17:00:00,5.5,0.0,6.7,15.8,196
2019-01-10 18:00:00,5.8,0.0,6.3,15.5,239
2019-01-10 19:00:00,6.3,0.0,8.5,16.6,258
2019-01-10 20:00:00,6.7,0.0,10.1,21.2,270
2019-01-10 21:00:00,7.2,0.0,12.8,25.2,280
2019-01-10 22:00:00,7.7,0.1,16.4,32.8,289
2019-01-10 23:00:00,8.3,0.0,16.1,38.5,310
2019-01-11 00:00:00,8.5,0.0,14.8,40.0,311
2019-01-11 01:00:00,8.2,0.0,14.9,40.0,307
2019-01-11 02:00:00,8.0,0.0,17.1,40.3,311
2019-01-11 03:00:00,7.8,0.0,18.3,40.3,317
2019-01-11 04:00:00,7.6,0.0,18.9,41.0,325
2019-01-11 05:00:00,7.3,0.0,19.7,42.5,332
2019-01-11 06:00:00,6.8,0.0,20.5,45.0,336
2019-01-11 07:00:00,6.5,0.0,20.7,45.7,337
2019-01-11 08:00:00,6.3,0.0,20.7,43.6,337
2019-01-11 09:00:00,5.9,0.0,20.2,42.8,338
2019-01-11 10:00:00,6.1,0.0,20.1,41.8,339
2019-01-11 11:00:00,6.2,0.0,21.1,42.1,337
2019-01-11 12:00:00,5.9,0.0,21.5,42.8,337
2019-01-11 13:00:00,5.7,0.0,22.0,45.0,339
2019-01-11 14:00:00,5.6,0.0,20.6,45.0,341
2019-01-11 15:00:00,5.4,0.0,19.9,44.3,340
2019-01-11 16:00:00,5.2,0.0,17.7,42.5,340
2019-01-11 17:00:00,5.0,0.0,15.8,38.5,339
2019-01-11 18:00:00,5.0,0.0,14.8,34.6,334
2019-01-11 19:00:00,4.7,0.0,13.0,30.2,332
2019-01-11 20:00:00,4.6,0.0,10.6,26.3,332
2019-01-11 21:00:00,3.9,0.0,7.9,20.2,330
2019-01-11 22:00:00,3.2,0.0,8.4,15.5,329
2019-01-11 23:00:00,4.1,0.0,1.8,13.0,191
2019-01-12 00:00:00,2.4,0.0,4.7,8.6,157
2019-01-12 01:00:00,2.8,0.0,7.8,8.3,146
2019-01-12 02:00:00,2.7,0.0,10.3,15.1,144
2019-01-12 03:00:00,2.9,0.0,12.0,20.5,136
2019-01-12 04:00:00,2.8,0.0,14.0,25.2,132
2019-01-12 05:00:00,3.0,0.0,14.3,27.7,133
2019-01-12 06:00:00,2.8,0.2,14.5,28.4,132
2019-01-12 07:00:00,2.6,0.5,16.1,28.8,130
2019-01-12 08:00:00,2.6,0.7,17.4,32.4,128
2019-01-12 09:00:00,2.7,0.7,17.3,32.0,133
2019-01-12 10:00:00,2.8,0.7,17.6,32.0,139
2019-01-12 11:00:00,3.0,0.9,12.8,32.4,128
2019-01-12 12:00:00,3.3,0.5,12.2,31.7,133
2019-01-12 13:00:00,3.6,0.3,10.2,30.6,141
2019-01-12 14:00:00,3.9,0.6,6.4,34.6,142
2019-01-12 15:00:00,3.9,0.5,4.6,24.1,129
2019-01-12 16:00:00,3.7,0.1,3.3,18.4,103
2019-01-12 17:00:00,3.3,0.0,3.6,15.1,96
2019-01-12 18:00:00,3.2,0.0,2.2,13.0,90
2019-01-12 19:00:00,3.2,0.0,0.8,12.2,27
2019-01-12 20:00:00,3.5,0.0,1.9,10.8,22
2019-01-12 21:00:00,3.6,0.0,2.3,10.8,108
2019-01-12 22:00:00,3.9,0.0,2.6,10.4,196
2019-01-12 23:00:00,4.2,0.0,5.2,13.3,205
2019-01-13 00:00:00,4.6,0.1,7.7,15.5,217
2019-01-13 01:00:00,5.0,0.3,9.8,19.1,208
2019-01-13 02:00:00,5.5,0.6,11.8,27.7,211
2019-01-13 03:00:00,5.8,1.0,15.0,31.7,228
2019-01-13 04:00:00,6.0,1.0,15.4,33.5,237
2019-01-13 05:00:00,5.9,1.5,14.5,31.7,240
2019-01-13 06:00:00,6.0,1.5,9.7,39.2,231
2019-01-13 07:00:00,6.6,0.8,6.7,40.7,254
2019-01-13 08:00:00,6.7,2.0,7.6,26.6,295
2019-01-13 09:00:00,6.6,0.3,8.9,20.2,320
2019-01-13 10:00:00,6.2,0.5,13.0,27.7,312
2019-01-13 11:00:00,6.0,0.2,16.1,37.1,333
2019-01-13 12:00:00,5.6,0.0,23.6,52.9,341
2019-01-13 13:00:00,4.9,0.0,33.1,68.4,346
2019-01-13 14:00:00,4.3,0.0,36.5,76.3,345
2019-01-13 15:00:00,3.7,0.0,36.7,78.1,344
2019-01-13 16:00:00,3.2,0.0,34.4,77.8,344
2019-01-13 17:00:00,2.8,0.0,32.8,73.4,343
2019-01-13 18:00:00,2.7,0.0,32.8,70.9,341
2019-01-13 19:00:00,2.5,0.0,35.0,69.1,336
2019-01-13 20:00:00,1.9,0.3,36.3,78.8,331
2019-01-13 21:00:00,1.6,0.0,36.1,73.4,331
2019-01-13 22:00:00,1.2,0.0,35.9,75.2,334
2019-01-13 23:00:00,1.0,0.4,34.3,74.5,339
2019-01-14 00:00:00,1.0,0.2,32.8,82.8,337
2019-01-14 01:00:00,0.6,0.3,34.8,81.4,334
2019-01-14 02:00:00,0.8,0.2,34.8,81.0,333
2019-01-14 03:00:00,0.9,0.3,36.5,80.6,334
2019-01-14 04:00:00,0.7,0.3,34.0,83.9,334
2019-01-14 05:00:00,0.7,0.4,34.8,86.0,336
2019-01-14 06:00:00,1.1,0.2,35.4,83.5,338
2019-01-14 07:00:00,1.5,0.2,34.4,74.9,337
2019-01-14 08:00:00,1.9,0.6,33.8,69.5,335
2019-01-14 09:00:00,2.0,0.4,33.9,67.0,329
2019-01-14 10:00:00,2.2,0.0,34.7,66.2,327
2019-01-14 11:00:00,2.5,0.0,24.8,66.6,320
2019-01-14 12:00:00,2.6,0.0,27.2,66.6,321
2019-01-14 13:00:00,2.9,0.0,29.1,67.0,324
2019-01-14 14:00:00,3.1,0.1,32.1,68.0,325
2019-01-14 15:00:00,2.9,0.0,29.2,63.4,327
2019-01-14 16:00:00,3.0,0.0,26.2,59.8,328
2019-01-14 17:00:00,2.9,0.0,22.0,54.7,328
2019-01-14 18:00:00,2.8,0.0,19.0,46.8,327
2019-01-14 19:00:00,2.8,0.0,16.5,40.3,328
2019-01-14 20:00:00,2.7,0.0,11.8,32.4,333
2019-01-14 21:00:00,2.3,0.0,8.0,26.3,333
2019-01-14 22:00:00,1.8,0.0,7.0,20.2,339
2019-01-14 23:00:00,1.7,0.0,5.1,15.5,356
2019-01-15 00:00:00,2.0,0.0,2.2,12.2,9
2019-01-15 01:00:00,1.6,0.0,2.5,9.0,98
2019-01-15 02:00:00,1.8,0.0,4.2,9.0,149
2019-01-15 03:00:00,1.6,0.2,9.7,15.1,149
2019-01-15 04:00:00,2.0,0.4,14.7,21.6,152
2019-01-15 05:00:00,1.9,0.7,16.3,28.8,155
2019-01-15 06:00:00,1.7,0.7,19.0,34.2,151
2019-01-15 07:00:00,1.6,0.5,23.0,40.0,140
2019-01-15 08:00:00,1.9,0.6,22.7,49.0,144
2019-01-15 09:00:00,2.5,0.3,12.5,47.5,168
2019-01-15 10:00:00,4.0,0.5,7.6,42.1,267
2019-01-15 11:00:00,4.8,0.9,10.1,28.4,272
2019-01-15 12:00:00,6.3,0.2,15.4,46.8,291
2019-01-15 13:00:00,6.6,0.1,21.9,53.6,297
2019-01-15 14:00:00,6.4,0.2,21.1,55.4,300
2019-01-15 15:00:00,6.3,0.2,18.4,55.1,298
2019-01-15 16:00:00,6.0,0.1,16.6,54.7,297
2019-01-15 17:00:00,5.8,0.3,13.5,49.3,295
2019-01-15 18:00:00,5.5,0.1,10.1,43.9,287
2019-01-15 19:00:00,5.2,0.3,11.3,35.6,277
2019-01-15 20:00:00,4.8,0.3,10.4,26.3,268
2019-01-15 21:00:00,5.0,0.0,9.4,21.6,252
2019-01-15 22:00:00,5.3,0.3,6.9,15.8,231
2019-01-15 23:00:00,5.2,0.4,5.2,17.3,192
2019-01-16 00:00:00,5.1,0.4,7.1,17.6,195
2019-01-16 01:00:00,4.9,0.6,9.1,16.9,173
2019-01-16 02:00:00,4.7,0.7,12.9,23.0,167
2019-01-16 03:00:00,4.3,1.0,14.6,28.1,160
2019-01-16 04:00:00,3.6,1.5,18.3,31.3,148
2019-01-16 05:00:00,3.1,2.1,20.7,38.2,141
2019-01-16 06:00:00,3.6,2.0,23.3,49.3,148
2019-01-16 07:00:00,5.1,0.9,19.8,54.0,178
2019-01-16 08:00:00,6.2,0.5,20.0,46.1,206
2019-01-16 09:00:00,7.2,0.2,22.8,46.1,215
2019-01-16 10:00:00,7.4,0.1,23.2,46.8,206
2019-01-16 11:00:00,7.4,0.2,21.5,50.4,203
2019-01-16 12:00:00,7.5,0.7,19.5,56.5,214
2019-01-16 13:00:00,6.6,1.7,16.1,56.5,304
2019-01-16 14:00:00,5.2,0.8,24.1,50.4,343
2019-01-16 15:00:00,4.3,0.4,21.6,58.7,342
2019-01-16 16:00:00,4.3,0.0,21.7,57.2,336
2019-01-16 17:00:00,4.0,0.0,20.5,49.0,342
2019-01-16 18:00:00,3.8,0.0,19.9,43.6,343
2019-01-16 19:00:00,3.6,0.0,19.2,40.7,343
2019-01-16 20:00:00,2.9,0.0,18.3,37.4,345
2019-01-16 21:00:00,2.1,0.0,17.3,35.3,348
2019-01-16 22:00:00,2.0,0.0,16.2,33.8,348
2019-01-16 23:00:00,1.8,0.0,13.4,32.0,352
2019-01-17 00:00:00,1.3,0.0,14.6,29.2,344
2019-01-17 01:00:00,1.3,0.0,14.3,25.6,348
2019-01-17 02:00:00,1.4,0.0,14.8,26.6,346
2019-01-17 03:00:00,1.5,0.0,17.7,29.5,348
2019-01-17 04:00:00,1.4,0.0,17.9,32.0,351
2019-01-17 05:00:00,1.3,0.0,15.9,32.8,354
2019-01-17 06:00:00,1.1,0.0,16.9,32.0,358
2019-01-17 07:00:00,1.0,0.0,18.4,32.8,360
2019-01-17 08:00:00,0.9,0.0,18.4,36.0,3
2019-01-17 09:00:00,1.0,0.0,17.5,35.3,8
2019-01-17 10:00:00,0.6,0.0,17.0,33.5,13
2019-01-17 11:00:00,2.2,0.0,15.6,34.2,19
2019-01-17 12:00:00,3.0,0.0,14.1,37.4,13
2019-01-17 13:00:00,3.5,0.0,14.4,39.2,3
2019-01-17 14:00:00,3.9,0.0,18.8,41.0,355
2019-01-17 15:00:00,3.7,0.0,19.1,41.0,358
2019-01-17 16:00:00,2.9,0.0,18.0,38.5,1
2019-01-17 17:00:00,2.5,0.0,17.6,36.4,360
2019-01-17 18:00:00,2.3,0.0,17.3,37.4,358
2019-01-17 19:00:00,2.2,0.0,17.0,38.9,355
2019-01-17 20:00:00,2.2,0.0,17.0,33.8,354
2019-01-17 21:00:00,1.8,0.0,15.9,33.8,355
2019-01-17 22:00:00,1.7,0.0,14.1,31.7,357
2019-01-17 23:00:00,1.1,0.0,6.9,28.4,9
2019-01-18 00:00:00,0.5,0.0,6.6,26.3,347
2019-01-18 01:00:00,0.1,0.0,6.9,24.1,332
2019-01-18 02:00:00,0.2,0.0,7.6,19.4,315
2019-01-18 03:00:00,0.4,0.2,6.6,17.6,299
2019-01-18 04:00:00,0.8,0.5,8.0,15.8,297
2019-01-18 05:00:00,1.2,0.2,7.6,17.3,301
2019-01-18 06:00:00,1.2,0.0,8.9,19.8,310
2019-01-18 07:00:00,1.4,0.0,8.4,20.9,320
2019-01-18 08:00:00,1.1,0.0,9.2,24.8,321
2019-01-18 09:00:00,0.4,0.0,8.1,23.4,315
2019-01-18 10:00:00,0.7,0.3,8.5,22.3,298
2019-01-18 11:00:00,2.4,0.4,6.4,23.0,313
2019-01-18 12:00:00,2.5,0.4,5.7,22.7,288
2019-01-18 13:00:00,2.8,0.8,8.1,19.8,249
2019-01-18 14:00:00,3.0,1.0,12.9,26.6,240
2019-01-18 15:00:00,3.9,1.0,17.5,35.3,256
2019-01-18 16:00:00,4.2,1.0,18.0,38.9,271
2019-01-18 17:00:00,4.4,0.9,17.6,40.7,281
2019-01-18 18:00:00,4.9,0.5,15.5,42.8,283
2019-01-18 19:00:00,4.8,0.4,14.0,42.1,282
2019-01-18 20:00:00,4.8,0.3,13.1,33.8,279
2019-01-18 21:00:00,4.7,0.2,12.7,25.6,277
2019-01-18 22:00:00,4.2,0.0,11.9,25.2,272
2019-01-18 23:00:00,4.4,0.1,9.9,24.5,260
2019-01-19 00:00:00,4.6,0.0,10.7,24.1,250
2019-01-19 01:00:00,4.4,0.0,10.6,23.0,242
2019-01-19 02:00:00,4.5,0.0,10.0,20.9,232
2019-01-19 03:00:00,3.7,0.0,9.7,20.2,228
2019-01-19 04:00:00,3.4,0.0,8.2,18.4,221
2019-01-19 05:00:00,2.8,0.0,7.7,16.2,229
2019-01-19 06:00:00,3.0,0.0,7.4,16.6,223
2019-01-19 07:00:00,3.0,0.0,7.9,15.1,219
2019-01-19 08:00:00,3.3,0.0,8.2,15.8,195
2019-01-19 09:00:00,3.3,0.0,7.3,14.0,191
2019-01-19 10:00:00,3.5,0.0,7.2,14.4,198
2019-01-19 11:00:00,3.9,0.0,7.0,14.4,235
2019-01-19 12:00:00,4.6,0.1,5.5,13.7,247
2019-01-19 13:00:00,5.0,0.0,4.7,14.8,212
2019-01-19 14:00:00,4.7,0.1,4.5,17.6,194
2019-01-19 15:00:00,4.3,0.2,5.4,15.1,200
2019-01-19 16:00:00,3.5,0.2,5.0,12.2,201
2019-01-19 17:00:00,3.7,0.6,5.7,10.4,198
2019-01-19 18:00:00,2.4,0.0,4.7,7.6,157
2019-01-19 19:00:00,1.4,0.0,5.6,7.2,140
2019-01-19 20:00:00,1.1,0.1,6.4,9.4,128
2019-01-19 21:00:00,1.5,0.0,6.2,9.4,126
2019-01-19 22:00:00,1.1,0.0,4.4,9.4,125
2019-01-19 23:00:00,0.7,0.0,5.2,9.7,115
2019-01-20 00:00:00,0.5,0.0,4.6,9.4,108
2019-01-20 01:00:00,0.6,0.0,4.9,10.4,107
2019-01-20 02:00:00,0.3,0.0,5.4,10.8,110
2019-01-20 03:00:00,-0.0,0.0,6.5,11.9,109
2019-01-20 04:00:00,-0.6,0.0,7.4,13.0,113
2019-01-20 05:00:00,-0.7,0.0,8.9,15.1,117
2019-01-20 06:00:00,-1.4,0.0,9.0,16.2,119
2019-01-20 07:00:00,-1.9,0.0,9.5,17.3,119
2019-01-20 08:00:00,-1.2,0.0,10.6,20.2,118
2019-01-20 09:00:00,-1.8,0.0,11.4,22.0,114
2019-01-20 10:00:00,-1.4,0.0,12.7,24.5,115
2019-01-20 11:00:00,0.2,0.0,13.6,26.6,112
2019-01-20 12:00:00,1.0,0.2,14.7,29.2,118
2019-01-20 13:00:00,1.6,0.3,15.7,29.9,127
2019-01-20 14:00:00,2.2,1.1,15.8,33.5,135
2019-01-20 15:00:00,2.9,0.8,16.4,36.0,142
2019-01-20 16:00:00,3.2,0.4,17.4,37.1,150
2019-01-20 17:00:00,3.5,0.4,18.5,37.8,151
2019-01-20 18:00:00,3.9,0.3,20.0,38.2,157
2019-01-20 19:00:00,4.1,0.5,21.9,43.2,163
2019-01-20 20:00:00,4.0,1.1,21.5,46.8,171
2019-01-20 21:00:00,3.6,1.7,16.2,43.6,180
2019-01-20 22:00:00,3.4,1.9,9.2,40.3,201
2019-01-20 23:00:00,3.2,1.4,4.3,32.8,222
2019-01-21 00:00:00,3.2,0.6,2.5,21.6,262
2019-01-21 01:00:00,3.5,0.2,3.7,30.2,349
2019-01-21 02:00:00,3.6,0.1,9.4,35.3,342
2019-01-21 03:00:00,3.6,0.2,11.6,37.1,338
2019-01-21 04:00:00,3.5,0.4,12.5,40.7,342
2019-01-21 05:00:00,3.4,0.0,11.8,39.6,340
2019-01-21 06:00:00,3.5,0.0,9.9,35.3,341
2019-01-21 07:00:00,3.2,0.0,10.8,32.4,345
2019-01-21 08:00:00,1.9,0.0,9.4,20.9,356
2019-01-21 09:00:00,0.9,0.0,5.5,15.1,23
2019-01-21 10:00:00,0.7,0.0,3.2,12.2,63
2019-01-21 11:00:00,0.8,0.0,2.2,9.4,90
2019-01-21 12:00:00,1.7,0.0,5.0,10.8,120
2019-01-21 13:00:00,2.6,0.0,7.9,14.4,129
2019-01-21 14:00:00,2.6,0.0,9.7,17.6,129
2019-01-21 15:00:00,1.8,0.0,11.0,19.4,128
2019-01-21 16:00:00,0.6,0.0,12.7,21.2,125
2019-01-21 17:00:00,-0.3,0.0,14.0,24.5,119
2019-01-21 18:00:00,-0.8,0.0,14.5,26.3,120
2019-01-21 19:00:00,-1.3,0.0,14.9,27.0,122
2019-01-21 20:00:00,-1.4,0.0,15.5,29.9,121
2019-01-21 21:00:00,-1.2,0.0,16.1,31.3,119
2019-01-21 22:00:00,-1.1,0.0,16.3,32.0,118
2019-01-21 23:00:00,0.1,0.0,16.9,33.1,110
2019-01-22 00:00:00,0.4,0.0,16.9,33.8,114
2019-01-22 01:00:00,1.2,0.0,18.2,36.4,117
2019-01-22 02:00:00,1.6,0.0,19.6,38.9,122
2019-01-22 03:00:00,2.1,0.0,19.9,39.6,125
2019-01-22 04:00:00,2.3,0.0,19.9,39.6,125
2019-01-22 05:00:00,2.5,0.0,20.1,40.3,126
2019-01-22 06:00:00,2.6,0.0,20.3,40.0,123
2019-01-22 07:00:00,2.7,0.0,20.6,40.0,123
2019-01-22 08:00:00,2.9,0.0,20.2,42.5,121
2019-01-22 09:00:00,2.9,0.0,19.0,42.5,119
2019-01-22 10:00:00,3.1,0.0,18.5,41.0,117
2019-01-22 11:00:00,3.8,0.0,18.8,38.5,110
2019-01-22 12:00:00,4.1,0.0,18.8,37.4,110
2019-01-22 13:00:00,4.2,0.0,19.4,36.4,112
2019-01-22 14:00:00,4.4,0.0,19.4,36.4,112
2019-01-22 15:00:00,4.5,0.0,19.3,36.4,111
2019-01-22 16:00:00,3.8,0.0,19.1,36.4,110
2019-01-22 17:00:00,3.8,0.0,18.8,36.0,110
2019-01-22 18:00:00,3.6,0.0,19.5,36.4,109
2019-01-22 19:00:00,3.5,0.0,19.3,36.7,111
2019-01-22 20:00:00,3.5,0.0,17.9,40.7,115
2019-01-22 21:00:00,3.1,0.0,16.9,38.2,119
2019-01-22 22:00:00,2.9,0.0,16.6,36.0,124
2019-01-22 23:00:00,3.2,0.0,13.3,34.2,128
2019-01-23 00:00:00,2.8,0.0,13.4,32.4,126
2019-01-23 01:00:00,2.7,0.0,13.3,31.0,128
2019-01-23 02:00:00,2.7,0.0,12.3,29.2,130
2019-01-23 03:00:00,3.0,0.0,11.7,27.4,133
2019-01-23 04:00:00,3.0,0.0,10.9,25.6,136
2019-01-23 05:00:00,3.0,0.0,10.2,23.8,132
2019-01-23 06:00:00,2.9,0.0,10.0,22.0,128
2019-01-23 07:00:00,3.0,0.0,9.4,20.5,122
2019-01-23 08:00:00,3.1,0.0,9.7,20.5,117
2019-01-23 09:00:00,2.9,0.0,9.8,19.1,114
2019-01-23 10:00:00,2.7,0.0,9.8,19.1,114
2019-01-23 11:00:00,3.3,0.0,7.4,19.4,119
2019-01-23 12:00:00,3.3,0.0,7.6,19.4,135
2019-01-23 13:00:00,3.5,0.0,9.3,19.8,144
2019-01-23 14:00:00,3.5,0.0,10.7,20.9,147
2019-01-23 15:00:00,3.2,0.0,12.2,22.0,146
2019-01-23 16:00:00,2.7,0.0,12.7,22.7,137
2019-01-23 17:00:00,2.4,0.0,12.2,22.7,133
2019-01-23 18:00:00,2.3,0.2,12.8,24.1,128
2019-01-23 19:00:00,2.5,0.5,13.8,26.3,129
2019-01-23 20:00:00,2.3,0.3,14.8,29.9,131
2019-01-23 21:00:00,2.3,0.3,15.3,29.5,135
2019-01-23 22:00:00,2.2,0.2,15.8,32.8,137
2019-01-23 23:00:00,2.3,0.2,12.1,30.2,127
2019-01-24 00:00:00,2.4,0.2,13.0,29.9,129
2019-01-24 01:00:00,2.1,0.2,15.1,30.2,128
2019-01-24 02:00:00,1.9,0.2,16.0,30.6,126
2019-01-24 03:00:00,1.7,0.2,15.2,30.6,126
2019-01-24 04:00:00,1.9,0.2,15.3,30.6,133
2019-01-24 05:00:00,2.3,0.1,15.3,30.6,137
2019-01-24 06:00:00,2.5,0.1,16.1,31.0,140
2019-01-24 07:00:00,2.7,0.0,16.9,31.3,140
2019-01-24 08:00:00,2.7,0.0,17.7,34.6,141
2019-01-24 09:00:00,2.7,0.0,17.9,34.9,146
2019-01-24 10:00:00,3.2,0.0,17.8,34.6,148
2019-01-24 11:00:00,3.5,0.0,15.0,34.9,145
2019-01-24 12:00:00,3.8,0.0,15.0,36.0,145
2019-01-24 13:00:00,4.0,0.0,16.3,34.9,149
2019-01-24 14:00:00,4.1,0.0,16.6,35.3,153
2019-01-24 15:00:00,3.8,0.0,16.1,34.6,153
2019-01-24 16:00:00,3.5,0.0,15.8,33.1,153
2019-01-24 17:00:00,3.2,0.0,16.1,33.8,153
2019-01-24 18:00:00,3.2,0.0,16.6,34.2,153
2019-01-24 19:00:00,3.2,0.0,17.4,34.9,156
2019-01-24 20:00:00,3.1,0.1,18.0,34.9,154
2019-01-24 21:00:00,3.2,0.0,18.8,36.0,154
2019-01-24 22:00:00,3.2,0.0,19.5,37.8,155
2019-01-24 23:00:00,3.3,0.0,17.7,39.6,142
2019-01-25 00:00:00,3.1,0.0,19.0,41.0,147
2019-01-25 01:00:00,3.1,0.0,20.4,41.4,144
2019-01-25 02:00:00,3.1,0.0,20.9,42.1,148
2019-01-25 03:00:00,3.1,0.0,21.4,42.5,147
2019-01-25 04:00:00,3.3,0.0,21.6,43.2,147
2019-01-25 05:00:00,3.3,0.0,23.2,43.9,147
2019-01-25 06:00:00,3.4,0.0,23.4,44.6,149
2019-01-25 07:00:00,3.4,0.0,24.3,45.4,148
2019-01-25 08:00:00,3.6,0.0,24.7,50.0,143
2019-01-25 09:00:00,3.9,0.0,25.1,51.5,142
2019-01-25 10:00:00,3.9,0.1,26.6,54.0,140
2019-01-25 11:00:00,3.9,0.1,26.2,56.5,136
2019-01-25 12:00:00,4.0,0.1,26.2,57.2,137
2019-01-25 13:00:00,3.7,0.2,27.2,57.6,136
2019-01-25 14:00:00,3.6,0.3,26.5,58.7,134
2019-01-25 15:00:00,3.2,0.5,25.7,58.3,134
2019-01-25 16:00:00,2.8,0.8,25.2,56.5,132
2019-01-25 17:00:00,2.2,0.8,25.2,53.3,136
2019-01-25 18:00:00,1.9,0.9,24.7,52.2,134
2019-01-25 19:00:00,1.9,0.5,25.2,55.1,133
2019-01-25 20:00:00,2.0,0.3,25.3,51.5,130
2019-01-25 21:00:00,1.9,0.4,24.6,55.1,128
2019-01-25 22:00:00,1.9,0.5,23.4,50.8,127
2019-01-25 23:00:00,1.7,0.6,15.5,47.9,121
2019-01-26 00:00:00,1.6,0.4,14.9,46.1,127
2019-01-26 01:00:00,1.4,0.4,15.1,44.6,118
2019-01-26 02:00:00,1.3,0.3,14.5,41.4,113
2019-01-26 03:00:00,1.4,0.2,14.7,37.1,115
2019-01-26 04:00:00,1.3,0.1,15.1,34.9,118
2019-01-26 05:00:00,1.4,0.0,16.1,32.8,119
2019-01-26 06:00:00,1.5,0.0,16.2,32.8,122
2019-01-26 07:00:00,1.6,0.0,17.1,33.5,125
2019-01-26 08:00:00,1.7,0.0,16.8,35.3,125
2019-01-26 09:00:00,1.6,0.0,16.4,34.2,130
2019-01-26 10:00:00,1.8,0.0,17.1,34.6,131
2019-01-26 11:00:00,2.4,0.0,15.2,35.3,126
2019-01-26 12:00:00,2.7,0.0,14.5,34.9,125
2019-01-26 13:00:00,2.9,0.0,15.6,32.8,130
2019-01-26 14:00:00,3.1,0.0,17.4,31.3,130
2019-01-26 15:00:00,2.9,0.0,15.4,30.6,127
2019-01-26 16:00:00,2.5,0.0,14.1,29.5,122
2019-01-26 17:00:00,2.4,0.0,14.3,29.2,115
2019-01-26 18:00:00,2.1,0.0,14.5,28.1,104
2019-01-26 19:00:00,1.8,0.0,14.2,29.2,97
2019-01-26 20:00:00,1.5,0.2,13.8,31.0,99
2019-01-26 21:00:00,1.3,0.2,14.7,29.9,101
2019-01-26 22:00:00,1.3,0.2,16.3,31.0,96
2019-01-26 23:00:00,0.8,0.1,16.3,32.0,84
2019-01-27 00:00:00,0.6,0.1,17.7,32.8,84
2019-01-27 01:00:00,0.4,0.2,17.7,34.2,88
2019-01-27 02:00:00,0.5,0.2,16.8,35.6,80
2019-01-27 03:00:00,0.6,0.3,18.3,36.0,70
2019-01-27 04:00:00,0.6,0.4,18.4,35.6,64
2019-01-27 05:00:00,0.7,0.4,18.1,35.3,67
2019-01-27 06:00:00,0.8,0.4,15.8,34.2,69
2019-01-27 07:00:00,1.0,0.4,14.2,32.0,69
2019-01-27 08:00:00,0.9,0.6,13.6,31.0,68
2019-01-27 09:00:00,0.9,0.3,13.1,29.9,69
2019-01-27 10:00:00,1.0,0.1,12.2,26.3,71
2019-01-27 11:00:00,1.4,0.0,7.9,24.8,47
2019-01-27 12:00:00,1.8,0.0,9.4,24.5,43
2019-01-27 13:00:00,1.9,0.0,8.7,24.1,60
2019-01-27 14:00:00,1.8,0.0,7.5,23.0,73
2019-01-27 15:00:00,1.5,0.0,7.1,21.2,75
2019-01-27 16:00:00,1.1,0.0,7.0,19.8,78
2019-01-27 17:00:00,0.6,0.0,7.2,19.4,84
2019-01-27 18:00:00,0.4,0.0,7.2,19.4,84
2019-01-27 19:00:00,0.2,0.0,6.2,18.7,80
2019-01-27 20:00:00,-0.2,0.0,6.5,14.8,84
2019-01-27 21:00:00,-0.2,0.0,6.8,14.8,87
2019-01-27 22:00:00,-0.3,0.0,6.2,14.8,80
2019-01-27 23:00:00,-0.0,0.0,4.3,13.3,48
2019-01-28 00:00:00,-0.2,0.0,5.6,13.0,45
2019-01-28 01:00:00,-0.2,0.0,6.0,14.0,57
2019-01-28 02:00:00,-0.7,0.0,5.5,14.0,58
2019-01-28 03:00:00,-0.8,0.0,4.7,13.7,58
2019-01-28 04:00:00,-1.3,0.0,5.2,12.6,56
2019-01-28 05:00:00,-2.0,0.0,5.9,13.3,52
2019-01-28 06:00:00,-2.7,0.0,5.9,13.7,52
2019-01-28 07:00:00,-3.1,0.0,5.9,14.0,52
2019-01-28 08:00:00,-3.1,0.0,5.7,14.8,55
2019-01-28 09:00:00,-3.7,0.0,5.2,13.7,56
2019-01-28 10:00:00,-3.7,0.0,6.3,14.8,59
2019-01-28 11:00:00,-2.8,0.0,5.5,15.5,67
2019-01-28 12:00:00,-1.2,0.0,4.1,14.4,75
2019-01-28 13:00:00,0.1,0.0,3.0,13.0,76
2019-01-28 14:00:00,0.6,0.0,2.6,12.6,56
2019-01-28 15:00:00,0.1,0.0,3.1,12.2,54
2019-01-28 16:00:00,-0.6,0.0,3.6,13.0,53
2019-01-28 17:00:00,-1.3,0.0,3.7,14.0,61
2019-01-28 18:00:00,-1.3,0.0,4.7,14.8,86
2019-01-28 19:00:00,-1.7,0.0,5.5,15.5,101
2019-01-28 20:00:00,-2.0,0.0,6.6,16.9,112
2019-01-28 21:00:00,-1.8,0.0,6.8,16.6,122
2019-01-28 22:00:00,-1.7,0.2,7.2,17.3,127
2019-01-28 23:00:00,-0.5,0.1,9.4,18.4,137
2019-01-29 00:00:00,-0.6,0.0,10.0,19.4,139
2019-01-29 01:00:00,-0.2,0.0,11.0,21.2,139
2019-01-29 02:00:00,-0.0,0.0,11.2,22.0,138
2019-01-29 03:00:00,-0.1,0.0,12.7,23.8,137
2019-01-29 04:00:00,-0.0,0.0,14.0,24.5,136
2019-01-29 05:00:00,0.0,0.0,16.3,27.4,133
2019-01-29 06:00:00,0.4,0.0,17.3,32.4,133
2019-01-29 07:00:00,0.8,0.0,18.3,33.8,133
2019-01-29 08:00:00,1.0,0.0,18.7,36.7,130
2019-01-29 09:00:00,1.1,0.0,19.2,37.8,128
2019-01-29 10:00:00,1.2,0.0,19.5,38.2,128
2019-01-29 11:00:00,2.1,0.1,20.7,38.9,130
2019-01-29 12:00:00,2.5,0.6,20.4,38.9,136
2019-01-29 13:00:00,2.6,0.3,19.9,38.9,139
2019-01-29 14:00:00,3.0,0.2,19.7,39.2,142
2019-01-29 15:00:00,3.1,0.4,20.3,40.0,143
2019-01-29 16:00:00,3.5,0.4,20.3,40.7,147
2019-01-29 17:00:00,3.2,0.5,19.8,40.3,147
2019-01-29 18:00:00,3.4,0.6,19.5,38.9,146
2019-01-29 19:00:00,3.4,0.4,18.7,39.6,142
2019-01-29 20:00:00,3.4,0.1,18.1,38.2,137
2019-01-29 21:00:00,3.6,0.0,17.1,37.1,131
2019-01-29 22:00:00,3.5,0.0,16.5,34.2,126
2019-01-29 23:00:00,2.8,0.0,14.7,32.8,112
2019-01-30 00:00:00,2.6,0.0,15.4,34.9,111
2019-01-30 01:00:00,2.8,0.1,18.0,38.5,110
2019-01-30 02:00:00,2.9,0.3,20.0,45.0,118
2019-01-30 03:00:00,3.2,0.2,21.7,48.2,126
2019-01-30 04:00:00,3.8,0.0,23.1,48.6,127
2019-01-30 05:00:00,3.8,0.0,24.8,46.8,131
2019-01-30 06:00:00,3.7,0.0,25.0,46.8,133
2019-01-30 07:00:00,3.6,0.0,24.7,47.9,133
2019-01-30 08:00:00,3.5,0.0,24.2,51.1,133
2019-01-30 09:00:00,3.5,0.0,23.7,50.0,134
2019-01-30 10:00:00,3.5,0.0,23.7,49.0,136
2019-01-30 11:00:00,5.5,0.0,18.9,49.3,132
2019-01-30 12:00:00,5.8,0.0,18.5,48.6,127
2019-01-30 13:00:00,5.9,0.0,20.9,47.2,134
2019-01-30 14:00:00,5.7,0.0,21.9,44.6,138
2019-01-30 15:00:00,5.1,0.0,22.9,42.5,138
2019-01-30 16:00:00,4.7,0.0,23.7,41.4,137
2019-01-30 17:00:00,4.1,0.0,23.9,41.0,136
2019-01-30 18:00:00,3.9,0.0,23.7,41.0,137
2019-01-30 19:00:00,3.7,0.0,23.7,41.0,138
2019-01-30 20:00:00,3.5,0.0,22.7,47.9,138
2019-01-30 21:00:00,3.4,0.0,21.7,47.5,137
2019-01-30 22:00:00,3.2,0.0,20.4,45.4,135
2019-01-30 23:00:00,3.8,0.0,17.3,42.1,126
2019-01-31 00:00:00,3.5,0.0,17.1,38.5,125
2019-01-31 01:00:00,3.3,0.0,17.1,36.0,125
2019-01-31 02:00:00,3.1,0.0,16.6,33.8,124
2019-01-31 03:00:00,2.8,0.0,16.3,32.4,125
2019-01-31 04:00:00,2.5,0.0,15.8,31.3,125
2019-01-31 05:00:00,2.6,0.0,15.1,30.6,123
2019-01-31 06:00:00,2.3,0.0,13.7,29.2,120
2019-01-31 07:00:00,2.4,0.0,12.9,27.0,117
2019-01-31 08:00:00,2.2,0.0,12.1,27.7,113
2019-01-31 09:00:00,1.9,0.0,11.7,25.2,108
2019-01-31 10:00:00,1.9,0.0,11.5,23.8,104
2019-01-31 11:00:00,2.7,0.0,10.8,24.8,94
2019-01-31 12:00:00,3.2,0.0,11.5,25.2,94
2019-01-31 13:00:00,3.6,0.0,11.9,26.3,95
2019-01-31 14:00:00,3.6,0.0,12.3,26.3,87
2019-01-31 15:00:00,3.4,0.0,12.8,26.6,79
2019-01-31 16:00:00,2.8,0.0,13.1,27.0,81
2019-01-31 17:00:00,2.6,0.0,13.4,28.1,84
2019-01-31 18:00:00,2.3,0.0,13.8,30.6,83
2019-01-31 19:00:00,2.2,0.0,14.1,33.1,86
2019-01-31 20:00:00,2.1,0.0,14.4,30.6,87
2019-01-31 21:00:00,2.0,0.0,15.5,31.0,89
2019-01-31 22:00:00,2.0,0.0,15.8,32.4,90
2019-01-31 23:00:00,1.8,0.0,14.4,32.8,89
2019-02-01 00:00:00,1.8,0.0,14.0,32.8,89
2019-02-01 01:00:00,1.6,0.0,15.5,32.0,87
2019-02-01 02:00:00,1.7,0.0,15.9,31.7,87
2019-02-01 03:00:00,1.7,0.0,16.6,30.2,90
2019-02-01 04:00:00,1.5,0.0,16.6,30.6,95
2019-02-01 05:00:00,1.4,0.0,15.7,31.7,101
2019-02-01 06:00:00,1.4,0.0,14.1,31.3,103
2019-02-01 07:00:00,1.5,0.0,13.4,31.0,104
2019-02-01 08:00:00,1.4,0.0,12.7,30.2,105
2019-02-01 09:00:00,1.2,0.0,12.2,27.4,104
2019-02-01 10:00:00,1.3,0.0,11.8,26.6,102
2019-02-01 11:00:00,2.4,0.0,9.8,26.3,96
2019-02-01 12:00:00,3.1,0.0,10.5,24.8,94
2019-02-01 13:00:00,3.5,0.0,10.4,23.0,92
2019-02-01 14:00:00,3.7,0.0,9.4,21.2,88
2019-02-01 15:00:00,3.3,0.0,8.3,20.2,85
2019-02-01 16:00:00,2.6,0.0,8.3,19.4,85
2019-02-01 17:00:00,1.9,0.0,8.5,19.4,78
2019-02-01 18:00:00,1.5,0.0,8.7,19.8,73
2019-02-01 19:00:00,1.5,0.0,9.1,19.1,72
2019-02-01 20:00:00,1.4,0.0,9.1,20.2,72
2019-02-01 21:00:00,1.2,0.0,9.8,19.1,73
2019-02-01 22:00:00,1.1,0.0,10.0,19.1,75
2019-02-01 23:00:00,1.6,0.0,10.3,19.4,78
2019-02-02 00:00:00,1.7,0.0,8.3,18.4,85
2019-02-02 01:00:00,1.8,0.0,7.6,17.3,87
2019-02-02 02:00:00,1.7,0.0,8.3,17.6,85
2019-02-02 03:00:00,1.8,0.0,8.3,17.6,85
2019-02-02 04:00:00,1.0,0.0,7.2,17.6,87
2019-02-02 05:00:00,0.1,0.0,6.9,16.9,84
2019-02-02 06:00:00,-0.1,0.0,6.8,16.2,87
2019-02-02 07:00:00,-0.6,0.0,6.8,16.2,93
2019-02-02 08:00:00,-0.8,0.0,6.5,15.5,93
2019-02-02 09:00:00,-1.1,0.0,6.1,13.3,93
2019-02-02 10:00:00,-0.4,0.0,6.9,14.4,99
2019-02-02 11:00:00,0.9,0.0,6.5,15.5,90
2019-02-02 12:00:00,1.6,0.0,6.5,15.8,90
2019-02-02 13:00:00,2.1,0.0,6.6,15.5,103
2019-02-02 14:00:00,2.3,0.0,7.9,15.1,114
2019-02-02 15:00:00,2.1,0.0,7.9,14.4,114
2019-02-02 16:00:00,1.3,0.0,7.4,13.7,113
2019-02-02 17:00:00,0.1,0.0,6.4,13.3,117
2019-02-02 18:00:00,-1.0,0.0,7.1,14.8,114
2019-02-02 19:00:00,-1.5,0.0,8.6,15.8,112
2019-02-02 20:00:00,-1.8,0.0,9.3,18.7,118
2019-02-02 21:00:00,-1.8,0.0,9.5,18.0,119
2019-02-02 22:00:00,-1.9,0.0,9.5,19.1,119
2019-02-02 23:00:00,-1.8,0.0,9.5,19.4,115
2019-02-03 00:00:00,-1.9,0.0,9.8,20.2,114
2019-02-03 01:00:00,-1.6,0.0,9.7,21.2,117
2019-02-03 02:00:00,-1.5,0.0,9.7,21.6,121
2019-02-03 03:00:00,-1.9,0.0,10.0,22.0,120
2019-02-03 04:00:00,-1.2,0.0,10.5,22.3,121
2019-02-03 05:00:00,-1.1,0.0,9.9,21.6,123
2019-02-03 06:00:00,-0.5,0.0,9.8,21.2,126
2019-02-03 07:00:00,-0.9,0.0,9.2,19.8,129
2019-02-03 08:00:00,-0.9,0.0,8.0,20.2,126
2019-02-03 09:00:00,-0.3,0.0,7.5,17.6,125
2019-02-03 10:00:00,0.2,0.0,6.6,15.8,119
2019-02-03 11:00:00,1.5,0.0,6.8,15.1,122
2019-02-03 12:00:00,2.6,0.0,5.4,14.8,138
2019-02-03 13:00:00,3.0,0.0,5.6,16.9,140
2019-02-03 14:00:00,3.2,0.0,6.4,17.6,137
2019-02-03 15:00:00,2.8,0.0,7.4,18.0,129
2019-02-03 16:00:00,1.7,0.0,8.9,18.0,130
2019-02-03 17:00:00,0.6,0.0,10.7,20.9,132
2019-02-03 18:00:00,0.1,0.0,13.2,24.1,125
2019-02-03 19:00:00,-0.2,0.0,15.4,26.6,123
2019-02-03 20:00:00,-0.3,0.0,16.9,31.7,124
2019-02-03 21:00:00,-0.2,0.0,18.0,33.8,123
2019-02-03 22:00:00,-0.3,0.0,18.5,36.4,123
2019-02-03 23:00:00,1.6,0.1,19.6,38.9,116
2019-02-04 00:00:00,2.2,0.3,22.3,41.4,121
2019-02-04 01:00:00,2.8,1.1,24.0,46.1,126
2019-02-04 02:00:00,3.1,1.0,24.5,52.9,130
2019-02-04 03:00:00,3.2,0.7,23.9,51.1,134
2019-02-04 04:00:00,3.3,0.9,22.1,48.6,134
2019-02-04 05:00:00,3.3,0.7,20.4,46.8,135
2019-02-04 06:00:00,3.4,0.4,20.1,46.1,134
2019-02-04 07:00:00,3.5,0.2,18.4,46.1,130
2019-02-04 08:00:00,3.5,0.2,17.2,37.4,123
2019-02-04 09:00:00,3.4,0.1,16.6,34.9,117
2019-02-04 10:00:00,3.4,0.0,15.5,33.1,112
2019-02-04 11:00:00,3.5,0.2,14.5,31.0,109
2019-02-04 12:00:00,3.8,0.2,13.0,29.5,104
2019-02-04 13:00:00,3.8,0.3,12.3,27.7,97
2019-02-04 14:00:00,3.7,0.5,11.9,26.3,92
2019-02-04 15:00:00,3.7,0.6,13.0,26.6,88
2019-02-04 16:00:00,3.6,0.5,12.7,30.6,83
2019-02-04 17:00:00,3.5,0.7,12.1,29.9,73
2019-02-04 18:00:00,3.4,0.8,11.4,23.8,62
2019-02-04 19:00:00,3.4,0.8,11.0,23.0,49
2019-02-04 20:00:00,3.1,0.7,10.2,22.3,39
2019-02-04 21:00:00,3.1,0.8,9.2,19.4,31
2019-02-04 22:00:00,2.8,0.4,7.5,16.9,17
2019-02-04 23:00:00,2.4,0.2,5.8,14.0,7
2019-02-05 00:00:00,2.0,0.0,7.3,15.1,349
2019-02-05 01:00:00,1.8,0.0,8.9,17.3,339
2019-02-05 02:00:00,2.1,0.0,9.1,18.7,342
2019-02-05 03:00:00,-0.3,0.0,11.3,19.8,351
2019-02-05 04:00:00,-0.3,0.0,10.5,19.8,354
2019-02-05 05:00:00,0.6,0.0,9.7,17.3,356
2019-02-05 06:00:00,-1.3,0.0,9.0,13.7,2
2019-02-05 07:00:00,-3.1,0.0,7.6,11.9,8
2019-02-05 08:00:00,-3.5,0.0,5.0,16.9,21
2019-02-05 09:00:00,-4.1,0.0,3.3,14.8,13
2019-02-05 10:00:00,-3.3,0.0,3.0,12.2,14
2019-02-05 11:00:00,2.5,0.0,3.1,13.0,36
2019-02-05 12:00:00,4.1,0.0,2.4,13.7,27
2019-02-05 13:00:00,4.7,0.0,3.3,13.7,49
2019-02-05 14:00:00,5.0,0.0,4.0,13.3,95
2019-02-05 15:00:00,4.7,0.0,5.0,13.0,111
2019-02-05 16:00:00,3.4,0.0,7.0,15.5,111
2019-02-05 17:00:00,1.8,0.0,7.8,18.7,124
2019-02-05 18:00:00,0.8,0.0,8.9,19.8,122
2019-02-05 19:00:00,0.2,0.0,10.8,20.9,116
2019-02-05 20:00:00,-0.1,0.0,12.1,23.4,113
2019-02-05 21:00:00,-0.1,0.0,12.6,24.1,114
2019-02-05 22:00:00,-0.9,0.0,12.7,24.8,115
2019-02-05 23:00:00,0.2,0.0,14.7,26.3,115
2019-02-06 00:00:00,-0.1,0.0,14.7,27.0,115
2019-02-06 01:00:00,0.0,0.0,15.3,28.1,114
2019-02-06 02:00:00,-0.0,0.0,15.8,30.2,114
2019-02-06 03:00:00,0.2,0.0,17.4,32.4,114
2019-02-06 04:00:00,0.9,0.0,18.4,35.6,116
2019-02-06 05:00:00,1.9,0.0,19.2,38.5,113
2019-02-06 06:00:00,2.4,0.0,18.7,39.6,113
2019-02-06 07:00:00,2.4,0.8,19.2,38.9,113
2019-02-06 08:00:00,2.1,0.6,19.7,40.7,118
2019-02-06 09:00:00,2.0,0.7,21.0,53.6,121
2019-02-06 10:00:00,2.6,0.9,20.7,55.1,129
2019-02-06 11:00:00,3.5,0.4,18.6,43.6,131
2019-02-06 12:00:00,3.9,0.4,22.1,45.7,143
2019-02-06 13:00:00,4.5,0.4,23.6,48.6,159
2019-02-06 14:00:00,4.8,0.7,20.5,49.0,162
2019-02-06 15:00:00,5.1,0.5,15.5,47.5,168
2019-02-06 16:00:00,5.1,0.4,14.0,43.9,168
2019-02-06 17:00:00,4.8,0.5,14.3,35.6,168
2019-02-06 18:00:00,4.6,0.4,14.6,31.0,171
2019-02-06 19:00:00,4.6,0.4,15.2,30.6,176
2019-02-06 20:00:00,4.5,2.4,15.5,35.3,180
2019-02-06 21:00:00,4.8,1.9,15.2,35.3,176
2019-02-06 22:00:00,4.9,2.0,17.0,34.2,175
2019-02-06 23:00:00,4.5,1.2,15.5,35.3,168
2019-02-07 00:00:00,5.1,0.7,15.3,34.9,153
2019-02-07 01:00:00,5.0,0.8,16.4,33.8,154
2019-02-07 02:00:00,5.0,0.6,17.1,33.5,158
2019-02-07 03:00:00,4.8,0.3,17.5,35.3,148
2019-02-07 04:00:00,5.0,0.4,18.2,37.8,150
2019-02-07 05:00:00,5.4,0.3,19.4,41.8,149
2019-02-07 06:00:00,5.6,0.1,18.8,42.1,144
2019-02-07 07:00:00,5.9,0.0,18.9,42.1,145
2019-02-07 08:00:00,6.0,0.2,18.2,38.9,142
2019-02-07 09:00:00,6.2,0.0,16.6,37.8,138
2019-02-07 10:00:00,6.0,0.0,15.5,34.6,138
2019-02-07 11:00:00,5.9,0.0,12.9,32.4,117
2019-02-07 12:00:00,6.1,0.0,11.0,25.6,101
2019-02-07 13:00:00,6.4,0.0,9.0,19.4,88
2019-02-07 14:00:00,6.3,0.0,7.4,15.8,67
2019-02-07 15:00:00,6.1,0.0,7.7,15.1,41
2019-02-07 16:00:00,5.7,0.0,7.5,15.8,35
2019-02-07 17:00:00,5.2,0.0,6.5,14.8,34
2019-02-07 18:00:00,4.6,0.2,10.4,14.4,20
2019-02-07 19:00:00,4.4,0.4,13.7,18.0,14
2019-02-07 20:00:00,4.4,0.4,13.3,26.3,13
2019-02-07 21:00:00,4.1,0.4,11.4,24.8,18
2019-02-07 22:00:00,4.1,0.3,8.6,20.5,33
2019-02-07 23:00:00,3.7,0.2,5.4,15.1,42
2019-02-08 00:00:00,3.4,0.0,3.3,10.1,96
2019-02-08 01:00:00,3.0,0.1,3.5,6.1,156
2019-02-08 02:00:00,2.9,0.2,4.8,7.6,207
2019-02-08 03:00:00,3.1,0.2,6.4,11.9,218
2019-02-08 04:00:00,3.4,0.3,7.2,14.4,217
2019-02-08 05:00:00,3.7,0.3,8.4,17.3,211
2019-02-08 06:00:00,4.1,0.3,9.8,21.2,197
2019-02-08 07:00:00,4.4,0.2,11.6,26.3,185
2019-02-08 08:00:00,4.4,0.5,12.4,25.9,170
2019-02-08 09:00:00,4.6,0.2,14.0,28.1,151
2019-02-08 10:00:00,4.7,0.2,15.8,32.0,145
2019-02-08 11:00:00,5.2,0.1,17.4,36.0,140
2019-02-08 12:00:00,5.3,0.0,18.4,38.9,132
2019-02-08 13:00:00,5.6,0.0,20.2,41.0,131
2019-02-08 14:00:00,5.7,0.0,22.2,43.6,130
2019-02-08 15:00:00,5.9,0.0,23.3,44.6,122
2019-02-08 16:00:00,6.1,0.0,22.6,44.6,112
2019-02-08 17:00:00,6.0,0.2,22.7,46.1,113
2019-02-08 18:00:00,5.8,0.4,23.2,49.3,116
2019-02-08 19:00:00,5.6,0.7,24.2,50.8,115
2019-02-08 20:00:00,5.5,0.9,24.0,51.1,116
2019-02-08 21:00:00,5.7,1.5,24.1,52.2,122
2019-02-08 22:00:00,5.9,1.8,25.1,52.6,128
2019-02-08 23:00:00,5.8,2.4,22.4,55.1,123
2019-02-09 00:00:00,6.1,2.0,22.3,54.7,129
2019-02-09 01:00:00,6.8,0.5,23.0,53.3,131
2019-02-09 02:00:00,7.3,0.6,24.2,52.6,134
2019-02-09 03:00:00,7.6,0.7,25.1,52.9,141
2019-02-09 04:00:00,7.9,0.6,25.5,53.3,147
2019-02-09 05:00:00,8.0,0.6,26.1,53.6,150
2019-02-09 06:00:00,7.9,2.1,25.1,55.1,151
2019-02-09 07:00:00,7.8,1.3,24.3,54.0,151
2019-02-09 08:00:00,7.4,0.9,22.8,53.3,149
2019-02-09 09:00:00,7.3,0.4,21.7,48.2,144
2019-02-09 10:00:00,7.3,0.2,21.5,46.8,142
2019-02-09 11:00:00,7.4,0.4,20.2,47.5,149
2019-02-09 12:00:00,7.6,0.3,18.6,49.3,139
2019-02-09 13:00:00,7.7,0.0,17.6,47.9,134
2019-02-09 14:00:00,8.2,0.0,15.0,43.2,134
2019-02-09 15:00:00,8.2,0.0,11.3,39.2,117
2019-02-09 16:00:00,7.8,0.0,6.9,32.0,96
2019-02-09 17:00:00,6.5,0.0,6.2,21.2,80
2019-02-09 18:00:00,5.4,0.0,7.1,17.6,75
2019-02-09 19:00:00,4.3,0.0,7.2,18.0,84
2019-02-09 20:00:00,4.2,0.0,8.3,16.9,92
2019-02-09 21:00:00,4.1,0.0,8.9,17.6,104
2019-02-09 22:00:00,3.7,0.0,10.2,18.7,113
2019-02-09 23:00:00,4.6,0.0,14.4,22.7,122
2019-02-10 00:00:00,4.3,0.0,15.0,23.4,111
2019-02-10 01:00:00,4.2,0.2,15.1,24.5,102
2019-02-10 02:00:00,3.9,0.6,14.7,24.5,101
2019-02-10 03:00:00,3.7,0.4,14.1,27.0,96
2019-02-10 04:00:00,3.6,0.8,13.8,27.4,83
2019-02-10 05:00:00,3.5,1.0,13.5,27.0,61
2019-02-10 06:00:00,3.6,1.0,14.1,25.9,38
2019-02-10 07:00:00,3.6,0.6,12.6,23.4,20
2019-02-10 08:00:00,3.5,1.2,11.2,24.5,358
2019-02-10 09:00:00,3.3,0.7,10.2,21.2,342
2019-02-10 10:00:00,4.0,0.2,9.3,19.8,332
2019-02-10 11:00:00,5.5,0.0,10.0,18.7,345
2019-02-10 12:00:00,5.8,0.0,8.8,19.1,341
2019-02-10 13:00:00,6.3,0.0,9.0,18.4,344
2019-02-10 14:00:00,6.1,0.0,9.7,21.6,345
2019-02-10 15:00:00,6.2,0.0,12.0,23.8,344
2019-02-10 16:00:00,5.5,0.0,15.1,25.6,348
2019-02-10 17:00:00,4.7,0.0,17.9,28.4,350
2019-02-10 18:00:00,4.3,0.0,20.8,33.8,351
2019-02-10 19:00:00,4.0,0.0,23.0,38.9,350
2019-02-10 20:00:00,3.5,0.0,24.5,47.2,350
2019-02-10 21:00:00,3.4,0.0,26.1,50.4,349
2019-02-10 22:00:00,3.5,0.0,27.2,53.3,349
2019-02-10 23:00:00,4.0,0.0,22.4,54.4,355
2019-02-11 00:00:00,3.9,0.0,22.3,54.7,351
2019-02-11 01:00:00,3.8,0.0,24.6,54.4,348
2019-02-11 02:00:00,3.5,0.0,26.6,55.4,351
2019-02-11 03:00:00,3.7,0.0,26.6,56.2,351
2019-02-11 04:00:00,3.7,0.0,24.8,55.8,351
2019-02-11 05:00:00,3.6,0.0,23.8,52.6,350
2019-02-11 06:00:00,3.5,0.0,22.3,49.3,350
2019-02-11 07:00:00,3.2,0.0,20.3,44.6,348
2019-02-11 08:00:00,3.1,0.0,18.6,40.0,345
2019-02-11 09:00:00,2.7,0.0,17.0,37.8,343
2019-02-11 10:00:00,3.5,0.3,16.9,34.6,336
2019-02-11 11:00:00,3.9,0.3,16.1,37.1,326
2019-02-11 12:00:00,4.3,0.2,19.2,45.7,322
2019-02-11 13:00:00,4.3,0.0,23.1,54.0,321
2019-02-11 14:00:00,4.1,0.1,23.7,56.2,324
2019-02-11 15:00:00,3.5,0.7,27.7,57.2,325
2019-02-11 16:00:00,3.3,0.2,25.2,56.5,329
2019-02-11 17:00:00,3.4,0.1,23.8,51.8,335
2019-02-11 18:00:00,3.0,0.0,21.3,46.4,341
2019-02-11 19:00:00,2.8,0.0,18.8,40.0,343
2019-02-11 20:00:00,2.6,0.0,16.9,38.2,340
2019-02-11 21:00:00,2.7,0.0,15.9,36.0,342
2019-02-11 22:00:00,2.8,0.0,14.6,32.4,344
2019-02-11 23:00:00,2.4,0.0,7.9,28.4,357
2019-02-12 00:00:00,2.3,0.0,6.2,23.8,7
2019-02-12 01:00:00,2.3,0.0,2.4,18.7,27
2019-02-12 02:00:00,2.3,0.0,1.1,13.3,108
2019-02-12 03:00:00,2.0,0.0,4.2,9.7,149
2019-02-12 04:00:00,2.5,0.0,6.8,10.4,162
2019-02-12 05:00:00,2.7,0.1,9.4,15.5,176
2019-02-12 06:00:00,2.7,0.0,11.3,20.5,171
2019-02-12 07:00:00,2.9,0.1,14.4,24.8,167
2019-02-12 08:00:00,3.2,0.3,17.2,35.3,164
2019-02-12 09:00:00,3.2,0.5,19.6,40.3,163
2019-02-12 10:00:00,3.6,0.6,22.4,45.0,165
2019-02-12 11:00:00,3.5,0.8,23.7,49.7,156
2019-02-12 12:00:00,3.5,1.1,25.8,50.8,153
2019-02-12 13:00:00,3.4,1.3,26.9,51.8,152
2019-02-12 14:00:00,4.0,1.3,27.2,53.3,154
2019-02-12 15:00:00,4.7,1.2,25.4,53.3,155
2019-02-12 16:00:00,5.0,1.1,24.2,49.7,157
2019-02-12 17:00:00,5.5,0.8,22.9,43.6,164
2019-02-12 18:00:00,6.1,0.6,22.0,42.1,170
2019-02-12 19:00:00,6.8,2.2,20.6,53.6,184
2019-02-12 20:00:00,7.7,0.8,18.0,43.6,196
2019-02-12 21:00:00,8.4,0.7,20.0,45.0,214
2019-02-12 22:00:00,9.2,0.4,24.5,57.2,229
2019-02-12 23:00:00,9.0,0.4,28.9,74.2,253
2019-02-13 00:00:00,8.7,0.9,28.5,75.2,261
2019-02-13 01:00:00,8.4,0.0,26.9,61.6,262
2019-02-13 02:00:00,8.6,0.0,23.8,55.1,266
2019-02-13 03:00:00,8.7,0.2,24.9,50.8,267
2019-02-13 04:00:00,8.8,0.4,23.8,51.8,273
2019-02-13 05:00:00,8.8,0.2,19.1,49.3,272
2019-02-13 06:00:00,8.4,0.0,14.7,43.2,259
2019-02-13 07:00:00,8.1,0.0,14.7,34.9,245
2019-02-13 08:00:00,7.4,0.0,12.4,29.2,240
2019-02-13 09:00:00,7.2,0.0,8.9,25.2,212
2019-02-13 10:00:00,7.2,0.0,10.8,19.4,180
2019-02-13 11:00:00,8.3,0.0,11.1,23.4,167
2019-02-13 12:00:00,8.6,0.0,11.3,27.0,171
2019-02-13 13:00:00,9.1,0.0,12.3,31.3,165
2019-02-13 14:00:00,8.9,0.0,14.1,32.8,148
2019-02-13 15:00:00,8.8,0.0,14.2,33.5,150
2019-02-13 16:00:00,8.2,0.0,15.8,32.0,153
2019-02-13 17:00:00,8.0,0.2,18.2,37.4,153
2019-02-13 18:00:00,7.8,0.0,19.3,37.4,156
2019-02-13 19:00:00,7.7,0.1,19.2,33.5,154
2019-02-13 20:00:00,7.6,0.0,19.0,39.2,153
2019-02-13 21:00:00,7.6,0.0,18.1,38.5,157
2019-02-13 22:00:00,7.5,0.0,19.2,38.2,157
2019-02-13 23:00:00,7.5,0.0,20.1,38.5,144
2019-02-14 00:00:00,7.6,0.0,21.7,39.2,148
2019-02-14 01:00:00,7.8,0.0,21.7,41.4,153
2019-02-14 02:00:00,7.8,0.0,23.8,43.2,162
2019-02-14 03:00:00,7.9,0.0,26.2,47.9,162
2019-02-14 04:00:00,8.0,0.0,27.0,52.6,161
2019-02-14 05:00:00,8.3,0.0,25.0,53.3,168
2019-02-14 06:00:00,8.3,0.0,25.0,49.7,174
2019-02-14 07:00:00,8.3,0.0,26.0,50.0,174
2019-02-14 08:00:00,8.2,0.0,25.6,54.7,169
2019-02-14 09:00:00,8.1,0.0,25.3,52.2,169
2019-02-14 10:00:00,8.1,0.0,24.3,51.8,173
2019-02-14 11:00:00,8.3,0.3,22.4,49.3,169
2019-02-14 12:00:00,8.2,0.6,21.2,47.5,170
2019-02-14 13:00:00,8.3,0.7,21.5,42.8,171
2019-02-14 14:00:00,8.4,0.7,18.9,38.9,171
2019-02-14 15:00:00,8.2,0.5,16.4,36.0,171
2019-02-14 16:00:00,8.0,0.2,13.6,28.8,168
2019-02-14 17:00:00,7.9,0.0,13.1,27.0,171
2019-02-14 18:00:00,7.7,0.0,13.2,27.0,169
2019-02-14 19:00:00,7.6,0.0,14.1,27.4,165
2019-02-14 20:00:00,7.5,0.0,15.4,31.0,164
2019-02-14 21:00:00,7.4,0.0,16.7,33.5,161
2019-02-14 22:00:00,7.5,0.0,18.3,36.4,158
2019-02-14 23:00:00,7.4,0.0,19.3,39.6,151
2019-02-15 00:00:00,7.4,0.0,20.1,40.3,153
2019-02-15 01:00:00,7.5,0.0,19.5,40.3,155
2019-02-15 02:00:00,7.5,0.0,20.3,39.6,155
2019-02-15 03:00:00,7.7,0.0,22.1,42.5,152
2019-02-15 04:00:00,8.0,0.0,22.2,45.4,155
2019-02-15 05:00:00,8.1,0.0,21.8,44.6,158
2019-02-15 06:00:00,7.9,0.0,22.3,43.2,159
2019-02-15 07:00:00,8.0,0.0,23.7,45.0,158
2019-02-15 08:00:00,7.8,0.0,24.8,49.3,154
2019-02-15 09:00:00,7.7,0.0,24.8,50.4,152
2019-02-15 10:00:00,8.1,0.0,25.0,51.8,153
2019-02-15 11:00:00,8.9,0.0,23.8,51.8,145
2019-02-15 12:00:00,9.9,0.0,24.9,52.9,149
2019-02-15 13:00:00,10.9,0.0,26.5,53.3,158
2019-02-15 14:00:00,11.2,0.0,28.4,52.9,165
2019-02-15 15:00:00,11.1,0.0,29.7,54.0,169
2019-02-15 16:00:00,10.4,0.0,30.1,60.5,168
2019-02-15 17:00:00,9.6,0.0,29.8,60.5,165
2019-02-15 18:00:00,8.8,0.0,29.7,59.8,163
2019-02-15 19:00:00,8.2,0.0,30.3,59.4,162
2019-02-15 20:00:00,8.4,0.0,29.8,62.3,160
2019-02-15 21:00:00,7.6,0.0,28.7,61.9,162
2019-02-15 22:00:00,7.2,0.0,28.5,59.4,167
2019-02-15 23:00:00,7.6,0.0,27.1,58.7,163
2019-02-16 00:00:00,7.3,0.0,26.0,58.3,158
2019-02-16 01:00:00,7.3,0.0,25.5,56.9,157
2019-02-16 02:00:00,7.5,0.0,24.7,55.1,159
2019-02-16 03:00:00,7.8,0.0,26.8,53.3,160
2019-02-16 04:00:00,7.9,0.0,28.4,53.6,158
2019-02-16 05:00:00,8.2,0.0,26.9,53.6,160
2019-02-16 06:00:00,8.3,0.2,27.1,56.2,161
2019-02-16 07:00:00,8.7,0.5,27.6,57.2,165
2019-02-16 08:00:00,7.9,1.5,27.2,57.6,169
2019-02-16 09:00:00,7.7,1.3,24.6,56.5,175
2019-02-16 10:00:00,7.8,0.3,18.7,52.9,178
2019-02-16 11:00:00,7.9,0.2,13.5,42.1,189
2019-02-16 12:00:00,8.1,0.1,14.3,34.9,214
2019-02-16 13:00:00,8.2,0.0,13.1,31.7,249
2019-02-16 14:00:00,8.1,0.0,12.3,27.7,275
2019-02-16 15:00:00,7.7,0.0,8.5,22.3,298
2019-02-16 16:00:00,7.5,0.0,4.7,16.6,302
2019-02-16 17:00:00,6.6,0.0,4.3,9.4,275
2019-02-16 18:00:00,6.6,0.0,2.7,10.1,247
2019-02-16 19:00:00,6.2,0.0,2.5,7.9,188
2019-02-16 20:00:00,4.4,0.0,4.6,7.6,141
2019-02-16 21:00:00,4.1,0.0,5.1,10.8,141
2019-02-16 22:00:00,4.4,0.0,7.5,15.5,145
2019-02-16 23:00:00,5.3,0.0,9.2,18.4,149
2019-02-17 00:00:00,5.4,0.0,9.7,18.7,135
2019-02-17 01:00:00,5.6,0.0,10.9,18.0,124
2019-02-17 02:00:00,5.8,0.0,11.3,20.9,121
2019-02-17 03:00:00,6.2,0.0,11.9,24.8,125
2019-02-17 04:00:00,6.3,0.0,13.2,25.9,135
2019-02-17 05:00:00,6.6,0.0,15.0,27.7,145
2019-02-17 06:00:00,6.6,0.0,16.9,31.3,146
2019-02-17 07:00:00,6.7,0.0,19.0,33.8,147
2019-02-17 08:00:00,6.7,0.0,20.2,39.6,141
2019-02-17 09:00:00,7.0,0.0,20.7,40.7,139
2019-02-17 10:00:00,7.2,0.0,21.8,43.6,141
2019-02-17 11:00:00,7.7,0.0,21.4,46.1,136
2019-02-17 12:00:00,8.1,0.0,23.3,47.9,142
2019-02-17 13:00:00,8.6,0.0,24.0,50.4,147
2019-02-17 14:00:00,9.2,0.0,24.4,51.8,149
2019-02-17 15:00:00,9.3,0.0,25.0,51.8,150
2019-02-17 16:00:00,9.7,0.0,24.8,51.8,154
2019-02-17 17:00:00,9.9,0.0,24.8,52.2,156
2019-02-17 18:00:00,9.8,0.0,25.5,53.3,161
2019-02-17 19:00:00,9.6,0.0,28.6,58.0,161
2019-02-17 20:00:00,9.9,0.0,29.7,61.6,159
2019-02-17 21:00:00,10.3,0.0,30.2,61.9,165
2019-02-17 22:00:00,10.2,0.0,30.7,63.7,171
2019-02-17 23:00:00,10.1,0.0,28.1,64.1,170
2019-02-18 00:00:00,9.9,0.0,28.5,63.7,171
2019-02-18 01:00:00,9.6,0.0,28.2,61.9,170
2019-02-18 02:00:00,9.2,0.0,27.5,59.8,169
2019-02-18 03:00:00,8.8,0.0,27.3,57.6,168
2019-02-18 04:00:00,8.5,0.0,27.2,56.5,165
2019-02-18 05:00:00,8.4,0.0,27.2,55.8,162
2019-02-18 06:00:00,8.4,0.0,27.0,55.4,161
2019-02-18 07:00:00,8.5,0.0,26.9,55.1,162
2019-02-18 08:00:00,8.3,0.2,27.2,56.2,165
2019-02-18 09:00:00,8.1,0.1,28.7,57.2,168
2019-02-18 10:00:00,8.2,0.0,29.4,59.8,169
2019-02-18 11:00:00,8.5,0.1,29.0,61.2,169
2019-02-18 12:00:00,8.8,0.3,26.9,63.4,168
2019-02-18 13:00:00,8.5,2.1,27.9,68.8,173
2019-02-18 14:00:00,8.3,2.7,31.7,67.3,179
2019-02-18 15:00:00,8.2,2.0,31.0,65.9,178
2019-02-18 16:00:00,8.1,2.3,32.1,64.8,177
2019-02-18 17:00:00,8.3,1.0,31.7,64.4,177
2019-02-18 18:00:00,8.2,1.4,31.3,64.8,179
2019-02-18 19:00:00,7.9,0.6,29.2,65.9,179
2019-02-18 20:00:00,7.7,0.3,29.5,60.8,178
2019-02-18 21:00:00,7.8,0.9,29.2,60.1,177
2019-02-18 22:00:00,7.6,1.7,30.3,61.2,178
2019-02-18 23:00:00,7.2,2.2,29.7,62.6,173
2019-02-19 00:00:00,7.2,1.5,30.2,63.0,172
2019-02-19 01:00:00,6.9,1.3,26.8,59.4,169
2019-02-19 02:00:00,6.8,1.7,24.9,56.5,178
2019-02-19 03:00:00,6.7,1.6,22.4,54.4,184
2019-02-19 04:00:00,6.7,1.0,20.5,49.7,195
2019-02-19 05:00:00,6.9,0.9,19.0,45.0,207
2019-02-19 06:00:00,7.2,1.3,19.9,41.8,228
2019-02-19 07:00:00,7.5,1.4,20.0,37.4,244
2019-02-19 08:00:00,7.6,0.7,18.0,42.1,268
2019-02-19 09:00:00,7.2,0.9,19.9,38.2,292
2019-02-19 10:00:00,6.9,0.7,20.5,40.3,298
2019-02-19 11:00:00,6.7,0.3,15.6,40.7,299
2019-02-19 12:00:00,6.9,0.3,14.3,38.5,288
2019-02-19 13:00:00,6.5,0.3,15.7,39.2,279
2019-02-19 14:00:00,6.4,0.3,15.9,38.2,276
2019-02-19 15:00:00,6.7,0.1,15.2,34.2,275
2019-02-19 16:00:00,6.7,0.0,13.7,31.7,270
2019-02-19 17:00:00,6.2,0.2,11.1,28.8,257
2019-02-19 18:00:00,6.1,0.2,8.6,24.1,255
2019-02-19 19:00:00,6.2,0.0,8.7,15.5,287
2019-02-19 20:00:00,5.7,0.0,9.9,18.7,327
2019-02-19 21:00:00,6.3,0.0,12.9,24.8,333
2019-02-19 22:00:00,5.8,0.0,13.2,27.0,338
2019-02-19 23:00:00,5.7,0.0,8.1,26.6,339
2019-02-20 00:00:00,5.4,0.0,9.4,24.5,320
2019-02-20 01:00:00,4.9,0.0,9.7,23.8,321
2019-02-20 02:00:00,4.3,0.0,6.8,22.0,335
2019-02-20 03:00:00,3.7,0.0,6.4,17.3,344
2019-02-20 04:00:00,3.8,0.0,2.3,12.6,39
2019-02-20 05:00:00,3.4,0.0,3.6,9.4,96
2019-02-20 06:00:00,2.4,0.0,5.6,6.5,135
2019-02-20 07:00:00,2.3,0.0,5.9,8.3,142
2019-02-20 08:00:00,2.3,0.0,6.9,12.6,137
2019-02-20 09:00:00,2.4,0.0,9.7,17.3,135
2019-02-20 10:00:00,3.5,0.0,10.5,21.2,142
2019-02-20 11:00:00,4.2,0.0,12.8,25.9,128
2019-02-20 12:00:00,4.9,0.0,15.3,30.2,129
2019-02-20 13:00:00,5.3,0.0,16.3,31.3,131
2019-02-20 14:00:00,5.3,0.3,16.3,33.8,133
2019-02-20 15:00:00,5.2,0.6,20.6,37.8,144
2019-02-20 16:00:00,4.7,0.8,21.6,39.6,143
2019-02-20 17:00:00,4.3,0.9,21.6,41.0,134
2019-02-20 18:00:00,4.4,0.9,21.9,42.1,131
2019-02-20 19:00:00,4.7,1.1,22.1,43.9,136
2019-02-20 20:00:00,5.0,0.8,23.9,49.0,143
2019-02-20 21:00:00,5.5,0.4,25.1,52.6,153
2019-02-20 22:00:00,5.8,0.3,25.0,52.6,157
2019-02-20 23:00:00,6.1,0.3,22.7,51.5,153
2019-02-21 00:00:00,6.4,0.7,21.9,48.2,155
2019-02-21 01:00:00,6.5,0.8,20.3,45.7,160
2019-02-21 02:00:00,6.5,0.9,17.9,42.8,165
2019-02-21 03:00:00,6.5,1.5,15.0,36.7,169
2019-02-21 04:00:00,6.6,1.4,11.2,31.7,178
2019-02-21 05:00:00,6.6,0.5,8.0,20.9,185
2019-02-21 06:00:00,6.7,0.2,5.7,16.2,198
2019-02-21 07:00:00,6.7,0.0,5.6,17.3,220
2019-02-21 08:00:00,6.8,0.0,6.6,14.0,229
2019-02-21 09:00:00,6.9,0.0,7.1,15.1,229
2019-02-21 10:00:00,7.2,0.0,7.7,16.2,233
2019-02-21 11:00:00,7.4,0.0,8.4,18.7,227
2019-02-21 12:00:00,7.8,0.2,7.9,22.0,219
2019-02-21 13:00:00,8.3,0.1,8.7,23.8,222
2019-02-21 14:00:00,8.3,0.0,7.3,22.0,213
2019-02-21 15:00:00,8.3,0.0,6.9,18.7,208
2019-02-21 16:00:00,8.1,0.0,6.3,15.8,193
2019-02-21 17:00:00,7.4,0.0,6.6,12.2,171
2019-02-21 18:00:00,6.1,0.0,7.0,8.3,159
2019-02-21 19:00:00,6.6,0.0,7.2,13.0,162
2019-02-21 20:00:00,6.8,0.3,8.9,16.2,159
2019-02-21 21:00:00,7.0,0.4,10.8,19.4,143
2019-02-21 22:00:00,7.1,0.2,11.3,21.6,143
2019-02-21 23:00:00,7.1,0.0,11.7,21.6,135
2019-02-22 00:00:00,7.1,0.0,10.7,21.2,138
2019-02-22 01:00:00,7.1,0.0,10.5,22.0,142
2019-02-22 02:00:00,7.2,0.0,13.2,25.2,145
2019-02-22 03:00:00,7.1,0.0,16.1,32.4,156
2019-02-22 04:00:00,6.8,0.0,19.8,42.5,164
2019-02-22 05:00:00,6.5,0.0,20.9,45.4,159
2019-02-22 06:00:00,6.2,0.0,20.5,44.3,156
2019-02-22 07:00:00,6.3,0.0,20.2,41.8,158
2019-02-22 08:00:00,6.6,0.0,20.5,42.1,162
2019-02-22 09:00:00,6.7,0.0,22.0,43.6,165
2019-02-22 10:00:00,7.0,0.0,23.3,47.2,163
2019-02-22 11:00:00,7.3,0.0,20.1,49.0,159
2019-02-22 12:00:00,7.5,0.0,22.7,49.7,169
2019-02-22 13:00:00,7.8,0.0,26.4,55.1,175
2019-02-22 14:00:00,7.6,0.0,27.7,58.7,171
2019-02-22 15:00:00,7.5,0.0,26.6,62.3,167
2019-02-22 16:00:00,7.6,0.0,27.3,63.0,171
2019-02-22 17:00:00,7.7,0.0,24.0,59.8,167
2019-02-22 18:00:00,7.5,0.0,23.2,50.0,168
2019-02-22 19:00:00,7.7,0.0,24.2,49.7,165
2019-02-22 20:00:00,7.6,0.0,23.4,49.3,166
2019-02-22 21:00:00,7.4,0.0,23.5,48.6,162
2019-02-22 22:00:00,7.5,0.0,24.1,49.0,158
2019-02-22 23:00:00,7.6,0.0,22.1,49.0,150
2019-02-23 00:00:00,7.5,0.0,21.4,47.9,151
2019-02-23 01:00:00,7.7,0.0,21.4,46.4,153
2019-02-23 02:00:00,7.8,0.0,22.1,45.0,156
2019-02-23 03:00:00,7.9,0.0,23.0,45.4,155
2019-02-23 04:00:00,7.9,0.0,23.7,45.7,156
2019-02-23 05:00:00,8.1,0.0,24.7,46.4,157
2019-02-23 06:00:00,8.3,0.0,25.4,47.5,155
2019-02-23 07:00:00,8.2,0.0,24.7,48.2,157
2019-02-23 08:00:00,7.8,0.0,24.7,50.0,157
2019-02-23 09:00:00,7.9,0.2,24.1,49.3,160
2019-02-23 10:00:00,7.8,0.0,24.1,50.8,160
2019-02-23 11:00:00,8.4,0.0,22.3,52.2,157
2019-02-23 12:00:00,8.8,0.0,22.7,51.8,157
2019-02-23 13:00:00,9.1,0.0,23.7,56.5,158
2019-02-23 14:00:00,9.3,0.0,23.7,61.9,158
2019-02-23 15:00:00,9.2,0.0,24.7,62.3,161
2019-02-23 16:00:00,9.5,0.0,25.6,60.8,160
2019-02-23 17:00:00,9.5,0.0,28.1,57.6,164
2019-02-23 18:00:00,8.9,0.0,27.6,56.9,165
2019-02-23 19:00:00,8.6,0.0,26.8,55.4,165
2019-02-23 20:00:00,8.7,0.0,27.2,55.8,165
2019-02-23 21:00:00,8.8,0.0,27.4,56.2,166
2019-02-23 22:00:00,8.7,0.0,27.3,56.2,168
2019-02-23 23:00:00,8.9,0.0,24.5,56.2,163
2019-02-24 00:00:00,9.3,0.0,26.4,57.2,169
2019-02-24 01:00:00,9.0,0.2,26.8,58.7,173
2019-02-24 02:00:00,8.3,0.8,25.3,58.0,176
2019-02-24 03:00:00,7.9,0.8,22.7,53.6,177
2019-02-24 04:00:00,8.0,0.6,20.2,46.1,178
2019-02-24 05:00:00,8.2,0.2,17.6,40.0,179
2019-02-24 06:00:00,8.3,0.0,14.8,33.5,186
2019-02-24 07:00:00,8.3,0.0,11.4,26.6,193
2019-02-24 08:00:00,8.2,0.0,7.9,22.7,210
2019-02-24 09:00:00,8.1,0.0,6.1,18.4,230
2019-02-24 10:00:00,8.7,0.0,5.2,15.1,258
2019-02-24 11:00:00,9.2,0.0,5.2,16.6,254
2019-02-24 12:00:00,9.8,0.0,5.2,21.2,258
2019-02-24 13:00:00,10.1,0.0,6.9,21.2,279
2019-02-24 14:00:00,9.9,0.0,5.9,22.7,284
2019-02-24 15:00:00,9.9,0.0,5.1,23.0,262
2019-02-24 16:00:00,9.3,0.0,4.8,20.2,243
2019-02-24 17:00:00,8.5,0.0,3.9,13.7,236
2019-02-24 18:00:00,8.5,0.0,6.4,6.8,232
2019-02-24 19:00:00,6.5,0.0,4.4,9.0,189
2019-02-24 20:00:00,6.0,0.0,4.8,8.6,153
2019-02-24 21:00:00,5.6,0.0,5.4,9.0,138
2019-02-24 22:00:00,5.3,0.0,8.7,14.0,128
2019-02-24 23:00:00,4.6,0.0,10.8,18.0,127
2019-02-25 00:00:00,4.5,0.0,11.4,19.8,125
2019-02-25 01:00:00,4.0,0.0,11.8,19.8,128
2019-02-25 02:00:00,4.0,0.0,13.2,22.0,125
2019-02-25 03:00:00,4.1,0.0,13.7,24.1,125
2019-02-25 04:00:00,4.4,0.0,12.6,24.1,127
2019-02-25 05:00:00,4.7,0.0,13.8,25.2,129
2019-02-25 06:00:00,5.3,0.0,13.2,27.0,133
2019-02-25 07:00:00,5.9,0.0,13.0,25.9,138
2019-02-25 08:00:00,6.1,0.0,13.1,25.9,143
2019-02-25 09:00:00,6.4,0.0,13.4,25.6,149
2019-02-25 10:00:00,6.6,0.0,13.1,26.6,159
2019-02-25 11:00:00,6.6,0.1,12.4,26.6,163
2019-02-25 12:00:00,6.6,0.3,12.4,24.1,158
2019-02-25 13:00:00,6.9,0.0,10.8,23.8,154
2019-02-25 14:00:00,6.8,0.0,10.3,20.9,151
2019-02-25 15:00:00,6.9,0.0,11.0,20.2,148
2019-02-25 16:00:00,7.0,0.0,8.8,19.1,145
2019-02-25 17:00:00,7.2,0.0,4.2,14.8,149
2019-02-25 18:00:00,7.1,0.0,3.4,7.6,108
2019-02-25 19:00:00,7.1,0.0,4.3,11.5,114
2019-02-25 20:00:00,6.8,0.0,5.5,9.4,122
2019-02-25 21:00:00,6.3,0.0,4.7,9.7,122
2019-02-25 22:00:00,5.9,0.0,4.9,9.0,107
2019-02-25 23:00:00,5.5,0.0,5.5,8.3,113
2019-02-26 00:00:00,4.8,0.0,4.8,8.6,103
2019-02-26 01:00:00,5.1,0.0,6.4,6.5,106
2019-02-26 02:00:00,5.0,0.0,8.4,9.4,110
2019-02-26 03:00:00,5.2,0.0,9.4,11.5,108
2019-02-26 04:00:00,5.3,0.0,9.8,16.9,107
2019-02-26 05:00:00,5.6,0.0,10.3,20.2,115
2019-02-26 06:00:00,5.9,0.0,11.4,20.2,125
2019-02-26 07:00:00,6.2,0.0,12.4,19.8,126
2019-02-26 08:00:00,6.2,0.0,12.5,24.1,129
2019-02-26 09:00:00,6.3,0.0,12.2,23.8,137
2019-02-26 10:00:00,7.1,0.0,12.0,24.1,147
2019-02-26 11:00:00,8.2,0.0,11.6,24.5,144
2019-02-26 12:00:00,9.0,0.0,13.0,28.1,156
2019-02-26 13:00:00,9.2,0.0,13.3,30.2,167
2019-02-26 14:00:00,9.2,0.0,12.2,29.9,182
2019-02-26 15:00:00,9.2,0.0,11.5,28.8,182
2019-02-26 16:00:00,8.4,0.0,10.4,27.4,178
2019-02-26 17:00:00,7.6,0.0,9.4,24.8,187
2019-02-26 18:00:00,6.7,0.0,8.0,21.2,207
2019-02-26 19:00:00,6.7,0.0,5.0,18.0,201
2019-02-26 20:00:00,6.5,0.0,6.0,12.6,163
2019-02-26 21:00:00,6.1,0.0,5.8,8.6,150
2019-02-26 22:00:00,6.1,0.0,5.5,8.6,148
2019-02-26 23:00:00,5.4,0.0,5.9,8.6,142
2019-02-27 00:00:00,5.8,0.0,5.9,8.3,137
2019-02-27 01:00:00,5.4,0.0,6.1,8.3,140
2019-02-27 02:00:00,5.0,0.0,6.6,8.3,139
2019-02-27 03:00:00,5.1,0.0,6.9,8.3,141
2019-02-27 04:00:00,5.1,0.0,5.4,8.6,143
2019-02-27 05:00:00,5.0,0.0,5.1,7.9,141
2019-02-27 06:00:00,5.1,0.0,5.4,7.2,143
2019-02-27 07:00:00,5.2,0.0,6.4,8.6,137
2019-02-27 08:00:00,5.2,0.0,7.7,14.8,139
2019-02-27 09:00:00,5.5,0.0,7.9,15.5,150
2019-02-27 10:00:00,6.2,0.0,8.1,16.2,159
2019-02-27 11:00:00,6.2,0.0,7.8,18.0,167
2019-02-27 12:00:00,6.3,0.0,6.6,18.0,193
2019-02-27 13:00:00,6.5,0.0,4.9,17.3,197
2019-02-27 14:00:00,6.8,0.0,3.5,13.3,204
2019-02-27 15:00:00,6.7,0.0,1.1,11.2,198
2019-02-27 16:00:00,6.8,0.0,3.1,7.9,339
2019-02-27 17:00:00,6.7,0.3,3.2,8.3,333
2019-02-27 18:00:00,6.5,0.4,4.3,10.8,318
2019-02-27 19:00:00,6.5,0.5,5.9,16.6,308
2019-02-27 20:00:00,6.5,0.7,8.0,17.6,306
2019-02-27 21:00:00,6.2,0.6,10.9,23.0,314
2019-02-27 22:00:00,6.0,0.4,14.3,26.6,326
2019-02-27 23:00:00,6.3,0.0,11.8,27.0,329
2019-02-28 00:00:00,6.1,0.0,14.1,26.6,322
2019-02-28 01:00:00,5.6,0.0,15.3,27.4,333
2019-02-28 02:00:00,5.5,0.0,16.3,31.3,338
2019-02-28 03:00:00,5.3,0.0,16.6,33.5,338
2019-02-28 04:00:00,5.3,0.0,17.9,34.9,341
2019-02-28 05:00:00,5.2,0.0,17.8,36.4,346
2019-02-28 06:00:00,4.7,0.0,16.5,36.4,350
2019-02-28 07:00:00,4.2,0.0,16.5,34.6,350
2019-02-28 08:00:00,3.9,0.0,16.9,33.5,348
2019-02-28 09:00:00,4.1,0.0,17.7,35.6,347
2019-02-28 10:00:00,5.1,0.0,18.4,38.5,349
2019-02-28 11:00:00,5.9,0.0,15.8,44.6,343
2019-02-28 12:00:00,6.5,0.0,18.3,45.7,338
2019-02-28 13:00:00,6.9,0.0,19.8,46.4,335
2019-02-28 14:00:00,6.7,0.0,21.9,50.4,335
2019-02-28 15:00:00,6.5,0.0,22.8,51.8,342
2019-02-28 16:00:00,6.0,0.0,20.5,51.1,349
2019-02-28 17:00:00,5.5,0.0,17.2,46.1,344
2019-02-28 18:00:00,4.6,0.0,17.0,36.4,343
2019-02-28 19:00:00,3.9,0.0,17.1,32.8,345
2019-02-28 20:00:00,3.4,0.0,17.0,34.2,347
2019-02-28 21:00:00,3.3,0.0,17.8,34.2,346
2019-02-28 22:00:00,2.9,0.0,18.9,36.4,347
2019-02-28 23:00:00,3.1,0.0,16.2,38.5,348
2019-03-01 00:00:00,3.1,0.0,18.0,40.0,348
2019-03-01 01:00:00,3.0,0.0,18.7,40.0,349
2019-03-01 02:00:00,3.0,0.0,18.9,39.2,351
2019-03-01 03:00:00,2.8,0.0,19.2,39.2,355
2019-03-01 04:00:00,2.6,0.0,18.0,37.4,358
2019-03-01 05:00:00,2.3,0.0,16.2,33.8,359
2019-03-01 06:00:00,2.2,0.0,15.5,31.7,1
2019-03-01 07:00:00,1.9,0.0,14.9,31.0,7
2019-03-01 08:00:00,1.7,0.0,13.6,28.8,11
2019-03-01 09:00:00,2.1,0.0,11.9,25.6,14
2019-03-01 10:00:00,3.3,0.0,10.9,23.0,9
2019-03-01 11:00:00,4.8,0.0,8.1,24.1,21
2019-03-01 12:00:00,5.4,0.0,6.3,23.8,13
2019-03-01 13:00:00,6.0,0.0,5.2,21.2,348
2019-03-01 14:00:00,6.5,0.0,5.5,18.7,337
2019-03-01 15:00:00,6.4,0.0,4.8,16.6,333
2019-03-01 16:00:00,5.8,0.0,4.3,14.8,312
2019-03-01 17:00:00,5.0,0.0,4.0,13.3,297
2019-03-01 18:00:00,3.0,0.0,5.9,11.2,284
2019-03-01 19:00:00,1.7,0.0,4.3,11.2,275
2019-03-01 20:00:00,1.9,0.0,3.9,7.9,248
2019-03-01 21:00:00,3.5,0.0,3.7,7.9,209
2019-03-01 22:00:00,2.6,0.0,4.7,9.4,171
2019-03-01 23:00:00,2.2,0.0,5.2,9.7,146
2019-03-02 00:00:00,2.6,0.0,8.6,12.2,147
2019-03-02 01:00:00,2.7,0.0,10.5,15.8,153
2019-03-02 02:00:00,2.9,0.0,11.9,19.8,151
2019-03-02 03:00:00,2.7,0.0,12.4,21.6,150
2019-03-02 04:00:00,2.9,0.0,12.9,22.7,162
2019-03-02 05:00:00,3.1,0.0,13.8,24.5,160
2019-03-02 06:00:00,3.2,0.0,14.8,26.3,157
2019-03-02 07:00:00,3.2,0.0,15.5,27.7,149
2019-03-02 08:00:00,3.3,0.0,16.4,33.5,151
2019-03-02 09:00:00,3.6,0.0,17.7,35.6,153
2019-03-02 10:00:00,3.7,0.0,18.6,38.5,148
2019-03-02 11:00:00,3.7,0.0,18.6,39.6,131
2019-03-02 12:00:00,3.6,0.2,20.4,41.8,132
2019-03-02 13:00:00,3.6,0.3,21.4,43.6,135
2019-03-02 14:00:00,3.5,0.3,20.9,43.9,136
2019-03-02 15:00:00,3.4,0.3,19.9,45.0,134
2019-03-02 16:00:00,3.5,0.3,21.1,45.0,133
2019-03-02 17:00:00,3.7,0.3,20.9,43.2,136
2019-03-02 18:00:00,4.0,0.2,20.9,42.5,139
2019-03-02 19:00:00,4.2,0.2,20.9,41.8,135
2019-03-02 20:00:00,4.5,0.0,19.3,41.8,135
2019-03-02 21:00:00,4.9,0.0,20.0,41.0,141
2019-03-02 22:00:00,5.1,0.2,20.5,42.5,142
2019-03-02 23:00:00,5.2,0.2,19.7,42.5,130
2019-03-03 00:00:00,5.4,0.3,20.4,43.6,132
2019-03-03 01:00:00,5.7,0.4,21.9,44.6,132
2019-03-03 02:00:00,5.9,0.8,24.2,47.9,132
2019-03-03 03:00:00,6.0,1.2,25.5,51.5,136
2019-03-03 04:00:00,6.1,1.9,26.8,54.0,149
2019-03-03 05:00:00,6.3,1.4,24.5,55.4,163
2019-03-03 06:00:00,6.9,0.6,20.4,50.8,171
2019-03-03 07:00:00,7.1,0.1,19.8,39.2,170
2019-03-03 08:00:00,6.8,0.0,20.7,41.0,157
2019-03-03 09:00:00,6.8,0.0,23.2,46.1,152
2019-03-03 10:00:00,6.9,0.2,23.7,50.0,154
2019-03-03 11:00:00,7.0,0.6,25.3,52.9,163
2019-03-03 12:00:00,6.8,0.7,23.1,56.9,162
2019-03-03 13:00:00,7.5,0.3,22.7,54.7,162
2019-03-03 14:00:00,7.4,0.5,19.5,52.2,164
2019-03-03 15:00:00,7.5,0.3,17.0,46.4,167
2019-03-03 16:00:00,7.7,0.4,18.0,41.0,168
2019-03-03 17:00:00,7.3,1.5,19.2,41.0,172
2019-03-03 18:00:00,7.0,0.7,19.0,40.3,170
2019-03-03 19:00:00,6.6,2.0,18.3,37.8,164
2019-03-03 20:00:00,6.6,1.0,17.6,37.1,157
2019-03-03 21:00:00,6.6,0.7,17.7,36.7,153
2019-03-03 22:00:00,6.6,0.6,18.1,37.8,149
2019-03-03 23:00:00,6.3,0.4,18.4,37.8,140
2019-03-04 00:00:00,6.1,0.3,18.1,37.1,137
2019-03-04 01:00:00,6.0,0.4,17.1,35.3,134
2019-03-04 02:00:00,6.0,0.2,15.5,33.8,132
2019-03-04 03:00:00,5.7,0.1,12.1,31.7,127
2019-03-04 04:00:00,5.7,0.1,8.5,27.0,118
2019-03-04 05:00:00,5.2,0.0,5.6,22.0,117
2019-03-04 06:00:00,5.0,0.0,4.7,17.3,94
2019-03-04 07:00:00,4.6,0.0,5.9,14.4,52
2019-03-04 08:00:00,4.6,0.0,7.7,15.1,28
2019-03-04 09:00:00,5.0,0.0,9.6,19.1,13
2019-03-04 10:00:00,6.2,0.0,11.9,24.1,5
2019-03-04 11:00:00,7.0,0.0,11.5,25.6,4
2019-03-04 12:00:00,7.7,0.0,11.2,25.6,2
2019-03-04 13:00:00,8.3,0.0,11.2,23.8,2
2019-03-04 14:00:00,8.7,0.0,10.1,20.2,360
2019-03-04 15:00:00,8.6,0.0,8.6,17.6,2
2019-03-04 16:00:00,8.5,0.0,7.0,13.3,12
2019-03-04 17:00:00,8.3,0.0,3.7,10.8,11
2019-03-04 18:00:00,8.4,0.0,3.8,7.2,17
2019-03-04 19:00:00,8.0,0.0,2.6,5.8,16
2019-03-04 20:00:00,7.5,0.0,1.8,5.0,37
2019-03-04 21:00:00,5.9,0.1,1.5,6.1,104
2019-03-04 22:00:00,5.8,0.2,3.1,6.8,135
2019-03-04 23:00:00,5.7,0.3,3.1,7.9,111
2019-03-05 00:00:00,5.7,0.4,4.2,8.6,110
2019-03-05 01:00:00,5.7,0.3,5.8,10.4,112
2019-03-05 02:00:00,5.3,0.3,6.8,12.2,115
2019-03-05 03:00:00,5.2,0.3,5.6,14.8,117
2019-03-05 04:00:00,5.1,0.3,5.5,17.3,113
2019-03-05 05:00:00,4.9,0.3,6.0,19.1,115
2019-03-05 06:00:00,4.6,0.4,7.1,20.5,114
2019-03-05 07:00:00,4.6,0.3,8.0,22.0,117
2019-03-05 08:00:00,4.5,0.2,8.7,16.2,120
2019-03-05 09:00:00,4.7,0.2,8.7,17.3,128
2019-03-05 10:00:00,4.9,0.2,8.9,18.4,133
2019-03-05 11:00:00,5.4,0.2,9.3,23.8,126
2019-03-05 12:00:00,5.9,0.2,10.5,27.0,131
2019-03-05 13:00:00,5.9,0.3,11.3,29.2,143
2019-03-05 14:00:00,5.9,0.4,11.4,31.3,145
2019-03-05 15:00:00,6.1,0.3,12.9,32.8,157
2019-03-05 16:00:00,5.8,0.3,13.5,36.4,164
2019-03-05 17:00:00,5.4,0.6,16.4,41.4,171
2019-03-05 18:00:00,5.1,0.4,18.6,45.4,171
2019-03-05 19:00:00,4.8,0.3,20.0,44.6,166
2019-03-05 20:00:00,4.7,0.3,21.1,43.6,166
2019-03-05 21:00:00,4.5,0.3,21.5,45.7,166
2019-03-05 22:00:00,4.2,0.3,21.5,45.7,166
2019-03-05 23:00:00,4.1,0.3,19.6,43.9,163
2019-03-06 00:00:00,4.0,0.4,20.3,43.6,167
2019-03-06 01:00:00,3.9,0.4,19.4,42.8,165
2019-03-06 02:00:00,3.7,0.4,18.9,43.2,162
2019-03-06 03:00:00,3.6,0.4,18.7,43.2,161
2019-03-06 04:00:00,3.6,0.4,19.5,41.0,161
2019-03-06 05:00:00,3.9,0.2,19.3,40.3,156
2019-03-06 06:00:00,3.9,0.1,16.8,37.1,145
2019-03-06 07:00:00,3.7,0.0,14.0,33.5,132
2019-03-06 08:00:00,3.4,0.0,11.3,27.7,117
2019-03-06 09:00:00,3.9,0.0,9.4,22.7,108
2019-03-06 10:00:00,4.9,0.2,8.8,20.9,102
2019-03-06 11:00:00,4.4,0.7,12.3,22.3,87
2019-03-06 12:00:00,3.9,1.6,12.3,25.6,87
2019-03-06 13:00:00,5.0,0.2,13.4,26.3,98
2019-03-06 14:00:00,5.6,0.2,11.4,34.6,103
2019-03-06 15:00:00,6.3,0.2,11.4,27.0,108
2019-03-06 16:00:00,6.6,0.2,11.3,25.9,112
2019-03-06 17:00:00,6.4,0.0,10.9,24.8,98
2019-03-06 18:00:00,5.9,0.1,11.3,25.2,81
2019-03-06 19:00:00,5.6,0.2,13.1,27.7,69
2019-03-06 20:00:00,5.5,0.3,13.4,28.1,66
2019-03-06 21:00:00,5.4,0.3,13.7,30.2,63
2019-03-06 22:00:00,5.1,0.3,14.4,43.6,58
2019-03-06 23:00:00,5.2,0.4,12.0,28.8,57
2019-03-07 00:00:00,4.8,0.3,13.9,26.6,59
2019-03-07 01:00:00,4.6,0.3,14.5,38.2,60
2019-03-07 02:00:00,4.3,0.7,15.0,36.0,55
2019-03-07 03:00:00,4.0,1.2,15.3,35.6,60
2019-03-07 04:00:00,3.9,1.6,14.7,40.0,62
2019-03-07 05:00:00,3.5,2.5,14.7,32.4,59
2019-03-07 06:00:00,3.6,1.3,14.8,44.3,61
2019-03-07 07:00:00,3.8,1.4,14.2,44.6,66
2019-03-07 08:00:00,3.8,1.1,13.1,47.5,69
2019-03-07 09:00:00,3.8,0.9,12.4,45.7,73
2019-03-07 10:00:00,4.1,0.5,11.2,38.9,75
2019-03-07 11:00:00,5.1,0.6,9.7,23.4,63
2019-03-07 12:00:00,5.5,0.5,8.2,32.0,67
2019-03-07 13:00:00,5.7,0.7,5.8,28.4,83
2019-03-07 14:00:00,5.8,0.8,5.8,29.5,86
2019-03-07 15:00:00,5.9,1.0,5.2,32.0,74
2019-03-07 16:00:00,5.6,1.1,6.4,36.0,47
2019-03-07 17:00:00,5.0,1.2,8.2,23.4,15
2019-03-07 18:00:00,4.7,1.1,11.9,23.8,3
2019-03-07 19:00:00,4.5,0.8,14.4,23.0,359
2019-03-07 20:00:00,4.2,0.5,16.1,28.4,350
2019-03-07 21:00:00,4.0,0.5,19.8,34.6,344
2019-03-07 22:00:00,3.8,0.1,23.6,43.2,344
2019-03-07 23:00:00,4.1,0.0,24.1,49.7,346
2019-03-08 00:00:00,3.9,0.0,26.8,57.2,345
2019-03-08 01:00:00,4.0,0.0,32.0,66.2,343
2019-03-08 02:00:00,3.8,0.0,35.1,71.3,341
2019-03-08 03:00:00,3.9,0.0,36.3,72.0,340
2019-03-08 04:00:00,3.8,0.0,35.0,71.3,340
2019-03-08 05:00:00,3.7,0.0,33.0,69.1,340
2019-03-08 06:00:00,3.7,0.0,31.0,66.2,337
2019-03-08 07:00:00,3.9,0.0,28.2,63.0,333
2019-03-08 08:00:00,3.9,0.0,25.6,56.9,331
2019-03-08 09:00:00,4.0,0.0,23.2,52.6,327
2019-03-08 10:00:00,4.4,0.0,25.1,53.6,325
2019-03-08 11:00:00,3.4,0.2,17.2,53.3,327
2019-03-08 12:00:00,3.5,0.0,17.1,50.8,316
2019-03-08 13:00:00,3.7,0.1,17.8,47.5,315
2019-03-08 14:00:00,4.0,0.1,18.1,45.0,311
2019-03-08 15:00:00,4.0,0.1,18.0,43.6,303
2019-03-08 16:00:00,3.6,0.2,16.1,40.3,299
2019-03-08 17:00:00,3.4,0.2,12.6,37.1,294
2019-03-08 18:00:00,2.9,0.3,8.9,33.1,284
2019-03-08 19:00:00,2.7,0.2,7.2,28.4,276
2019-03-08 20:00:00,2.4,0.0,4.2,13.0,239
2019-03-08 21:00:00,2.7,0.0,4.0,9.4,153
2019-03-08 22:00:00,2.7,0.0,8.3,14.8,146
2019-03-08 23:00:00,2.6,0.2,12.3,22.3,128
2019-03-09 00:00:00,2.2,0.3,14.4,27.4,122
2019-03-09 01:00:00,2.0,0.4,15.7,31.3,106
2019-03-09 02:00:00,1.8,0.4,15.3,33.5,99
2019-03-09 03:00:00,2.1,0.3,14.9,33.5,98
2019-03-09 04:00:00,2.2,0.4,14.0,31.3,102
2019-03-09 05:00:00,2.1,0.1,12.8,29.5,101
2019-03-09 06:00:00,2.1,0.1,12.4,26.6,98
2019-03-09 07:00:00,2.1,0.2,11.2,24.5,96
2019-03-09 08:00:00,2.1,0.4,10.4,23.8,90
2019-03-09 09:00:00,2.3,0.4,9.7,22.3,86
2019-03-09 10:00:00,2.6,0.7,9.1,21.2,83
2019-03-09 11:00:00,3.0,0.2,11.1,20.9,77
2019-03-09 12:00:00,3.2,0.4,11.0,21.6,71
2019-03-09 13:00:00,3.3,0.4,10.8,20.9,64
2019-03-09 14:00:00,3.6,0.4,10.1,19.4,63
2019-03-09 15:00:00,3.6,0.3,8.7,19.8,48
2019-03-09 16:00:00,3.7,0.2,9.1,18.7,18
2019-03-09 17:00:00,3.8,0.0,10.8,19.4,2
2019-03-09 18:00:00,3.4,0.0,12.3,21.2,353
2019-03-09 19:00:00,2.7,0.0,14.6,25.9,350
2019-03-09 20:00:00,2.3,0.0,16.5,29.2,350
2019-03-09 21:00:00,1.9,0.0,17.9,32.0,350
2019-03-09 22:00:00,1.5,0.0,18.9,34.6,346
2019-03-09 23:00:00,1.5,0.0,17.3,36.0,356
2019-03-10 00:00:00,0.9,0.0,17.5,36.7,352
2019-03-10 01:00:00,0.4,0.0,18.6,37.4,350
2019-03-10 02:00:00,0.1,0.0,17.8,37.4,353
2019-03-10 03:00:00,-0.1,0.0,16.7,36.0,354
2019-03-10 04:00:00,-0.4,0.0,15.5,33.5,356
2019-03-10 05:00:00,-0.8,0.0,13.0,29.2,360
2019-03-10 06:00:00,-1.1,0.0,10.1,25.6,2
2019-03-10 07:00:00,-1.4,0.0,11.2,22.0,358
2019-03-10 08:00:00,-1.3,0.0,11.2,19.4,360
2019-03-10 09:00:00,0.1,0.0,7.3,17.3,9
2019-03-10 10:00:00,1.5,0.0,7.5,18.7,17
2019-03-10 11:00:00,3.0,0.0,5.6,19.1,50
2019-03-10 12:00:00,3.6,0.0,2.9,19.1,30
2019-03-10 13:00:00,4.0,0.0,2.1,18.7,329
2019-03-10 14:00:00,4.2,0.0,3.6,18.7,307
2019-03-10 15:00:00,4.1,0.0,3.6,18.7,307
2019-03-10 16:00:00,3.9,0.0,3.6,18.4,323
2019-03-10 17:00:00,3.0,0.0,3.8,16.2,319
2019-03-10 18:00:00,1.0,0.0,3.6,10.8,315
2019-03-10 19:00:00,0.1,0.0,1.9,10.8,22
2019-03-10 20:00:00,-0.6,0.0,3.0,5.8,76
2019-03-10 21:00:00,-0.7,0.0,5.4,8.3,94
2019-03-10 22:00:00,-1.0,0.0,6.5,9.0,96
2019-03-10 23:00:00,-1.4,0.0,8.6,9.0,88
2019-03-11 00:00:00,-1.4,0.0,8.7,9.4,85
2019-03-11 01:00:00,-1.6,0.0,7.9,10.4,87
2019-03-11 02:00:00,-1.8,0.0,7.2,10.4,93
2019-03-11 03:00:00,-2.0,0.0,7.6,9.4,93
2019-03-11 04:00:00,-1.9,0.0,6.5,9.0,90
2019-03-11 05:00:00,-1.8,0.0,6.9,8.6,81
2019-03-11 06:00:00,-1.8,0.0,7.0,10.4,78
2019-03-11 07:00:00,-1.8,0.0,6.7,11.2,74
2019-03-11 08:00:00,-1.2,0.0,6.2,11.2,80
2019-03-11 09:00:00,0.5,0.0,5.1,9.4,86
2019-03-11 10:00:00,2.2,0.0,4.5,11.2,104
2019-03-11 11:00:00,3.2,0.0,4.8,12.2,103
2019-03-11 12:00:00,4.3,0.0,6.0,13.7,123
2019-03-11 13:00:00,4.6,0.1,6.4,14.4,153
2019-03-11 14:00:00,4.3,0.6,7.6,17.6,161
2019-03-11 15:00:00,3.9,0.3,10.0,19.1,167
2019-03-11 16:00:00,3.7,0.4,10.4,24.1,166
2019-03-11 17:00:00,3.3,0.0,10.2,24.1,157
2019-03-11 18:00:00,2.8,0.0,10.5,20.5,153
2019-03-11 19:00:00,2.9,0.0,11.8,22.0,149
2019-03-11 20:00:00,2.9,0.0,13.0,24.5,146
2019-03-11 21:00:00,2.9,0.0,13.6,25.9,148
2019-03-11 22:00:00,3.1,0.0,14.3,27.4,146
2019-03-11 23:00:00,3.8,0.0,15.0,29.9,134
2019-03-12 00:00:00,3.8,0.0,17.1,33.5,138
2019-03-12 01:00:00,4.2,0.0,18.1,35.3,134
2019-03-12 02:00:00,4.3,0.0,19.1,38.5,136
2019-03-12 03:00:00,4.2,0.0,20.9,42.1,135
2019-03-12 04:00:00,4.4,0.0,21.9,43.9,134
2019-03-12 05:00:00,4.9,0.0,23.9,48.6,136
2019-03-12 06:00:00,5.3,0.0,26.0,51.8,134
2019-03-12 07:00:00,5.8,0.0,28.8,59.8,132
2019-03-12 08:00:00,6.3,0.1,32.1,67.3,134
2019-03-12 09:00:00,6.5,0.2,33.9,71.6,135
2019-03-12 10:00:00,6.3,0.6,35.1,75.2,135
2019-03-12 11:00:00,6.2,0.6,37.4,77.8,135
2019-03-12 12:00:00,5.9,1.0,35.9,78.5,138
2019-03-12 13:00:00,5.6,1.3,36.2,78.1,143
2019-03-12 14:00:00,5.4,1.7,36.3,75.2,146
2019-03-12 15:00:00,4.9,2.1,32.6,73.1,151
2019-03-12 16:00:00,4.3,2.3,28.5,65.9,154
2019-03-12 17:00:00,3.7,2.3,22.9,55.4,150
2019-03-12 18:00:00,3.5,1.9,18.1,47.2,136
2019-03-12 19:00:00,3.4,1.3,17.7,40.0,128
2019-03-12 20:00:00,3.5,0.6,17.6,36.4,125
2019-03-12 21:00:00,3.7,0.3,15.9,33.1,123
2019-03-12 22:00:00,3.7,0.2,14.7,29.9,121
2019-03-12 23:00:00,3.4,0.1,12.2,27.4,114
2019-03-13 00:00:00,3.4,0.1,12.7,26.3,115
2019-03-13 01:00:00,3.0,0.0,13.0,26.3,114
2019-03-13 02:00:00,3.0,0.2,12.4,25.2,112
2019-03-13 03:00:00,2.6,0.1,12.4,24.5,107
2019-03-13 04:00:00,1.8,0.0,11.6,23.4,97
2019-03-13 05:00:00,0.9,0.0,11.3,23.4,81
2019-03-13 06:00:00,0.2,0.0,10.4,22.7,70
2019-03-13 07:00:00,-0.6,0.0,9.2,20.9,64
2019-03-13 08:00:00,-0.9,0.0,9.3,19.1,54
2019-03-13 09:00:00,0.4,0.0,8.9,18.0,43
2019-03-13 10:00:00,2.8,0.0,7.5,18.7,35
2019-03-13 11:00:00,5.7,0.0,7.6,20.9,5
2019-03-13 12:00:00,6.9,0.0,12.9,27.4,342
2019-03-13 13:00:00,7.4,0.0,16.6,34.6,338
2019-03-13 14:00:00,7.8,0.0,16.5,35.6,340
2019-03-13 15:00:00,7.7,0.0,15.9,35.3,335
2019-03-13 16:00:00,7.2,0.0,17.4,38.9,326
2019-03-13 17:00:00,6.4,0.0,15.6,39.2,320
2019-03-13 18:00:00,5.3,0.0,10.4,33.8,316
2019-03-13 19:00:00,4.0,0.0,7.2,21.6,297
2019-03-13 20:00:00,3.2,0.0,8.3,15.5,272
2019-03-13 21:00:00,3.4,0.0,5.4,12.2,217
2019-03-13 22:00:00,3.6,0.0,6.8,10.8,177
2019-03-13 23:00:00,3.8,0.2,7.0,18.7,168
2019-03-14 00:00:00,4.0,0.5,9.8,22.7,172
2019-03-14 01:00:00,4.3,0.6,11.6,24.8,173
2019-03-14 02:00:00,4.4,0.9,11.2,24.8,174
2019-03-14 03:00:00,4.3,0.7,10.6,23.8,170
2019-03-14 04:00:00,4.2,0.6,10.2,23.4,157
2019-03-14 05:00:00,4.2,0.4,10.6,23.8,152
2019-03-14 06:00:00,4.1,0.2,10.4,24.5,146
2019-03-14 07:00:00,3.8,0.0,9.7,24.8,138
2019-03-14 08:00:00,3.9,0.1,9.1,19.8,124
2019-03-14 09:00:00,4.7,0.2,8.4,20.5,115
2019-03-14 10:00:00,5.6,0.0,7.9,18.4,114
2019-03-14 11:00:00,5.7,0.2,7.9,18.7,137
2019-03-14 12:00:00,6.2,0.0,4.9,16.2,144
2019-03-14 13:00:00,6.8,0.1,2.0,14.0,225
2019-03-14 14:00:00,6.9,0.2,4.5,14.0,299
2019-03-14 15:00:00,7.0,0.1,7.4,18.0,317
2019-03-14 16:00:00,7.1,0.1,10.7,21.2,318
2019-03-14 17:00:00,6.2,0.5,12.0,24.8,321
2019-03-14 18:00:00,5.2,0.0,10.5,25.2,329
2019-03-14 19:00:00,3.9,0.0,7.9,20.2,330
2019-03-14 20:00:00,2.7,0.0,8.4,15.1,329
2019-03-14 21:00:00,3.2,0.0,6.1,11.9,320
2019-03-14 22:00:00,4.5,0.0,3.1,10.4,234
2019-03-14 23:00:00,3.2,0.0,5.7,6.8,145
2019-03-15 00:00:00,3.8,0.0,6.3,10.8,149
2019-03-15 01:00:00,3.7,0.0,10.2,18.0,148
2019-03-15 02:00:00,3.6,0.0,12.6,23.8,149
2019-03-15 03:00:00,3.6,0.6,14.9,26.6,148
2019-03-15 04:00:00,3.7,0.2,16.1,31.7,141
2019-03-15 05:00:00,3.6,0.5,17.6,36.7,136
2019-03-15 06:00:00,3.4,0.7,17.3,38.2,137
2019-03-15 07:00:00,3.9,0.3,18.4,38.5,140
2019-03-15 08:00:00,4.1,0.8,18.9,39.6,140
2019-03-15 09:00:00,4.3,0.8,19.0,40.0,143
2019-03-15 10:00:00,4.3,1.0,17.3,40.0,144
2019-03-15 11:00:00,4.0,1.1,16.4,38.2,142
2019-03-15 12:00:00,4.4,1.2,16.5,37.1,148
2019-03-15 13:00:00,4.5,1.1,15.6,34.9,154
2019-03-15 14:00:00,4.8,1.0,15.4,31.0,159
2019-03-15 15:00:00,5.1,0.9,14.4,27.4,167
2019-03-15 16:00:00,5.1,0.6,13.8,25.2,174
2019-03-15 17:00:00,4.8,0.4,12.7,23.8,173
2019-03-15 18:00:00,4.5,0.3,11.2,24.5,174
2019-03-15 19:00:00,4.4,0.2,11.0,23.8,169
2019-03-15 20:00:00,3.9,0.2,10.5,24.5,172
2019-03-15 21:00:00,3.9,0.3,9.5,24.1,171
2019-03-15 22:00:00,4.0,0.3,8.4,22.3,170
2019-03-15 23:00:00,4.5,0.3,5.4,20.2,172
2019-03-16 00:00:00,4.5,0.2,6.5,19.8,180
2019-03-16 01:00:00,4.4,0.3,6.1,20.2,177
2019-03-16 02:00:00,4.3,0.5,6.2,20.2,173
2019-03-16 03:00:00,4.2,0.3,5.8,19.1,176
2019-03-16 04:00:00,4.0,0.3,4.7,17.3,180
2019-03-16 05:00:00,4.2,0.2,5.1,15.8,172
2019-03-16 06:00:00,4.2,0.3,6.3,16.2,167
2019-03-16 07:00:00,4.4,0.2,7.1,16.2,156
2019-03-16 08:00:00,4.6,0.3,8.9,19.4,148
2019-03-16 09:00:00,5.2,0.2,9.2,21.6,149
2019-03-16 10:00:00,5.8,0.2,10.2,25.9,148
2019-03-16 11:00:00,6.4,0.1,10.5,28.4,158
2019-03-16 12:00:00,7.0,0.2,12.3,28.1,173
2019-03-16 13:00:00,7.2,0.2,13.0,30.6,182
2019-03-16 14:00:00,7.2,0.2,13.0,31.0,182
2019-03-16 15:00:00,7.1,0.3,12.7,30.2,173
2019-03-16 16:00:00,6.5,0.8,14.1,28.1,167
2019-03-16 17:00:00,5.8,0.7,11.8,27.4,157
2019-03-16 18:00:00,5.5,0.0,11.7,23.8,146
2019-03-16 19:00:00,5.4,0.0,10.4,24.1,136
2019-03-16 20:00:00,5.0,0.3,8.7,20.2,120
2019-03-16 21:00:00,4.6,0.1,5.8,17.6,83
2019-03-16 22:00:00,4.6,0.1,8.2,15.5,38
2019-03-16 23:00:00,4.7,0.2,11.4,22.7,35
2019-03-17 00:00:00,4.8,0.4,16.1,31.7,29
2019-03-17 01:00:00,4.3,0.6,20.9,40.0,32
2019-03-17 02:00:00,4.1,0.7,23.3,46.4,32
2019-03-17 03:00:00,3.6,0.9,24.0,47.9,30
2019-03-17 04:00:00,3.5,0.9,23.0,46.8,27
2019-03-17 05:00:00,3.8,0.6,20.9,45.7,24
2019-03-17 06:00:00,4.0,0.3,20.0,42.8,18
2019-03-17 07:00:00,4.1,0.1,21.8,37.4,8
2019-03-17 08:00:00,4.4,0.0,23.1,42.8,3
2019-03-17 09:00:00,4.6,0.0,23.0,43.9,360
2019-03-17 10:00:00,4.9,0.2,22.3,43.6,359
2019-03-17 11:00:00,5.5,0.2,21.4,43.6,353
2019-03-17 12:00:00,6.5,0.0,20.5,43.2,357
2019-03-17 13:00:00,6.9,0.0,17.3,40.7,2
2019-03-17 14:00:00,7.3,0.0,15.5,37.8,356
2019-03-17 15:00:00,7.3,0.0,17.5,37.4,346
2019-03-17 16:00:00,7.1,0.0,20.2,40.0,344
2019-03-17 17:00:00,6.7,0.0,18.7,42.5,344
2019-03-17 18:00:00,6.3,0.0,19.0,44.6,341
2019-03-17 19:00:00,5.7,0.0,21.0,46.8,344
2019-03-17 20:00:00,5.4,0.0,22.6,42.8,346
2019-03-17 21:00:00,5.2,0.0,25.2,46.8,346
2019-03-17 22:00:00,5.1,0.0,28.5,53.3,347
2019-03-17 23:00:00,5.2,0.0,25.5,59.0,352
2019-03-18 00:00:00,5.2,0.0,26.6,61.6,351
2019-03-18 01:00:00,5.3,0.0,28.6,63.7,349
2019-03-18 02:00:00,5.5,0.0,30.0,65.2,347
2019-03-18 03:00:00,5.5,0.0,30.3,65.2,347
2019-03-18 04:00:00,5.4,0.0,29.7,65.2,346
2019-03-18 05:00:00,5.6,0.0,29.1,65.2,345
2019-03-18 06:00:00,5.7,0.0,29.5,64.1,344
2019-03-18 07:00:00,5.9,0.0,29.5,63.0,344
2019-03-18 08:00:00,6.2,0.0,29.9,61.9,345
2019-03-18 09:00:00,6.7,0.0,29.8,64.8,345
2019-03-18 10:00:00,7.0,0.0,32.0,65.9,346
2019-03-18 11:00:00,7.1,0.0,25.6,67.0,358
2019-03-18 12:00:00,7.3,0.0,22.6,67.0,352
2019-03-18 13:00:00,7.5,0.0,26.0,66.6,341
2019-03-18 14:00:00,7.5,0.0,29.5,65.5,340
2019-03-18 15:00:00,7.6,0.0,30.1,65.2,341
2019-03-18 16:00:00,7.4,0.0,28.9,63.4,341
2019-03-18 17:00:00,7.1,0.0,26.3,60.1,338
2019-03-18 18:00:00,6.3,0.0,24.7,55.1,339
2019-03-18 19:00:00,5.5,0.0,23.2,51.5,341
2019-03-18 20:00:00,4.9,0.0,21.8,46.4,344
2019-03-18 21:00:00,4.5,0.0,19.8,43.6,344
2019-03-18 22:00:00,4.0,0.0,18.0,39.2,344
2019-03-18 23:00:00,3.3,0.0,10.1,34.9,356
2019-03-19 00:00:00,2.7,0.0,8.0,29.2,355
2019-03-19 01:00:00,2.3,0.0,7.5,23.4,343
2019-03-19 02:00:00,1.8,0.0,7.7,18.4,332
2019-03-19 03:00:00,1.5,0.0,8.1,17.6,339
2019-03-19 04:00:00,0.8,0.0,5.0,16.2,21
2019-03-19 05:00:00,0.8,0.0,3.3,12.6,84
2019-03-19 06:00:00,2.1,0.0,4.3,8.6,114
2019-03-19 07:00:00,0.4,0.0,5.2,7.6,124
2019-03-19 08:00:00,2.3,0.0,8.1,14.4,135
2019-03-19 09:00:00,3.9,0.0,9.5,19.1,143
2019-03-19 10:00:00,5.9,0.0,12.6,24.8,153
2019-03-19 11:00:00,6.6,0.0,14.8,31.7,157
2019-03-19 12:00:00,7.3,0.0,18.1,37.8,167
2019-03-19 13:00:00,7.6,0.0,20.6,44.3,168
2019-03-19 14:00:00,7.8,0.0,22.8,48.2,168
2019-03-19 15:00:00,7.5,0.0,25.3,52.6,169
2019-03-19 16:00:00,7.3,0.0,25.1,53.3,164
2019-03-19 17:00:00,6.9,0.0,25.3,52.2,163
2019-03-19 18:00:00,6.5,0.2,25.7,53.6,160
2019-03-19 19:00:00,6.5,0.6,26.8,56.2,156
2019-03-19 20:00:00,6.4,0.5,27.9,58.7,156
2019-03-19 21:00:00,6.1,1.0,29.2,61.2,160
2019-03-19 22:00:00,6.0,1.4,28.2,61.6,161
2019-03-19 23:00:00,6.2,1.5,25.7,59.0,165
2019-03-20 00:00:00,6.6,1.3,21.7,56.2,174
2019-03-20 01:00:00,7.2,1.5,14.0,51.5,192
2019-03-20 02:00:00,7.6,0.8,10.2,37.1,231
2019-03-20 03:00:00,7.5,0.2,10.0,28.8,240
2019-03-20 04:00:00,7.6,0.2,11.8,29.2,230
2019-03-20 05:00:00,7.2,0.0,15.5,29.9,239
2019-03-20 06:00:00,7.3,0.3,17.4,30.6,246
2019-03-20 07:00:00,7.2,0.3,18.0,31.0,250
2019-03-20 08:00:00,7.6,0.0,18.6,38.2,252
2019-03-20 09:00:00,8.2,0.0,18.7,39.2,254
2019-03-20 10:00:00,8.6,0.0,17.6,38.2,255
2019-03-20 11:00:00,8.1,0.6,13.0,41.0,246
2019-03-20 12:00:00,9.1,0.0,14.3,37.4,242
2019-03-20 13:00:00,9.0,0.0,14.1,34.9,238
2019-03-20 14:00:00,9.1,0.0,14.2,34.6,234
2019-03-20 15:00:00,9.2,0.2,14.2,32.8,234
2019-03-20 16:00:00,8.8,0.1,13.0,31.0,228
2019-03-20 17:00:00,8.5,0.2,13.0,30.2,204
2019-03-20 18:00:00,8.3,0.2,14.7,29.9,197
2019-03-20 19:00:00,8.0,0.2,15.5,34.2,179
2019-03-20 20:00:00,8.0,0.2,19.1,37.8,169
2019-03-20 21:00:00,7.9,0.4,23.1,45.7,165
2019-03-20 22:00:00,7.7,0.7,27.0,55.4,161
2019-03-20 23:00:00,7.5,1.0,29.5,61.2,164
2019-03-21 00:00:00,7.7,1.7,29.4,63.0,169
2019-03-21 01:00:00,8.2,2.4,27.0,61.9,182
2019-03-21 02:00:00,9.0,3.5,26.0,56.9,194
2019-03-21 03:00:00,9.4,3.0,26.1,50.8,210
2019-03-21 04:00:00,9.3,3.1,24.8,48.2,221
2019-03-21 05:00:00,9.3,2.9,23.9,48.2,236
2019-03-21 06:00:00,9.3,2.6,20.9,48.2,251
2019-03-21 07:00:00,9.2,1.8,16.6,46.1,265
2019-03-21 08:00:00,8.9,0.7,12.4,33.8,278
2019-03-21 09:00:00,8.5,0.4,10.6,25.2,288
2019-03-21 10:00:00,8.5,0.2,8.7,20.5,275
2019-03-21 11:00:00,9.1,0.1,9.8,32.8,264
2019-03-21 12:00:00,9.0,0.7,15.2,34.2,274
2019-03-21 13:00:00,9.2,0.5,17.6,38.9,281
2019-03-21 14:00:00,9.3,0.0,17.4,37.8,283
2019-03-21 15:00:00,8.8,0.3,18.1,38.5,283
2019-03-21 16:00:00,8.7,0.2,16.9,38.9,286
2019-03-21 17:00:00,8.3,0.0,14.8,37.8,288
2019-03-21 18:00:00,7.8,0.0,10.4,29.2,290
2019-03-21 19:00:00,6.4,0.0,5.8,22.0,270
2019-03-21 20:00:00,5.4,0.0,4.3,11.2,180
2019-03-21 21:00:00,4.6,0.0,4.7,8.6,157
2019-03-21 22:00:00,4.3,0.0,5.8,11.2,158
2019-03-21 23:00:00,4.4,0.0,7.4,13.0,133
2019-03-22 00:00:00,4.1,0.0,10.9,16.6,134
2019-03-22 01:00:00,3.9,0.0,12.5,22.0,131
2019-03-22 02:00:00,3.7,0.0,12.7,23.0,135
2019-03-22 03:00:00,3.2,0.0,12.7,23.8,135
2019-03-22 04:00:00,3.5,0.0,14.3,27.4,141
2019-03-22 05:00:00,3.9,0.0,17.4,33.5,128
2019-03-22 06:00:00,4.4,0.0,15.9,36.7,128
2019-03-22 07:00:00,5.1,0.0,18.9,40.0,130
2019-03-22 08:00:00,6.1,0.0,22.3,44.3,142
2019-03-22 09:00:00,7.3,0.0,29.5,57.6,152
2019-03-22 10:00:00,7.8,0.5,32.5,64.8,159
2019-03-22 11:00:00,7.9,0.5,32.8,70.2,154
2019-03-22 12:00:00,8.0,0.5,35.6,75.2,156
2019-03-22 13:00:00,8.2,1.7,36.8,77.0,157
2019-03-22 14:00:00,8.9,0.2,37.0,77.8,164
2019-03-22 15:00:00,9.2,0.2,38.9,80.6,169
2019-03-22 16:00:00,8.7,0.6,38.2,81.0,171
2019-03-22 17:00:00,8.5,0.7,37.3,79.9,173
2019-03-22 18:00:00,8.3,0.8,36.6,77.4,173
2019-03-22 19:00:00,8.1,1.1,35.8,74.2,175
2019-03-22 20:00:00,8.2,2.0,33.8,73.8,181
2019-03-22 21:00:00,8.2,2.6,30.9,69.8,191
2019-03-22 22:00:00,8.4,2.4,26.3,64.1,210
2019-03-22 23:00:00,8.4,1.0,23.2,56.9,226
2019-03-23 00:00:00,7.9,0.7,22.2,56.5,223
2019-03-23 01:00:00,7.4,0.0,25.5,57.2,224
2019-03-23 02:00:00,7.3,0.3,28.1,59.4,229
2019-03-23 03:00:00,6.9,0.0,30.9,63.0,236
2019-03-23 04:00:00,7.0,0.0,32.4,64.1,241
2019-03-23 05:00:00,6.6,0.0,29.6,64.4,243
2019-03-23 06:00:00,6.3,0.2,29.0,68.0,245
2019-03-23 07:00:00,6.4,0.0,29.3,69.5,244
2019-03-23 08:00:00,6.6,0.0,29.8,69.5,242
2019-03-23 09:00:00,6.6,0.0,30.9,71.3,241
2019-03-23 10:00:00,6.9,0.0,34.3,76.7,242
2019-03-23 11:00:00,6.8,0.0,29.8,80.3,245
2019-03-23 12:00:00,6.2,0.7,32.6,81.0,247
2019-03-23 13:00:00,6.4,0.1,33.2,79.2,257
2019-03-23 14:00:00,6.8,0.0,35.9,83.9,264
2019-03-23 15:00:00,7.1,0.0,33.2,85.7,268
2019-03-23 16:00:00,6.7,0.0,32.8,83.9,271
2019-03-23 17:00:00,6.5,0.7,34.6,79.6,278
2019-03-23 18:00:00,6.2,0.0,31.0,75.6,285
2019-03-23 19:00:00,6.1,0.4,29.1,69.1,288
2019-03-23 20:00:00,5.7,0.3,25.5,66.6,289
2019-03-23 21:00:00,5.5,0.0,20.4,54.4,284
2019-03-23 22:00:00,5.4,0.0,16.3,48.2,278
2019-03-23 23:00:00,5.1,0.0,8.8,37.4,251
2019-03-24 00:00:00,5.1,0.0,9.2,28.8,211
2019-03-24 01:00:00,5.5,0.1,13.5,33.1,205
2019-03-24 02:00:00,5.9,0.3,17.6,39.6,215
2019-03-24 03:00:00,6.1,0.6,20.7,46.4,220
2019-03-24 04:00:00,6.2,0.5,25.5,47.5,224
2019-03-24 05:00:00,6.2,0.5,23.9,49.0,224
2019-03-24 06:00:00,6.2,0.5,22.4,49.0,225
2019-03-24 07:00:00,6.3,0.4,21.6,47.2,226
2019-03-24 08:00:00,6.2,0.5,22.2,46.8,223
2019-03-24 09:00:00,6.4,0.3,21.5,47.5,218
2019-03-24 10:00:00,6.8,0.4,21.4,42.5,209
2019-03-24 11:00:00,6.7,0.6,20.3,46.4,200
2019-03-24 12:00:00,6.2,1.2,22.3,50.8,194
2019-03-24 13:00:00,6.3,1.0,21.5,50.0,201
2019-03-24 14:00:00,6.1,0.8,21.1,49.3,207
2019-03-24 15:00:00,5.9,1.4,21.7,49.0,209
2019-03-24 16:00:00,5.5,2.1,18.8,42.8,209
2019-03-24 17:00:00,5.3,1.3,16.9,39.2,214
2019-03-24 18:00:00,5.0,1.0,11.8,33.1,232
2019-03-24 19:00:00,4.2,1.3,10.7,32.8,258
2019-03-24 20:00:00,4.2,0.4,10.1,22.7,276
2019-03-24 21:00:00,4.2,0.2,9.4,19.4,293
2019-03-24 22:00:00,3.7,0.2,10.0,16.9,311
2019-03-24 23:00:00,3.9,0.2,6.4,15.5,344
2019-03-25 00:00:00,3.3,0.1,5.4,12.6,352
2019-03-25 01:00:00,3.0,0.0,5.8,11.5,4
2019-03-25 02:00:00,2.6,0.0,8.6,11.9,358
2019-03-25 03:00:00,2.4,0.0,8.6,13.7,2
2019-03-25 04:00:00,2.7,0.0,10.9,17.6,6
2019-03-25 05:00:00,2.8,0.0,13.3,21.2,2
2019-03-25 06:00:00,3.1,0.0,14.8,25.2,3
2019-03-25 07:00:00,2.7,0.0,12.3,25.9,3
2019-03-25 08:00:00,4.0,0.0,13.0,24.5,357
2019-03-25 09:00:00,5.7,0.0,12.4,25.6,350
2019-03-25 10:00:00,6.4,0.0,17.6,36.0,345
2019-03-25 11:00:00,6.6,0.0,15.4,45.4,344
2019-03-25 12:00:00,7.1,0.0,18.4,52.6,337
2019-03-25 13:00:00,7.3,0.0,19.0,54.0,335
2019-03-25 14:00:00,7.3,0.0,20.3,52.2,333
2019-03-25 15:00:00,7.0,0.0,19.7,52.9,332
2019-03-25 16:00:00,7.1,0.0,16.6,50.8,326
2019-03-25 17:00:00,7.1,0.0,13.2,41.8,313
2019-03-25 18:00:00,6.4,0.0,13.1,34.2,302
2019-03-25 19:00:00,5.7,0.0,13.0,29.2,309
2019-03-25 20:00:00,5.5,0.0,14.1,29.2,328
2019-03-25 21:00:00,5.0,0.0,15.3,30.2,336
2019-03-25 22:00:00,5.1,0.0,16.3,33.1,338
2019-03-25 23:00:00,4.8,0.0,17.1,34.2,338
2019-03-26 00:00:00,4.6,0.0,17.2,34.9,340
2019-03-26 01:00:00,4.6,0.0,16.3,33.5,342
2019-03-26 02:00:00,4.6,0.0,15.3,30.2,336
2019-03-26 03:00:00,4.9,0.0,13.5,28.1,335
2019-03-26 04:00:00,4.9,0.0,11.3,25.9,343
2019-03-26 05:00:00,4.7,0.0,7.6,23.8,357
2019-03-26 06:00:00,4.2,0.0,4.0,18.4,27
2019-03-26 07:00:00,4.3,0.0,3.3,11.9,131
2019-03-26 08:00:00,4.6,0.0,7.3,12.2,147
2019-03-26 09:00:00,4.8,0.0,10.5,19.4,153
2019-03-26 10:00:00,4.9,0.1,12.5,24.5,162
2019-03-26 11:00:00,4.6,0.3,14.7,28.1,163
2019-03-26 12:00:00,4.4,0.5,15.8,32.8,159
2019-03-26 13:00:00,4.6,0.8,18.6,37.8,165
2019-03-26 14:00:00,4.6,1.3,16.7,35.6,166
2019-03-26 15:00:00,5.2,1.4,15.3,34.2,172
2019-03-26 16:00:00,5.5,1.1,13.1,32.4,171
2019-03-26 17:00:00,5.9,0.7,13.3,29.5,180
2019-03-26 18:00:00,6.1,0.7,11.6,28.1,187
2019-03-26 19:00:00,6.4,0.5,8.7,24.8,197
2019-03-26 20:00:00,6.6,0.4,5.6,21.6,230
2019-03-26 21:00:00,6.4,0.3,6.5,16.2,264
2019-03-26 22:00:00,6.2,0.1,7.9,15.1,286
2019-03-26 23:00:00,6.8,0.0,7.2,19.4,288
2019-03-27 00:00:00,6.8,0.0,7.0,21.2,291
2019-03-27 01:00:00,6.7,0.0,5.8,19.4,300
2019-03-27 02:00:00,6.4,0.0,4.8,15.8,297
2019-03-27 03:00:00,6.1,0.0,4.6,13.0,288
2019-03-27 04:00:00,6.2,0.0,5.0,12.2,291
2019-03-27 05:00:00,6.4,0.0,2.3,10.8,252
2019-03-27 06:00:00,5.5,0.0,2.3,8.3,129
2019-03-27 07:00:00,5.3,0.0,2.8,6.1,130
2019-03-27 08:00:00,6.5,0.0,6.1,10.4,135
2019-03-27 09:00:00,7.4,0.0,7.0,14.4,145
2019-03-27 10:00:00,8.1,0.0,8.4,19.1,160
2019-03-27 11:00:00,8.4,0.0,9.1,21.6,171
2019-03-27 12:00:00,8.5,0.0,9.4,22.0,180
2019-03-27 13:00:00,8.9,0.0,10.1,22.3,178
2019-03-27 14:00:00,8.8,0.0,10.9,23.8,172
2019-03-27 15:00:00,9.1,0.0,11.7,24.5,169
2019-03-27 16:00:00,8.7,0.0,11.6,24.8,175
2019-03-27 17:00:00,8.3,0.1,10.9,22.7,174
2019-03-27 18:00:00,8.2,0.1,11.3,23.4,171
2019-03-27 19:00:00,8.1,0.0,11.5,24.5,176
2019-03-27 20:00:00,8.0,0.0,11.5,24.1,180
2019-03-27 21:00:00,7.8,0.2,10.9,24.8,186
2019-03-27 22:00:00,7.8,0.2,10.7,24.1,194
2019-03-27 23:00:00,7.8,0.5,9.9,23.4,199
2019-03-28 00:00:00,7.9,0.8,9.8,23.4,204
2019-03-28 01:00:00,7.7,0.6,10.0,22.3,201
2019-03-28 02:00:00,8.0,0.5,11.2,22.3,213
2019-03-28 03:00:00,8.1,0.2,12.0,22.3,224
2019-03-28 04:00:00,8.1,0.0,11.6,20.2,216
2019-03-28 05:00:00,8.1,0.0,12.2,23.8,204
2019-03-28 06:00:00,8.2,0.0,13.7,27.0,203
2019-03-28 07:00:00,8.4,0.1,14.1,27.7,199
2019-03-28 08:00:00,8.6,0.0,14.5,30.2,207
2019-03-28 09:00:00,9.1,0.0,17.1,33.8,208
2019-03-28 10:00:00,9.3,0.0,18.7,37.8,205
2019-03-28 11:00:00,9.4,0.0,18.8,41.0,192
2019-03-28 12:00:00,9.4,0.0,21.8,43.6,196
2019-03-28 13:00:00,9.5,0.0,21.7,42.1,192
2019-03-28 14:00:00,9.6,0.0,21.8,44.3,189
2019-03-28 15:00:00,9.4,0.0,21.4,45.0,188
2019-03-28 16:00:00,9.3,0.0,20.7,43.9,188
2019-03-28 17:00:00,8.9,0.0,20.5,42.8,183
2019-03-28 18:00:00,8.7,0.0,20.9,41.0,182
2019-03-28 19:00:00,8.3,0.0,19.8,41.4,182
2019-03-28 20:00:00,8.1,0.0,20.2,41.0,180
2019-03-28 21:00:00,7.9,0.0,21.0,43.2,174
2019-03-28 22:00:00,7.7,0.0,21.3,44.3,175
2019-03-28 23:00:00,7.7,0.0,21.4,45.0,172
2019-03-29 00:00:00,7.7,0.0,22.4,45.4,174
2019-03-29 01:00:00,7.6,0.0,22.3,45.0,178
2019-03-29 02:00:00,7.6,0.0,21.6,45.4,180
2019-03-29 03:00:00,7.5,0.0,20.2,45.0,181
2019-03-29 04:00:00,7.5,0.0,19.8,43.6,180
2019-03-29 05:00:00,7.7,0.0,19.4,42.5,181
2019-03-29 06:00:00,7.8,0.0,18.4,41.4,184
2019-03-29 07:00:00,8.0,0.0,18.4,40.3,186
2019-03-29 08:00:00,8.2,0.0,19.1,37.8,191
2019-03-29 09:00:00,8.5,0.0,19.6,40.0,194
2019-03-29 10:00:00,8.7,0.0,21.4,43.9,197
2019-03-29 11:00:00,9.1,0.0,19.6,47.5,194
2019-03-29 12:00:00,9.2,0.0,22.2,48.6,197
2019-03-29 13:00:00,9.3,0.0,23.1,49.3,203
2019-03-29 14:00:00,9.2,0.1,24.0,49.0,208
2019-03-29 15:00:00,8.8,0.2,23.4,47.9,209
2019-03-29 16:00:00,8.6,0.1,22.5,49.0,212
2019-03-29 17:00:00,8.8,0.2,21.9,46.4,224
2019-03-29 18:00:00,8.6,0.3,18.4,44.3,230
2019-03-29 19:00:00,8.5,0.3,15.7,40.0,233
2019-03-29 20:00:00,8.3,0.4,13.9,32.4,239
2019-03-29 21:00:00,8.1,0.4,12.6,29.2,246
2019-03-29 22:00:00,7.9,0.2,11.4,25.9,246
2019-03-29 23:00:00,7.7,0.2,9.0,31.7,247
2019-03-30 00:00:00,7.3,0.3,7.8,23.8,236
2019-03-30 01:00:00,6.9,0.0,7.7,20.9,242
2019-03-30 02:00:00,6.6,0.2,8.0,20.9,243
2019-03-30 03:00:00,6.6,0.3,7.9,20.5,240
2019-03-30 04:00:00,6.6,0.5,8.3,22.0,236
2019-03-30 05:00:00,6.4,0.5,8.6,20.9,237
2019-03-30 06:00:00,6.1,0.6,8.3,21.6,236
2019-03-30 07:00:00,5.8,0.7,9.0,21.6,233
2019-03-30 08:00:00,5.8,0.6,10.8,20.9,240
2019-03-30 09:00:00,5.8,0.7,11.1,22.3,234
2019-03-30 10:00:00,5.9,0.6,12.9,27.4,234
2019-03-30 11:00:00,5.6,0.6,13.1,30.2,238
2019-03-30 12:00:00,5.8,0.6,13.1,34.2,233
2019-03-30 13:00:00,5.9,0.9,14.9,38.9,238
2019-03-30 14:00:00,6.4,0.6,16.1,42.5,243
2019-03-30 15:00:00,6.5,0.6,17.2,45.0,250
2019-03-30 16:00:00,6.3,0.7,18.2,48.6,252
2019-03-30 17:00:00,5.8,0.6,20.9,51.8,255
2019-03-30 18:00:00,4.7,1.3,23.8,54.0,266
2019-03-30 19:00:00,4.6,0.3,22.5,50.0,276
2019-03-30 20:00:00,4.1,0.3,24.0,46.8,306
2019-03-30 21:00:00,3.4,0.3,29.6,55.1,328
2019-03-30 22:00:00,3.0,0.0,29.7,58.7,331
2019-03-30 23:00:00,2.4,0.1,23.5,59.4,328
2019-03-31 00:00:00,2.2,0.2,24.2,59.0,332
2019-03-31 01:00:00,2.3,0.0,24.2,55.8,335
2019-03-31 02:00:00,2.3,0.0,22.1,51.1,338
2019-03-31 03:00:00,2.5,0.0,19.7,46.8,339
2019-03-31 04:00:00,2.3,0.2,17.9,43.2,338
2019-03-31 05:00:00,2.0,0.0,15.5,39.2,335
2019-03-31 06:00:00,2.0,0.0,14.8,35.3,334
2019-03-31 07:00:00,2.2,0.0,14.3,33.8,332
2019-03-31 08:00:00,2.7,0.0,15.3,37.4,330
2019-03-31 09:00:00,3.0,0.1,17.7,41.0,331
2019-03-31 10:00:00,3.4,0.1,18.2,45.4,330
2019-03-31 11:00:00,3.8,0.0,11.9,49.0,331
2019-03-31 12:00:00,4.1,0.0,13.2,50.8,325
2019-03-31 13:00:00,4.5,0.0,14.2,49.7,324
2019-03-31 14:00:00,4.5,0.0,15.5,48.2,324
2019-03-31 15:00:00,4.9,0.0,15.6,46.1,326
2019-03-31 16:00:00,4.8,0.3,15.6,43.6,326
2019-03-31 17:00:00,4.5,0.0,13.5,34.2,326
2019-03-31 18:00:00,4.3,0.0,10.7,28.4,318
2019-03-31 19:00:00,2.6,0.0,6.0,19.8,303
2019-03-31 20:00:00,3.8,0.0,5.1,13.0,274
2019-03-31 21:00:00,2.3,0.0,4.8,9.7,207
2019-03-31 22:00:00,2.9,0.0,5.8,10.1,184
2019-03-31 23:00:00,2.8,0.0,8.7,14.4,163
2019-04-01 00:00:00,3.1,0.0,11.2,18.4,159
2019-04-01 01:00:00,3.5,0.0,11.4,21.2,167
2019-04-01 02:00:00,3.6,0.0,11.1,22.7,167
2019-04-01 03:00:00,3.7,0.0,11.6,23.0,158
2019-04-01 04:00:00,3.7,0.0,12.3,23.0,159
2019-04-01 05:00:00,3.7,0.0,13.1,25.2,164
2019-04-01 06:00:00,3.7,0.0,13.6,27.0,163
2019-04-01 07:00:00,4.0,0.0,14.0,28.4,157
2019-04-01 08:00:00,4.5,0.0,14.0,29.9,157
2019-04-01 09:00:00,5.5,0.0,14.8,33.1,157
2019-04-01 10:00:00,6.3,0.0,16.8,37.1,165
2019-04-01 11:00:00,6.5,0.0,15.7,40.7,169
2019-04-01 12:00:00,6.6,0.0,17.4,43.6,174
2019-04-01 13:00:00,6.9,0.0,19.8,47.9,181
2019-04-01 14:00:00,6.9,0.0,21.7,51.1,187
2019-04-01 15:00:00,6.5,0.0,22.2,51.5,193
2019-04-01 16:00:00,6.2,0.0,21.8,49.7,193
2019-04-01 17:00:00,5.8,0.0,21.8,48.6,189
2019-04-01 18:00:00,5.4,0.0,21.3,47.9,186
2019-04-01 19:00:00,4.7,0.0,21.3,45.4,185
2019-04-01 20:00:00,4.3,0.0,22.3,44.3,180
2019-04-01 21:00:00,4.4,0.0,23.8,48.2,176
2019-04-01 22:00:00,4.7,0.0,24.8,51.1,171
2019-04-01 23:00:00,4.9,0.0,23.3,52.6,158
2019-04-02 00:00:00,4.9,0.0,23.2,52.6,152
2019-04-02 01:00:00,4.9,0.0,23.9,52.9,146
2019-04-02 02:00:00,4.9,0.0,23.8,53.3,142
2019-04-02 03:00:00,5.0,0.0,23.2,54.4,139
2019-04-02 04:00:00,5.0,0.0,23.2,54.0,136
2019-04-02 05:00:00,5.2,0.0,22.7,53.6,132
2019-04-02 06:00:00,5.3,0.0,21.3,51.8,129
2019-04-02 07:00:00,5.6,0.0,20.0,50.8,128
2019-04-02 08:00:00,6.1,0.0,18.5,40.0,127
2019-04-02 09:00:00,6.8,0.0,16.8,37.4,125
2019-04-02 10:00:00,7.5,0.0,17.4,38.9,124
2019-04-02 11:00:00,8.3,0.0,18.5,40.3,123
2019-04-02 12:00:00,9.2,0.0,18.7,43.2,128
2019-04-02 13:00:00,9.5,0.0,20.1,42.8,133
2019-04-02 14:00:00,9.7,0.0,19.5,41.0,129
2019-04-02 15:00:00,9.8,0.0,17.3,38.5,121
2019-04-02 16:00:00,9.1,0.0,15.1,36.0,115
2019-04-02 17:00:00,7.8,1.0,14.1,30.2,105
2019-04-02 18:00:00,7.2,0.3,13.0,40.3,88
2019-04-02 19:00:00,6.9,0.6,10.6,41.0,80
2019-04-02 20:00:00,6.5,0.1,6.8,22.3,90
2019-04-02 21:00:00,6.6,0.0,7.2,15.5,96
2019-04-02 22:00:00,6.6,0.2,6.8,13.3,87
2019-04-02 23:00:00,7.0,0.0,6.0,14.0,57
2019-04-03 00:00:00,7.0,0.0,7.9,18.4,74
2019-04-03 01:00:00,6.8,0.0,9.2,19.1,79
2019-04-03 02:00:00,6.5,0.0,9.4,20.2,72
2019-04-03 03:00:00,6.3,0.0,9.7,21.6,68
2019-04-03 04:00:00,5.7,0.0,10.8,22.7,69
2019-04-03 05:00:00,5.5,0.0,11.6,23.0,68
2019-04-03 06:00:00,5.5,0.0,11.8,23.4,67
2019-04-03 07:00:00,5.8,0.0,12.1,21.6,67
2019-04-03 08:00:00,6.3,0.0,11.3,26.6,68
2019-04-03 09:00:00,7.0,0.5,8.0,22.3,72
2019-04-03 10:00:00,7.2,0.2,6.5,18.7,71
2019-04-03 11:00:00,7.8,0.2,9.1,20.9,83
2019-04-03 12:00:00,8.2,0.1,8.8,20.5,71
2019-04-03 13:00:00,8.5,0.2,9.2,15.5,59
2019-04-03 14:00:00,8.6,0.2,9.9,12.6,46
2019-04-03 15:00:00,8.9,0.0,10.3,16.6,36
2019-04-03 16:00:00,9.1,0.0,9.7,18.7,22
2019-04-03 17:00:00,9.3,0.0,9.4,19.8,360
2019-04-03 18:00:00,8.8,0.0,10.1,18.7,354
2019-04-03 19:00:00,8.3,0.0,10.8,16.9,4
2019-04-03 20:00:00,7.7,0.0,9.9,19.4,10
2019-04-03 21:00:00,7.1,0.0,8.8,16.9,9
2019-04-03 22:00:00,6.5,0.0,9.5,16.2,9
2019-04-03 23:00:00,6.1,0.0,9.0,16.6,37
2019-04-04 00:00:00,6.0,0.0,9.4,15.5,50
2019-04-04 01:00:00,5.5,0.0,8.9,15.8,58
2019-04-04 02:00:00,5.4,0.0,8.2,17.6,61
2019-04-04 03:00:00,5.2,0.0,8.9,18.0,58
2019-04-04 04:00:00,5.0,0.0,8.7,16.9,66
2019-04-04 05:00:00,5.0,0.0,10.0,16.2,60
2019-04-04 06:00:00,5.0,0.0,10.7,15.8,57
2019-04-04 07:00:00,5.7,0.0,10.8,16.2,60
2019-04-04 08:00:00,7.6,0.0,11.6,22.3,60
2019-04-04 09:00:00,10.1,0.0,11.6,23.8,60
2019-04-04 10:00:00,12.0,0.0,11.9,25.6,65
2019-04-04 11:00:00,14.2,0.0,12.0,28.1,74
2019-04-04 12:00:00,15.2,0.0,12.4,27.7,68
2019-04-04 13:00:00,16.0,0.0,12.2,26.6,62
2019-04-04 14:00:00,16.3,0.0,11.6,25.6,64
2019-04-04 15:00:00,16.6,0.0,10.8,23.0,69
2019-04-04 16:00:00,16.6,0.0,10.6,20.9,72
2019-04-04 17:00:00,16.0,0.0,10.6,20.9,66
2019-04-04 18:00:00,15.0,0.0,10.5,21.2,59
2019-04-04 19:00:00,13.6,0.0,8.5,20.9,62
2019-04-04 20:00:00,11.5,0.0,6.6,16.2,68
2019-04-04 21:00:00,10.4,0.0,6.2,13.7,83
2019-04-04 22:00:00,9.2,0.0,6.5,11.9,109
2019-04-04 23:00:00,9.0,0.0,7.4,13.3,113
2019-04-05 00:00:00,8.0,0.0,6.7,13.3,106
2019-04-05 01:00:00,7.5,0.0,7.6,13.0,85
2019-04-05 02:00:00,7.0,0.0,8.9,14.4,76
2019-04-05 03:00:00,6.4,0.0,9.6,16.2,70
2019-04-05 04:00:00,6.2,0.0,10.3,17.6,65
2019-04-05 05:00:00,6.2,0.0,10.6,18.4,66
2019-04-05 06:00:00,5.6,0.0,10.5,18.0,68
2019-04-05 07:00:00,6.2,0.0,11.3,17.3,68
2019-04-05 08:00:00,7.9,0.0,10.7,21.6,70
2019-04-05 09:00:00,10.6,0.0,9.1,20.9,72
2019-04-05 10:00:00,12.9,0.0,8.7,20.2,73
2019-04-05 11:00:00,14.7,0.0,10.2,20.5,82
2019-04-05 12:00:00,15.6,0.0,8.0,20.5,85
2019-04-05 13:00:00,16.4,0.0,6.0,18.4,73
2019-04-05 14:00:00,16.7,0.0,4.8,14.8,48
2019-04-05 15:00:00,16.6,0.0,4.2,12.6,20
2019-04-05 16:00:00,16.2,0.0,5.4,9.7,8
2019-04-05 17:00:00,15.5,0.0,5.8,11.2,356
2019-04-05 18:00:00,14.7,0.0,6.4,10.1,16
2019-04-05 19:00:00,12.7,0.0,7.4,9.4,39
2019-04-05 20:00:00,11.1,0.0,8.2,13.3,61
2019-04-05 21:00:00,10.4,0.0,6.6,11.2,77
2019-04-05 22:00:00,9.8,0.0,5.4,9.7,98
2019-04-05 23:00:00,8.9,0.0,5.2,8.6,106
2019-04-06 00:00:00,8.5,0.0,4.2,9.4,121
2019-04-06 01:00:00,8.0,0.0,6.1,10.8,135
2019-04-06 02:00:00,7.5,0.0,7.4,12.2,141
2019-04-06 03:00:00,7.4,0.0,7.1,12.2,139
2019-04-06 04:00:00,6.9,0.0,6.1,11.5,135
2019-04-06 05:00:00,6.3,0.0,4.8,10.4,117
2019-04-06 06:00:00,5.8,0.0,4.3,10.1,95
2019-04-06 07:00:00,6.2,0.0,4.7,9.0,81
2019-04-06 08:00:00,7.7,0.0,4.7,10.8,81
2019-04-06 09:00:00,9.3,0.0,2.8,9.4,50
2019-04-06 10:00:00,10.8,0.0,4.7,11.5,360
2019-04-06 11:00:00,12.0,0.0,8.9,18.7,339
2019-04-06 12:00:00,12.5,0.0,10.6,24.1,342
2019-04-06 13:00:00,12.9,0.0,11.3,28.1,333
2019-04-06 14:00:00,12.7,0.0,13.4,31.3,333
2019-04-06 15:00:00,12.5,0.0,14.8,33.5,334
2019-04-06 16:00:00,12.1,0.0,15.8,33.8,336
2019-04-06 17:00:00,11.2,0.0,15.0,33.1,336
2019-04-06 18:00:00,10.1,0.0,14.7,31.7,335
2019-04-06 19:00:00,8.6,0.0,14.5,29.2,337
2019-04-06 20:00:00,7.4,0.0,13.4,27.4,336
2019-04-06 21:00:00,6.8,0.0,11.6,24.5,338
2019-04-06 22:00:00,6.3,0.0,10.2,20.9,337
2019-04-06 23:00:00,5.5,0.0,8.8,17.6,341
2019-04-07 00:00:00,4.8,0.0,7.0,15.8,339
2019-04-07 01:00:00,3.9,0.0,4.0,13.7,360
2019-04-07 02:00:00,5.4,0.0,2.3,13.3,342
2019-04-07 03:00:00,5.1,0.0,1.1,9.7,18
2019-04-07 04:00:00,4.8,0.0,3.6,7.6,84
2019-04-07 05:00:00,4.0,0.0,5.1,8.3,98
2019-04-07 06:00:00,4.2,0.0,5.2,8.3,106
2019-04-07 07:00:00,5.1,0.0,3.8,7.9,107
2019-04-07 08:00:00,5.9,0.0,3.6,11.2,90
2019-04-07 09:00:00,7.4,0.0,1.8,10.4,90
2019-04-07 10:00:00,8.4,0.0,0.7,9.4,180
2019-04-07 11:00:00,9.5,0.0,4.7,12.6,261
2019-04-07 12:00:00,10.3,0.0,5.0,15.5,270
2019-04-07 13:00:00,10.9,0.0,5.4,18.0,250
2019-04-07 14:00:00,10.8,0.0,7.9,22.3,227
2019-04-07 15:00:00,10.3,0.0,10.0,25.2,218
2019-04-07 16:00:00,9.5,0.0,9.4,25.2,212
2019-04-07 17:00:00,8.8,0.0,7.6,23.8,205
2019-04-07 18:00:00,8.0,0.0,5.6,20.5,195
2019-04-07 19:00:00,7.1,0.0,3.6,15.1,180
2019-04-07 20:00:00,6.1,0.0,3.7,8.6,151
2019-04-07 21:00:00,6.3,0.0,2.8,6.8,140
2019-04-07 22:00:00,6.6,0.0,2.7,5.8,113
2019-04-07 23:00:00,5.3,0.0,3.7,7.2,79
2019-04-08 00:00:00,4.9,0.0,3.1,7.9,69
2019-04-08 01:00:00,4.3,0.0,4.5,7.6,61
2019-04-08 02:00:00,4.2,0.0,4.5,7.6,61
2019-04-08 03:00:00,3.6,0.0,5.2,7.6,65
2019-04-08 04:00:00,2.9,0.0,5.4,7.2,70
2019-04-08 05:00:00,3.5,0.0,5.6,6.8,75
2019-04-08 06:00:00,3.2,0.0,4.7,5.4,81
2019-04-08 07:00:00,4.2,0.1,5.4,6.8,82
2019-04-08 08:00:00,5.4,0.0,4.5,11.9,76
2019-04-08 09:00:00,6.9,0.0,3.8,11.5,73
2019-04-08 10:00:00,7.9,0.0,2.6,11.9,74
2019-04-08 11:00:00,9.6,0.0,2.9,10.8,97
2019-04-08 12:00:00,9.7,0.0,1.3,16.2,304
2019-04-08 13:00:00,9.9,0.0,5.5,23.0,302
2019-04-08 14:00:00,10.2,0.0,7.8,26.6,304
2019-04-08 15:00:00,10.1,0.0,9.9,29.9,303
2019-04-08 16:00:00,9.3,0.0,12.2,31.3,304
2019-04-08 17:00:00,8.8,0.0,13.8,31.7,309
2019-04-08 18:00:00,8.0,0.0,13.5,29.9,314
2019-04-08 19:00:00,6.9,0.0,11.5,23.8,319
2019-04-08 20:00:00,4.8,0.0,9.4,22.3,328
2019-04-08 21:00:00,4.8,0.0,8.9,17.6,333
2019-04-08 22:00:00,5.9,0.0,7.6,14.4,341
2019-04-08 23:00:00,5.7,0.0,2.9,13.0,60
2019-04-09 00:00:00,5.2,0.0,3.6,7.2,96
2019-04-09 01:00:00,4.3,0.0,4.8,6.5,117
2019-04-09 02:00:00,1.7,0.0,5.3,9.4,118
2019-04-09 03:00:00,1.8,0.0,4.3,9.0,114
2019-04-09 04:00:00,1.5,0.0,5.2,9.4,102
2019-04-09 05:00:00,1.3,0.0,5.9,10.8,101
2019-04-09 06:00:00,1.3,0.0,6.3,12.6,103
2019-04-09 07:00:00,2.7,0.0,7.4,16.2,113
2019-04-09 08:00:00,4.5,0.0,8.2,16.6,131
2019-04-09 09:00:00,5.9,0.0,9.7,20.5,158
2019-04-09 10:00:00,6.6,0.0,14.6,31.3,190
2019-04-09 11:00:00,7.5,0.0,14.7,34.9,191
2019-04-09 12:00:00,7.5,0.0,13.9,34.9,205
2019-04-09 13:00:00,7.4,0.0,12.7,33.8,215
2019-04-09 14:00:00,7.3,0.0,11.5,31.3,226
2019-04-09 15:00:00,7.4,0.0,9.8,27.4,234
2019-04-09 16:00:00,7.2,0.2,7.1,22.3,246
2019-04-09 17:00:00,7.2,0.2,5.8,16.9,266
2019-04-09 18:00:00,6.7,0.0,5.3,12.2,298
2019-04-09 19:00:00,5.7,0.0,4.6,8.3,315
2019-04-09 20:00:00,4.0,0.0,6.4,12.2,322
2019-04-09 21:00:00,3.7,0.0,4.6,10.8,321
2019-04-09 22:00:00,3.3,0.0,2.2,9.4,261
2019-04-09 23:00:00,4.8,0.0,7.2,6.1,143
2019-04-10 00:00:00,3.6,0.0,8.5,6.5,152
2019-04-10 01:00:00,1.8,0.0,8.6,9.0,147
2019-04-10 02:00:00,1.7,0.0,7.7,9.7,131
2019-04-10 03:00:00,1.6,0.0,7.2,9.7,117
2019-04-10 04:00:00,1.4,0.0,6.4,9.4,106
2019-04-10 05:00:00,1.1,0.0,5.9,9.0,104
2019-04-10 06:00:00,1.4,0.0,5.9,9.4,104
2019-04-10 07:00:00,2.6,0.0,6.4,11.2,106
2019-04-10 08:00:00,4.2,0.0,6.3,14.8,121
2019-04-10 09:00:00,5.1,0.0,6.9,16.6,141
2019-04-10 10:00:00,5.7,0.0,9.5,22.0,171
2019-04-10 11:00:00,7.0,0.0,9.0,25.6,203
2019-04-10 12:00:00,7.1,0.0,9.5,28.1,217
2019-04-10 13:00:00,7.3,0.0,10.5,29.5,229
2019-04-10 14:00:00,7.5,0.0,10.9,29.9,236
2019-04-10 15:00:00,7.0,0.0,11.0,29.9,238
2019-04-10 16:00:00,7.0,0.0,10.6,28.4,242
2019-04-10 17:00:00,6.9,0.0,9.8,25.9,246
2019-04-10 18:00:00,6.6,0.0,8.8,22.3,251
2019-04-10 19:00:00,5.8,0.0,6.2,17.6,249
2019-04-10 20:00:00,5.5,0.0,5.8,11.2,248
2019-04-10 21:00:00,5.0,0.0,3.8,7.9,229
2019-04-10 22:00:00,4.4,0.0,2.5,5.0,188
2019-04-10 23:00:00,3.9,0.0,7.4,6.5,151
2019-04-11 00:00:00,3.7,0.0,7.6,7.2,149
2019-04-11 01:00:00,3.1,0.0,6.6,7.9,139
2019-04-11 02:00:00,3.1,0.0,6.6,7.9,131
2019-04-11 03:00:00,2.7,0.0,6.1,7.9,118
2019-04-11 04:00:00,2.1,0.0,5.2,8.3,115
2019-04-11 05:00:00,2.3,0.0,5.4,8.6,110
2019-04-11 06:00:00,2.2,0.0,5.6,9.0,105
2019-04-11 07:00:00,3.5,0.0,6.0,8.3,107
2019-04-11 08:00:00,4.6,0.0,5.6,13.7,117
2019-04-11 09:00:00,5.4,0.0,5.4,14.4,138
2019-04-11 10:00:00,6.3,0.0,4.8,15.1,167
2019-04-11 11:00:00,7.0,0.0,5.5,16.9,191
2019-04-11 12:00:00,7.3,0.0,6.2,21.6,216
2019-04-11 13:00:00,7.8,0.2,6.9,24.5,231
2019-04-11 14:00:00,7.8,0.0,7.4,26.3,247
2019-04-11 15:00:00,7.7,0.1,7.9,28.1,270
2019-04-11 16:00:00,7.6,0.0,8.4,28.4,290
2019-04-11 17:00:00,7.2,0.0,9.4,29.2,302
2019-04-11 18:00:00,6.6,0.0,9.7,28.8,315
2019-04-11 19:00:00,5.6,0.0,8.8,26.3,325
2019-04-11 20:00:00,4.5,0.0,7.6,17.6,335
2019-04-11 21:00:00,3.2,0.0,7.0,14.8,348
2019-04-11 22:00:00,1.7,0.0,6.1,13.7,3
2019-04-11 23:00:00,1.8,0.0,4.9,12.2,36
2019-04-12 00:00:00,1.5,0.0,3.8,12.2,49
2019-04-12 01:00:00,2.6,0.0,3.8,10.8,49
2019-04-12 02:00:00,2.9,0.0,4.0,9.0,63
2019-04-12 03:00:00,2.5,0.0,4.7,7.9,67
2019-04-12 04:00:00,2.3,0.0,5.0,7.6,69
2019-04-12 05:00:00,2.1,0.0,5.0,7.9,69
2019-04-12 06:00:00,1.1,0.0,5.4,8.3,70
2019-04-12 07:00:00,2.5,0.0,3.5,9.0,66
2019-04-12 08:00:00,4.1,0.0,3.1,9.4,54
2019-04-12 09:00:00,5.3,0.0,2.9,10.8,7
2019-04-12 10:00:00,6.5,0.0,4.1,13.7,345
2019-04-12 11:00:00,7.3,0.0,3.6,16.6,323
2019-04-12 12:00:00,8.0,0.0,5.4,18.4,318
2019-04-12 13:00:00,8.4,0.0,7.1,22.0,315
2019-04-12 14:00:00,8.9,0.0,9.4,25.2,313
2019-04-12 15:00:00,8.7,0.0,11.5,28.1,314
2019-04-12 16:00:00,8.4,0.0,14.3,31.3,317
2019-04-12 17:00:00,7.9,0.0,16.4,34.2,322
2019-04-12 18:00:00,7.3,0.0,16.2,34.9,328
2019-04-12 19:00:00,6.0,0.0,14.5,33.8,333
2019-04-12 20:00:00,4.5,0.0,12.6,28.4,340
2019-04-12 21:00:00,3.6,0.0,11.2,23.8,345
2019-04-12 22:00:00,3.5,0.0,9.5,20.5,351
2019-04-12 23:00:00,3.0,0.0,8.4,17.3,25
2019-04-13 00:00:00,2.2,0.0,7.4,14.4,29
2019-04-13 01:00:00,1.5,0.0,6.9,13.3,43
2019-04-13 02:00:00,1.3,0.0,6.0,12.2,57
2019-04-13 03:00:00,1.3,0.0,4.8,11.2,63
2019-04-13 04:00:00,1.0,0.0,4.9,10.4,73
2019-04-13 05:00:00,0.5,0.0,4.5,9.7,76
2019-04-13 06:00:00,0.7,0.0,5.2,9.0,78
2019-04-13 07:00:00,2.6,0.0,5.5,7.9,79
2019-04-13 08:00:00,4.1,0.0,4.0,10.8,80
2019-04-13 09:00:00,5.8,0.0,1.9,10.4,68
2019-04-13 10:00:00,7.4,0.0,1.3,10.1,326
2019-04-13 11:00:00,9.1,0.0,0.4,14.0,90
2019-04-13 12:00:00,9.7,0.0,1.1,16.9,342
2019-04-13 13:00:00,10.3,0.0,3.6,18.7,307
2019-04-13 14:00:00,10.5,0.0,6.5,22.3,304
2019-04-13 15:00:00,10.3,0.0,9.6,27.4,304
2019-04-13 16:00:00,9.8,0.0,12.2,31.0,313
2019-04-13 17:00:00,9.3,0.0,13.6,32.0,320
2019-04-13 18:00:00,8.1,0.0,12.8,32.0,328
2019-04-13 19:00:00,6.8,0.0,11.3,28.4,333
2019-04-13 20:00:00,4.7,0.0,9.2,21.6,339
2019-04-13 21:00:00,4.0,0.0,8.0,17.3,350
2019-04-13 22:00:00,3.1,0.0,10.1,15.1,358
2019-04-13 23:00:00,3.1,0.0,7.6,13.3,45
2019-04-14 00:00:00,2.4,0.0,7.2,13.0,53
2019-04-14 01:00:00,2.2,0.0,5.6,11.9,63
2019-04-14 02:00:00,2.0,0.0,5.6,10.4,75
2019-04-14 03:00:00,1.6,0.0,5.4,9.4,86
2019-04-14 04:00:00,1.3,0.0,5.1,8.6,94
2019-04-14 05:00:00,0.9,0.0,4.7,7.9,99
2019-04-14 06:00:00,0.9,0.0,4.7,7.2,99
2019-04-14 07:00:00,2.7,0.0,5.4,8.3,98
2019-04-14 08:00:00,4.8,0.0,4.6,12.2,108
2019-04-14 09:00:00,6.8,0.0,2.9,11.9,120
2019-04-14 10:00:00,8.1,0.0,1.8,10.8,143
2019-04-14 11:00:00,10.0,0.0,3.6,12.2,180
2019-04-14 12:00:00,10.6,0.0,3.6,15.1,225
2019-04-14 13:00:00,10.7,0.0,5.9,18.4,259
2019-04-14 14:00:00,10.8,0.0,8.8,24.1,279
2019-04-14 15:00:00,10.8,0.0,11.8,29.5,293
2019-04-14 16:00:00,10.3,0.0,13.5,31.7,304
2019-04-14 17:00:00,9.7,0.0,14.0,32.4,312
2019-04-14 18:00:00,8.6,0.0,13.5,31.3,318
2019-04-14 19:00:00,7.3,0.0,11.8,27.4,322
2019-04-14 20:00:00,5.2,0.0,8.9,22.0,328
2019-04-14 21:00:00,4.1,0.0,7.2,16.2,333
2019-04-14 22:00:00,4.8,0.0,8.5,13.0,348
2019-04-14 23:00:00,5.1,0.0,3.7,12.6,61
2019-04-15 00:00:00,4.7,0.0,2.3,8.6,108
2019-04-15 01:00:00,2.4,0.0,3.3,9.0,131
2019-04-15 02:00:00,2.5,0.0,4.3,9.7,114
2019-04-15 03:00:00,2.3,0.0,5.2,9.4,106
2019-04-15 04:00:00,2.0,0.0,5.2,8.6,102
2019-04-15 05:00:00,1.6,0.0,4.7,8.6,99
2019-04-15 06:00:00,1.8,0.0,4.3,8.6,95
2019-04-15 07:00:00,3.3,0.0,6.1,10.1,90
2019-04-15 08:00:00,5.1,0.0,5.8,13.3,86
2019-04-15 09:00:00,7.0,0.0,3.6,13.3,90
2019-04-15 10:00:00,8.6,0.0,0.0,12.2,270
2019-04-15 11:00:00,9.9,0.0,3.1,15.1,249
2019-04-15 12:00:00,10.7,0.0,3.2,16.6,270
2019-04-15 13:00:00,11.2,0.0,4.3,19.4,294
2019-04-15 14:00:00,11.3,0.0,7.2,23.8,297
2019-04-15 15:00:00,11.3,0.0,10.5,27.7,301
2019-04-15 16:00:00,10.7,0.0,12.8,30.2,310
2019-04-15 17:00:00,10.3,0.0,13.6,31.3,323
2019-04-15 18:00:00,9.4,0.0,13.2,31.0,334
2019-04-15 19:00:00,8.2,0.0,12.1,28.1,337
2019-04-15 20:00:00,6.1,0.0,10.9,24.8,343
2019-04-15 21:00:00,5.7,0.0,9.4,20.5,353
2019-04-15 22:00:00,4.6,0.0,10.1,17.3,2
2019-04-15 23:00:00,4.2,0.0,5.6,13.0,50
2019-04-16 00:00:00,3.9,0.0,4.8,11.2,77
2019-04-16 01:00:00,4.0,0.0,5.8,9.4,97
2019-04-16 02:00:00,3.5,0.0,6.4,10.4,106
2019-04-16 03:00:00,3.0,0.0,5.5,10.8,101
2019-04-16 04:00:00,2.6,0.0,4.7,10.4,94
2019-04-16 05:00:00,2.4,0.0,4.0,9.0,85
2019-04-16 06:00:00,2.3,0.0,4.8,7.9,77
2019-04-16 07:00:00,4.2,0.0,6.2,9.4,69
2019-04-16 08:00:00,7.0,0.0,5.8,13.7,60
2019-04-16 09:00:00,9.1,0.0,4.6,13.3,45
2019-04-16 10:00:00,10.4,0.0,4.7,15.5,32
2019-04-16 11:00:00,11.7,0.0,2.9,15.1,83
2019-04-16 12:00:00,12.3,0.0,0.8,14.0,333
2019-04-16 13:00:00,12.6,0.0,4.1,16.2,308
2019-04-16 14:00:00,12.6,0.0,6.6,18.7,311
2019-04-16 15:00:00,12.7,0.0,9.2,21.2,315
2019-04-16 16:00:00,12.3,0.0,10.6,22.0,325
2019-04-16 17:00:00,11.8,0.0,10.0,21.2,334
2019-04-16 18:00:00,11.2,0.0,7.1,17.3,345
2019-04-16 19:00:00,10.4,0.2,4.8,13.3,13
2019-04-16 20:00:00,9.5,0.2,4.8,15.5,103
2019-04-16 21:00:00,9.5,0.0,7.6,19.1,121
2019-04-16 22:00:00,8.5,0.0,8.7,19.4,132
2019-04-16 23:00:00,6.7,0.0,8.7,15.8,142
2019-04-17 00:00:00,6.3,0.0,9.2,14.4,129
2019-04-17 01:00:00,5.8,0.0,7.1,11.5,114
2019-04-17 02:00:00,6.2,0.0,6.0,19.4,115
2019-04-17 03:00:00,6.2,0.0,7.4,22.3,104
2019-04-17 04:00:00,5.5,0.0,8.8,24.1,102
2019-04-17 05:00:00,5.1,0.0,8.3,25.6,90
2019-04-17 06:00:00,5.2,0.0,6.5,14.4,84
2019-04-17 07:00:00,6.1,0.0,7.0,14.8,69
2019-04-17 08:00:00,7.6,0.0,6.8,15.8,65
2019-04-17 09:00:00,9.0,0.0,8.5,19.4,78
2019-04-17 10:00:00,10.6,0.0,10.9,25.9,99
2019-04-17 11:00:00,12.2,0.0,16.1,34.6,140
2019-04-17 12:00:00,12.7,0.0,16.3,38.9,145
2019-04-17 13:00:00,13.2,0.0,16.1,39.6,146
2019-04-17 14:00:00,13.7,0.0,15.4,39.6,147
2019-04-17 15:00:00,14.0,0.0,15.3,38.5,153
2019-04-17 16:00:00,14.0,0.0,14.2,36.0,153
2019-04-17 17:00:00,13.8,0.0,13.6,33.8,148
2019-04-17 18:00:00,13.2,0.0,12.7,31.0,135
2019-04-17 19:00:00,12.1,0.0,12.4,25.2,120
2019-04-17 20:00:00,10.7,0.0,12.4,23.8,112
2019-04-17 21:00:00,9.5,0.0,11.5,22.3,110
2019-04-17 22:00:00,8.7,0.0,10.7,20.9,110
2019-04-17 23:00:00,8.2,0.0,11.4,19.8,103
2019-04-18 00:00:00,7.1,0.0,10.7,18.4,104
2019-04-18 01:00:00,6.3,0.0,10.2,17.3,100
2019-04-18 02:00:00,5.6,0.0,10.3,16.6,102
2019-04-18 03:00:00,4.9,0.0,10.9,16.9,107
2019-04-18 04:00:00,4.8,0.0,10.6,16.9,108
2019-04-18 05:00:00,4.4,0.0,10.0,16.6,105
2019-04-18 06:00:00,4.7,0.0,9.9,16.9,100
2019-04-18 07:00:00,6.1,0.0,10.6,18.7,100
2019-04-18 08:00:00,8.0,0.0,9.9,21.2,100
2019-04-18 09:00:00,10.8,0.0,9.1,20.9,108
2019-04-18 10:00:00,12.7,0.0,9.4,22.7,122
2019-04-18 11:00:00,14.2,0.0,9.4,26.6,137
2019-04-18 12:00:00,15.0,0.0,10.0,29.2,154
2019-04-18 13:00:00,15.5,0.0,10.0,28.8,167
2019-04-18 14:00:00,15.8,0.0,9.4,28.1,178
2019-04-18 15:00:00,16.1,0.0,8.4,26.3,187
2019-04-18 16:00:00,15.7,0.0,6.8,23.8,198
2019-04-18 17:00:00,15.3,0.0,4.9,21.2,216
2019-04-18 18:00:00,14.4,0.0,2.9,18.0,240
2019-04-18 19:00:00,12.2,0.0,1.5,12.6,315
2019-04-18 20:00:00,11.6,0.0,2.1,5.0,59
2019-04-18 21:00:00,11.0,0.0,4.0,5.4,85
2019-04-18 22:00:00,10.7,0.0,5.4,7.2,98
2019-04-18 23:00:00,8.7,0.0,5.8,9.4,94
2019-04-19 00:00:00,8.6,0.0,7.2,9.4,96
2019-04-19 01:00:00,8.0,0.0,8.4,10.1,97
2019-04-19 02:00:00,6.9,0.0,8.8,12.2,99
2019-04-19 03:00:00,6.3,0.0,9.1,13.0,99
2019-04-19 04:00:00,6.1,0.0,8.7,13.3,97
2019-04-19 05:00:00,5.8,0.0,8.4,13.0,97
2019-04-19 06:00:00,5.9,0.0,8.5,13.0,102
2019-04-19 07:00:00,7.1,0.0,8.3,14.0,108
2019-04-19 08:00:00,9.3,0.0,7.1,17.3,120
2019-04-19 09:00:00,11.6,0.0,5.9,15.8,137
2019-04-19 10:00:00,13.2,0.0,6.6,16.6,167
2019-04-19 11:00:00,15.1,0.0,8.1,21.2,193
2019-04-19 12:00:00,15.8,0.0,9.0,24.5,203
2019-04-19 13:00:00,16.2,0.0,9.3,25.9,216
2019-04-19 14:00:00,16.4,0.0,9.7,25.9,228
2019-04-19 15:00:00,16.6,0.0,9.9,25.6,237
2019-04-19 16:00:00,16.3,0.0,9.2,24.8,239
2019-04-19 17:00:00,15.7,0.0,7.8,23.0,236
2019-04-19 18:00:00,14.5,0.0,5.0,19.8,210
2019-04-19 19:00:00,12.9,0.0,4.7,14.4,157
2019-04-19 20:00:00,10.0,0.0,8.3,14.0,146
2019-04-19 21:00:00,9.1,0.0,8.5,14.8,144
2019-04-19 22:00:00,9.1,0.0,8.8,18.0,145
2019-04-19 23:00:00,9.1,0.0,10.7,19.8,135
2019-04-20 00:00:00,9.0,0.0,11.5,20.9,131
2019-04-20 01:00:00,9.0,0.0,12.3,22.7,130
2019-04-20 02:00:00,8.7,0.0,13.0,23.8,129
2019-04-20 03:00:00,8.3,0.0,13.0,24.1,129
2019-04-20 04:00:00,7.9,0.0,13.6,25.2,130
2019-04-20 05:00:00,7.6,0.0,14.5,27.4,132
2019-04-20 06:00:00,8.0,0.0,14.8,28.1,135
2019-04-20 07:00:00,9.4,0.0,14.8,28.1,141
2019-04-20 08:00:00,11.2,0.0,15.2,30.2,149
2019-04-20 09:00:00,12.5,0.0,17.9,37.1,155
2019-04-20 10:00:00,13.4,0.0,20.1,43.9,165
2019-04-20 11:00:00,14.7,0.0,19.1,45.4,168
2019-04-20 12:00:00,15.4,0.0,19.6,46.1,173
2019-04-20 13:00:00,15.3,0.0,19.5,46.1,178
2019-04-20 14:00:00,15.6,0.0,19.8,43.6,181
2019-04-20 15:00:00,15.4,0.0,19.9,43.2,184
2019-04-20 16:00:00,15.3,0.0,18.6,41.8,195
2019-04-20 17:00:00,14.8,0.0,16.6,39.2,202
2019-04-20 18:00:00,13.7,0.0,14.9,35.6,195
2019-04-20 19:00:00,12.6,0.0,14.1,30.2,186
2019-04-20 20:00:00,11.5,0.0,12.6,28.4,178
2019-04-20 21:00:00,10.9,0.0,10.8,25.6,176
2019-04-20 22:00:00,10.3,0.0,9.7,22.0,180
2019-04-20 23:00:00,10.4,0.0,8.7,20.2,175
2019-04-21 00:00:00,10.2,0.0,8.6,19.8,180
2019-04-21 01:00:00,10.0,0.0,7.9,18.7,183
2019-04-21 02:00:00,9.8,0.0,8.4,16.9,160
2019-04-21 03:00:00,9.6,0.0,9.4,16.2,148
2019-04-21 04:00:00,9.7,0.0,9.8,19.1,144
2019-04-21 05:00:00,9.5,0.0,10.8,22.7,143
2019-04-21 06:00:00,9.5,0.0,12.9,26.6,150
2019-04-21 07:00:00,10.0,0.0,14.4,28.8,158
2019-04-21 08:00:00,11.0,0.0,15.8,32.0,159
2019-04-21 09:00:00,12.0,0.0,16.5,34.2,157
2019-04-21 10:00:00,13.1,0.0,16.7,35.3,155
2019-04-21 11:00:00,13.9,0.0,18.9,40.7,162
2019-04-21 12:00:00,14.8,0.0,21.7,46.1,165
2019-04-21 13:00:00,15.6,0.0,22.0,51.8,170
2019-04-21 14:00:00,15.8,0.0,23.1,54.4,184
2019-04-21 15:00:00,15.5,0.0,21.9,55.1,189
2019-04-21 16:00:00,15.0,0.0,21.2,53.6,190
2019-04-21 17:00:00,14.2,0.0,19.9,50.8,184
2019-04-21 18:00:00,13.6,0.0,18.7,47.5,178
2019-04-21 19:00:00,12.8,0.0,20.1,43.6,171
2019-04-21 20:00:00,12.0,0.0,20.8,42.8,166
2019-04-21 21:00:00,11.5,0.0,21.4,43.2,163
2019-04-21 22:00:00,11.2,0.0,21.4,43.2,163
2019-04-21 23:00:00,11.9,0.0,19.6,42.8,154
2019-04-22 00:00:00,12.1,0.0,19.2,41.4,152
2019-04-22 01:00:00,11.8,0.0,18.4,39.2,152
2019-04-22 02:00:00,11.4,0.0,17.4,36.7,153
2019-04-22 03:00:00,11.0,0.0,16.4,34.9,151
2019-04-22 04:00:00,10.4,0.0,15.6,33.8,151
2019-04-22 05:00:00,9.9,0.0,15.0,33.5,150
2019-04-22 06:00:00,10.0,0.0,14.8,32.4,146
2019-04-22 07:00:00,11.2,0.0,14.6,31.3,147
2019-04-22 08:00:00,12.7,0.0,13.5,29.5,151
2019-04-22 09:00:00,13.6,0.0,16.5,36.4,160
2019-04-22 10:00:00,14.9,0.0,19.8,43.9,168
2019-04-22 11:00:00,16.4,0.0,19.9,48.6,167
2019-04-22 12:00:00,17.2,0.0,19.7,50.4,171
2019-04-22 13:00:00,17.8,0.0,19.1,50.4,178
2019-04-22 14:00:00,18.1,0.0,18.8,49.3,185
2019-04-22 15:00:00,17.6,0.0,18.0,45.7,196
2019-04-22 16:00:00,17.2,0.0,16.7,42.8,205
2019-04-22 17:00:00,16.5,0.0,15.5,40.0,205
2019-04-22 18:00:00,16.0,0.0,13.4,36.4,200
2019-04-22 19:00:00,14.9,0.0,11.3,31.0,197
2019-04-22 20:00:00,12.9,0.0,10.1,22.0,186
2019-04-22 21:00:00,11.3,0.0,6.8,16.9,155
2019-04-22 22:00:00,11.6,0.0,6.3,14.0,114
2019-04-22 23:00:00,11.6,0.0,5.8,13.3,97
2019-04-23 00:00:00,11.8,0.0,7.9,12.6,93
2019-04-23 01:00:00,11.3,0.0,9.0,13.7,106
2019-04-23 02:00:00,10.4,0.0,9.8,16.9,118
2019-04-23 03:00:00,9.6,0.0,10.0,18.0,116
2019-04-23 04:00:00,8.8,0.0,11.0,18.7,109
2019-04-23 05:00:00,8.4,0.0,11.9,19.1,104
2019-04-23 06:00:00,8.9,0.0,12.7,19.8,105
2019-04-23 07:00:00,10.2,0.0,13.0,22.0,104
2019-04-23 08:00:00,12.8,0.0,12.5,27.4,108
2019-04-23 09:00:00,14.9,0.0,12.2,28.1,114
2019-04-23 10:00:00,16.8,0.0,14.5,33.5,125
2019-04-23 11:00:00,18.7,0.0,17.1,37.1,132
2019-04-23 12:00:00,18.9,0.0,17.3,39.6,135
2019-04-23 13:00:00,19.2,0.0,16.3,39.6,133
2019-04-23 14:00:00,19.4,0.0,16.0,38.9,134
2019-04-23 15:00:00,19.5,0.0,15.3,37.8,135
2019-04-23 16:00:00,19.4,0.0,15.3,36.4,135
2019-04-23 17:00:00,19.2,0.0,14.8,34.6,133
2019-04-23 18:00:00,18.6,0.0,14.3,33.8,129
2019-04-23 19:00:00,17.7,0.0,13.0,32.8,124
2019-04-23 20:00:00,16.9,0.0,10.6,25.9,118
2019-04-23 21:00:00,15.4,0.0,8.8,20.9,109
2019-04-23 22:00:00,14.0,0.0,8.3,17.6,92
2019-04-23 23:00:00,13.2,0.0,10.7,17.6,76
2019-04-24 00:00:00,12.6,0.0,11.3,20.2,68
2019-04-24 01:00:00,12.0,0.0,12.9,22.0,63
2019-04-24 02:00:00,11.8,0.0,13.7,23.4,67
2019-04-24 03:00:00,11.2,0.0,14.4,23.8,68
2019-04-24 04:00:00,10.2,0.0,14.7,23.8,65
2019-04-24 05:00:00,9.8,0.0,15.3,23.8,63
2019-04-24 06:00:00,10.3,0.0,16.9,24.5,61
2019-04-24 07:00:00,12.6,0.0,16.8,26.3,59
2019-04-24 08:00:00,14.9,0.0,16.6,36.0,60
2019-04-24 09:00:00,16.4,0.0,19.3,42.5,63
2019-04-24 10:00:00,17.5,0.0,20.5,46.4,72
2019-04-24 11:00:00,18.5,0.0,20.6,47.9,86
2019-04-24 12:00:00,19.1,0.0,21.6,50.4,93
2019-04-24 13:00:00,19.1,0.0,21.4,50.8,82
2019-04-24 14:00:00,19.3,0.0,22.3,51.5,87
2019-04-24 15:00:00,18.8,0.0,22.5,50.0,96
2019-04-24 16:00:00,18.2,0.0,22.5,50.4,96
2019-04-24 17:00:00,18.4,0.0,19.0,47.2,100
2019-04-24 18:00:00,18.7,0.0,13.3,40.7,109
2019-04-24 19:00:00,18.4,0.0,9.0,34.2,113
2019-04-24 20:00:00,17.6,0.5,10.4,20.2,90
2019-04-24 21:00:00,16.2,0.0,8.5,16.9,102
2019-04-24 22:00:00,15.6,0.4,7.2,17.6,108
2019-04-24 23:00:00,13.9,0.0,8.9,18.4,104
2019-04-25 00:00:00,12.9,0.5,11.2,42.1,75
2019-04-25 01:00:00,12.5,0.3,11.6,41.8,85
2019-04-25 02:00:00,12.2,0.3,10.4,37.4,92
2019-04-25 03:00:00,12.2,0.1,13.9,32.4,80
2019-04-25 04:00:00,12.2,0.0,15.5,34.6,77
2019-04-25 05:00:00,12.3,0.0,17.4,35.6,77
2019-04-25 06:00:00,13.2,0.0,18.2,36.7,82
2019-04-25 07:00:00,14.2,0.0,18.0,38.2,88
2019-04-25 08:00:00,15.3,0.0,18.4,38.2,92
2019-04-25 09:00:00,16.7,0.0,20.6,44.3,95
2019-04-25 10:00:00,18.0,0.0,21.8,46.4,99
2019-04-25 11:00:00,18.8,0.0,17.5,46.4,98
2019-04-25 12:00:00,19.4,0.0,15.2,45.0,126
2019-04-25 13:00:00,19.2,0.0,14.1,57.2,142
2019-04-25 14:00:00,19.0,0.0,13.4,59.8,149
2019-04-25 15:00:00,18.2,0.0,11.9,57.6,155
2019-04-25 16:00:00,16.9,0.1,9.7,53.3,178
2019-04-25 17:00:00,15.6,0.0,8.4,42.5,205
2019-04-25 18:00:00,13.9,0.0,4.2,35.6,200
2019-04-25 19:00:00,13.4,0.1,1.1,15.8,108
2019-04-25 20:00:00,13.3,0.2,1.5,9.4,76
2019-04-25 21:00:00,13.0,0.1,4.0,8.6,63
2019-04-25 22:00:00,13.0,0.0,7.2,14.0,63
2019-04-25 23:00:00,12.7,0.0,6.5,16.2,71
2019-04-26 00:00:00,12.3,0.0,6.8,16.9,72
2019-04-26 01:00:00,12.0,0.0,7.2,17.3,87
2019-04-26 02:00:00,11.5,0.0,9.7,18.0,86
2019-04-26 03:00:00,11.6,0.0,13.1,22.0,82
2019-04-26 04:00:00,11.7,0.0,14.4,25.2,87
2019-04-26 05:00:00,11.7,0.0,14.8,27.0,90
2019-04-26 06:00:00,12.4,0.0,14.4,27.4,89
2019-04-26 07:00:00,13.1,0.0,14.0,27.4,91
2019-04-26 08:00:00,14.1,0.0,13.3,28.1,93
2019-04-26 09:00:00,14.7,0.0,7.4,27.0,151
2019-04-26 10:00:00,14.7,0.0,8.7,24.5,228
2019-04-26 11:00:00,12.9,1.3,7.0,22.7,249
2019-04-26 12:00:00,12.8,0.1,2.3,15.8,321
2019-04-26 13:00:00,13.3,0.0,2.7,12.6,337
2019-04-26 14:00:00,13.6,0.0,3.9,12.2,326
2019-04-26 15:00:00,13.7,0.0,4.8,15.1,312
2019-04-26 16:00:00,13.6,0.0,6.2,16.9,291
2019-04-26 17:00:00,12.9,0.0,7.3,18.4,281
2019-04-26 18:00:00,12.2,0.0,7.3,18.4,281
2019-04-26 19:00:00,11.4,0.0,5.9,18.0,284
2019-04-26 20:00:00,10.8,0.0,4.0,13.0,297
2019-04-26 21:00:00,10.7,0.0,2.3,10.8,342
2019-04-26 22:00:00,10.3,0.0,4.1,7.6,15
2019-04-26 23:00:00,11.2,0.2,6.0,26.6,33
2019-04-27 00:00:00,11.5,0.4,5.6,25.9,15
2019-04-27 01:00:00,11.5,0.0,4.8,16.6,312
2019-04-27 02:00:00,11.3,0.2,4.9,13.3,287
2019-04-27 03:00:00,11.1,0.1,4.5,10.4,284
2019-04-27 04:00:00,10.9,0.3,4.8,24.1,297
2019-04-27 05:00:00,11.2,0.5,4.9,22.3,287
2019-04-27 06:00:00,11.1,0.8,4.5,20.2,256
2019-04-27 07:00:00,11.0,0.7,4.3,14.0,294
2019-04-27 08:00:00,11.0,0.3,3.2,11.9,333
2019-04-27 09:00:00,11.1,0.6,2.9,9.7,7
2019-04-27 10:00:00,11.1,0.8,4.7,10.8,360
2019-04-27 11:00:00,10.9,1.4,3.2,14.0,63
2019-04-27 12:00:00,11.4,0.4,1.1,15.8,18
2019-04-27 13:00:00,11.4,0.5,4.0,15.8,297
2019-04-27 14:00:00,11.1,0.9,8.7,21.2,277
2019-04-27 15:00:00,10.4,0.9,10.2,22.3,280
2019-04-27 16:00:00,10.1,1.3,8.9,23.4,297
2019-04-27 17:00:00,9.6,1.8,6.1,23.8,315
2019-04-27 18:00:00,9.4,1.7,4.8,19.4,333
2019-04-27 19:00:00,9.1,1.4,5.2,15.1,344
2019-04-27 20:00:00,8.9,0.4,6.0,11.5,343
2019-04-27 21:00:00,9.0,0.3,6.6,13.7,331
2019-04-27 22:00:00,8.9,0.2,7.1,14.8,330
2019-04-27 23:00:00,9.4,0.2,5.4,15.5,318
2019-04-28 00:00:00,9.4,0.1,4.9,15.8,287
2019-04-28 01:00:00,9.5,0.1,5.8,15.5,292
2019-04-28 02:00:00,9.4,0.1,5.9,16.6,308
2019-04-28 03:00:00,9.4,0.2,5.9,15.5,308
2019-04-28 04:00:00,9.3,0.7,6.4,13.0,317
2019-04-28 05:00:00,9.3,0.4,6.4,15.1,317
2019-04-28 06:00:00,9.4,0.2,6.4,15.1,317
2019-04-28 07:00:00,9.6,0.1,7.8,14.8,326
2019-04-28 08:00:00,9.6,0.4,8.4,17.3,350
2019-04-28 09:00:00,10.1,0.3,7.9,16.6,357
2019-04-28 10:00:00,10.9,0.2,5.8,17.6,360
2019-04-28 11:00:00,12.3,0.0,2.9,15.8,353
2019-04-28 12:00:00,13.7,0.0,4.5,13.3,331
2019-04-28 13:00:00,13.3,0.0,5.4,23.0,307
2019-04-28 14:00:00,12.9,0.0,9.7,28.4,309
2019-04-28 15:00:00,12.4,0.0,10.9,29.5,316
2019-04-28 16:00:00,12.6,0.0,9.8,29.2,324
2019-04-28 17:00:00,13.2,0.0,8.5,29.5,324
2019-04-28 18:00:00,12.8,0.0,6.9,28.1,317
2019-04-28 19:00:00,12.1,0.0,5.8,25.2,292
2019-04-28 20:00:00,11.3,0.0,6.0,12.2,287
2019-04-28 21:00:00,10.5,0.0,4.5,11.9,299
2019-04-28 22:00:00,10.0,0.0,5.1,9.4,315
2019-04-28 23:00:00,8.8,0.0,3.8,9.4,49
2019-04-29 00:00:00,8.9,0.0,5.4,10.4,37
2019-04-29 01:00:00,9.0,0.0,6.4,10.4,43
2019-04-29 02:00:00,8.7,0.0,6.1,10.8,50
2019-04-29 03:00:00,8.8,0.0,5.1,10.8,51
2019-04-29 04:00:00,8.8,0.0,5.4,12.2,53
2019-04-29 05:00:00,8.5,0.0,5.2,12.6,56
2019-04-29 06:00:00,8.7,0.0,5.5,12.2,58
2019-04-29 07:00:00,10.3,0.0,5.4,11.2,48
2019-04-29 08:00:00,12.2,0.0,4.5,11.9,14
2019-04-29 09:00:00,13.9,0.0,4.7,13.7,351
2019-04-29 10:00:00,15.5,0.0,5.8,16.6,338
2019-04-29 11:00:00,17.2,0.0,7.8,18.7,326
2019-04-29 12:00:00,17.6,0.0,8.4,22.3,317
2019-04-29 13:00:00,17.6,0.0,10.3,26.6,306
2019-04-29 14:00:00,17.7,0.0,11.8,29.9,301
2019-04-29 15:00:00,17.2,0.0,12.5,32.0,303
2019-04-29 16:00:00,16.7,0.0,12.5,32.4,309
2019-04-29 17:00:00,16.0,0.0,12.2,31.7,315
2019-04-29 18:00:00,15.3,0.0,11.5,29.9,319
2019-04-29 19:00:00,14.3,0.0,9.8,26.6,324
2019-04-29 20:00:00,13.1,0.0,8.9,20.5,328
2019-04-29 21:00:00,11.2,0.0,7.5,16.9,325
2019-04-29 22:00:00,10.1,0.0,6.1,14.8,320
2019-04-29 23:00:00,8.6,0.0,4.3,13.3,318
2019-04-30 00:00:00,8.0,0.0,4.8,13.0,318
2019-04-30 01:00:00,7.4,0.0,4.7,12.2,328
2019-04-30 02:00:00,8.6,0.0,3.1,11.2,324
2019-04-30 03:00:00,8.7,0.0,3.1,8.3,324
2019-04-30 04:00:00,7.8,0.0,4.8,9.0,333
2019-04-30 05:00:00,8.3,0.0,5.9,9.4,349
2019-04-30 06:00:00,8.2,0.0,4.0,9.0,355
2019-04-30 07:00:00,8.8,0.0,3.9,9.7,338
2019-04-30 08:00:00,9.8,0.0,3.1,10.1,324
2019-04-30 09:00:00,11.1,0.0,4.0,13.3,297
2019-04-30 10:00:00,12.4,0.0,6.5,17.6,289
2019-04-30 11:00:00,12.8,0.0,8.4,22.3,301
2019-04-30 12:00:00,13.5,0.0,9.0,25.2,299
2019-04-30 13:00:00,13.5,0.0,10.3,27.4,295
2019-04-30 14:00:00,13.7,0.0,11.4,29.9,298
2019-04-30 15:00:00,13.5,0.0,11.9,31.0,305
2019-04-30 16:00:00,13.4,0.0,11.5,28.4,314
2019-04-30 17:00:00,13.0,0.0,11.5,27.4,314
2019-04-30 18:00:00,12.3,0.0,11.5,26.6,316
2019-04-30 19:00:00,11.4,0.0,11.5,25.9,319
2019-04-30 20:00:00,10.4,0.0,11.5,24.5,321
2019-04-30 21:00:00,9.7,0.0,11.8,23.8,322
2019-04-30 22:00:00,9.1,0.0,12.1,23.4,323
2019-04-30 23:00:00,8.9,0.0,11.0,23.8,319
2019-05-01 00:00:00,8.7,0.0,11.5,27.4,316
2019-05-01 01:00:00,8.6,0.0,12.3,29.2,322
2019-05-01 02:00:00,8.6,0.0,12.2,29.9,326
2019-05-01 03:00:00,8.5,0.0,11.8,29.2,329
2019-05-01 04:00:00,8.2,0.0,12.1,29.2,330
2019-05-01 05:00:00,8.3,0.0,12.9,28.1,330
2019-05-01 06:00:00,8.6,0.0,14.7,29.9,332
2019-05-01 07:00:00,9.1,0.0,16.1,32.8,333
2019-05-01 08:00:00,9.8,0.0,17.9,37.1,335
2019-05-01 09:00:00,10.1,0.0,18.9,40.3,336
2019-05-01 10:00:00,10.4,0.0,21.4,43.2,335
2019-05-01 11:00:00,11.2,0.0,22.1,47.2,332
2019-05-01 12:00:00,11.1,0.0,21.9,49.3,330
2019-05-01 13:00:00,11.0,0.0,22.0,51.5,328
2019-05-01 14:00:00,10.8,0.0,23.1,53.6,326
2019-05-01 15:00:00,10.4,0.0,24.1,54.0,325
2019-05-01 16:00:00,9.9,0.0,24.0,51.5,324
2019-05-01 17:00:00,9.4,0.0,23.1,46.8,321
2019-05-01 18:00:00,9.1,0.0,22.3,44.6,321
2019-05-01 19:00:00,8.6,0.0,20.2,42.5,320
2019-05-01 20:00:00,8.6,0.0,18.8,41.8,317
2019-05-01 21:00:00,8.3,0.0,17.6,38.9,313
2019-05-01 22:00:00,8.3,0.1,18.5,37.8,307
2019-05-01 23:00:00,8.2,0.3,19.9,42.5,311
2019-05-02 00:00:00,8.1,0.3,20.5,45.7,321
2019-05-02 01:00:00,7.7,0.2,20.3,48.2,330
2019-05-02 02:00:00,7.4,0.0,23.2,49.3,334
2019-05-02 03:00:00,6.6,0.0,25.1,52.6,339
2019-05-02 04:00:00,6.5,0.0,24.5,56.2,340
2019-05-02 05:00:00,6.4,0.0,24.5,56.9,340
2019-05-02 06:00:00,6.3,0.0,25.5,58.0,338
2019-05-02 07:00:00,6.6,0.0,27.3,60.5,337
2019-05-02 08:00:00,6.7,0.0,28.6,65.9,339
2019-05-02 09:00:00,7.1,0.0,30.0,67.3,337
2019-05-02 10:00:00,7.3,0.0,31.6,69.1,336
2019-05-02 11:00:00,7.3,0.1,28.4,73.1,338
2019-05-02 12:00:00,7.6,0.0,29.5,75.2,336
2019-05-02 13:00:00,7.7,0.0,32.6,78.5,337
2019-05-02 14:00:00,7.9,0.0,35.0,79.6,340
2019-05-02 15:00:00,7.8,0.0,36.2,82.1,341
2019-05-02 16:00:00,7.5,0.0,34.3,82.4,341
2019-05-02 17:00:00,7.0,0.0,32.9,79.9,340
2019-05-02 18:00:00,6.5,0.0,31.7,74.9,341
2019-05-02 19:00:00,6.1,0.0,30.2,71.6,340
2019-05-02 20:00:00,5.8,0.0,28.5,61.9,339
2019-05-02 21:00:00,5.4,0.0,26.2,57.2,339
2019-05-02 22:00:00,5.3,0.0,23.6,52.6,339
2019-05-02 23:00:00,4.4,0.0,18.4,47.9,337
2019-05-03 00:00:00,3.9,0.0,16.9,42.8,331
2019-05-03 01:00:00,3.8,0.0,17.4,38.5,326
2019-05-03 02:00:00,3.7,0.0,19.3,37.1,327
2019-05-03 03:00:00,3.7,0.2,17.0,36.4,328
2019-05-03 04:00:00,3.5,0.0,13.6,33.8,328
2019-05-03 05:00:00,2.9,0.0,11.2,32.4,327
2019-05-03 06:00:00,2.8,0.0,10.5,29.9,329
2019-05-03 07:00:00,2.8,0.1,10.5,34.6,333
2019-05-03 08:00:00,3.2,0.1,9.9,25.9,341
2019-05-03 09:00:00,3.6,0.0,10.6,25.2,342
2019-05-03 10:00:00,4.1,0.1,14.7,32.4,338
2019-05-03 11:00:00,4.9,0.0,13.3,41.4,341
2019-05-03 12:00:00,6.3,0.0,14.3,45.7,335
2019-05-03 13:00:00,7.0,0.0,16.7,49.0,335
2019-05-03 14:00:00,7.5,0.0,19.8,54.0,335
2019-05-03 15:00:00,7.9,0.0,22.7,56.9,337
2019-05-03 16:00:00,8.1,0.0,24.9,59.0,340
2019-05-03 17:00:00,8.1,0.0,26.6,60.5,344
2019-05-03 18:00:00,7.4,0.0,28.3,61.2,348
2019-05-03 19:00:00,7.2,0.0,28.1,60.5,350
2019-05-03 20:00:00,6.5,0.0,29.0,56.9,353
2019-05-03 21:00:00,5.9,0.0,27.8,56.5,356
2019-05-03 22:00:00,5.5,0.0,26.3,54.0,358
2019-05-03 23:00:00,5.3,0.0,22.0,50.4,2
2019-05-04 00:00:00,4.8,0.0,19.5,47.2,4
2019-05-04 01:00:00,4.5,0.0,19.1,45.4,1
2019-05-04 02:00:00,4.1,0.0,19.8,43.2,358
2019-05-04 03:00:00,3.9,0.0,19.5,40.7,357
2019-05-04 04:00:00,3.9,0.0,18.1,38.5,353
2019-05-04 05:00:00,4.0,0.0,17.5,37.1,352
2019-05-04 06:00:00,4.7,0.0,17.2,36.7,349
2019-05-04 07:00:00,5.8,0.0,18.2,37.8,346
2019-05-04 08:00:00,6.5,0.0,20.7,43.9,347
2019-05-04 09:00:00,7.2,0.0,23.9,58.0,348
2019-05-04 10:00:00,7.9,0.0,26.8,59.0,349
2019-05-04 11:00:00,8.0,0.0,15.6,62.3,345
2019-05-04 12:00:00,8.4,0.0,20.7,67.3,337
2019-05-04 13:00:00,8.9,0.0,27.5,70.9,338
2019-05-04 14:00:00,9.1,0.0,31.6,75.2,339
2019-05-04 15:00:00,8.6,0.0,33.8,75.6,339
2019-05-04 16:00:00,8.2,0.0,34.4,75.6,340
2019-05-04 17:00:00,7.7,0.0,33.8,74.9,338
2019-05-04 18:00:00,7.3,0.0,32.7,73.1,339
2019-05-04 19:00:00,6.7,0.0,30.0,69.8,340
2019-05-04 20:00:00,6.3,0.0,29.2,61.6,340
2019-05-04 21:00:00,6.1,0.0,26.5,57.6,339
2019-05-04 22:00:00,5.8,0.0,24.7,52.9,339
2019-05-04 23:00:00,5.4,0.0,17.2,48.2,334
2019-05-05 00:00:00,5.2,0.0,16.6,43.2,326
2019-05-05 01:00:00,5.4,0.0,16.0,38.2,324
2019-05-05 02:00:00,4.8,0.0,14.4,32.8,323
2019-05-05 03:00:00,4.7,0.0,10.7,25.9,320
2019-05-05 04:00:00,5.1,0.0,9.5,16.9,307
2019-05-05 05:00:00,4.6,0.1,6.5,11.5,267
2019-05-05 06:00:00,4.5,0.4,8.5,16.9,242
2019-05-05 07:00:00,4.6,0.7,11.0,20.5,238
2019-05-05 08:00:00,4.8,1.3,10.4,27.0,256
2019-05-05 09:00:00,5.1,1.1,7.9,24.5,273
2019-05-05 10:00:00,5.5,0.4,9.3,25.2,283
2019-05-05 11:00:00,6.6,0.3,8.4,29.5,301
2019-05-05 12:00:00,6.1,0.6,10.1,33.1,297
2019-05-05 13:00:00,6.6,0.2,12.6,35.3,301
2019-05-05 14:00:00,7.2,0.2,14.1,37.4,308
2019-05-05 15:00:00,7.0,0.2,15.3,39.6,309
2019-05-05 16:00:00,7.0,0.1,16.0,41.4,314
2019-05-05 17:00:00,6.5,0.1,16.3,42.5,315
2019-05-05 18:00:00,6.3,0.1,15.5,42.8,318
2019-05-05 19:00:00,5.5,0.2,13.6,39.6,320
2019-05-05 20:00:00,4.9,0.4,12.3,30.6,320
2019-05-05 21:00:00,4.5,0.2,13.0,27.4,316
2019-05-05 22:00:00,4.3,0.0,12.3,24.8,322
2019-05-05 23:00:00,3.6,0.0,9.8,23.0,336
2019-05-06 00:00:00,3.3,0.0,8.0,20.5,350
2019-05-06 01:00:00,2.9,0.0,8.0,16.2,352
2019-05-06 02:00:00,3.0,0.0,9.9,16.2,350
2019-05-06 03:00:00,3.0,0.0,13.1,16.9,352
2019-05-06 04:00:00,2.9,0.0,13.3,17.6,360
2019-05-06 05:00:00,2.7,0.0,13.7,18.4,3
2019-05-06 06:00:00,3.8,0.0,15.5,21.2,1
2019-05-06 07:00:00,4.9,0.0,16.6,25.9,358
2019-05-06 08:00:00,6.0,0.0,19.9,39.6,354
2019-05-06 09:00:00,7.1,0.0,22.3,46.4,351
2019-05-06 10:00:00,8.0,0.0,24.2,50.8,345
2019-05-06 11:00:00,8.1,0.0,17.6,55.4,345
2019-05-06 12:00:00,8.3,0.0,20.0,59.8,337
2019-05-06 13:00:00,8.3,0.0,24.2,62.6,332
2019-05-06 14:00:00,8.2,0.0,27.0,63.4,333
2019-05-06 15:00:00,8.2,0.0,28.0,64.1,336
2019-05-06 16:00:00,8.1,0.0,28.2,63.7,337
2019-05-06 17:00:00,7.6,0.4,27.9,63.7,336
2019-05-06 18:00:00,7.3,0.0,27.3,62.6,337
2019-05-06 19:00:00,6.8,0.0,26.3,60.5,337
2019-05-06 20:00:00,6.2,0.0,24.5,53.3,338
2019-05-06 21:00:00,5.8,0.0,22.7,48.2,337
2019-05-06 22:00:00,5.2,0.0,21.5,43.9,337
2019-05-06 23:00:00,5.0,0.0,18.1,41.0,339
2019-05-07 00:00:00,5.0,0.0,17.8,38.5,339
2019-05-07 01:00:00,4.6,0.0,17.1,37.1,338
2019-05-07 02:00:00,4.2,0.0,17.2,36.0,340
2019-05-07 03:00:00,3.9,0.0,16.4,34.6,341
2019-05-07 04:00:00,3.7,0.0,15.4,33.8,339
2019-05-07 05:00:00,3.3,0.0,15.0,32.0,339
2019-05-07 06:00:00,4.0,0.0,15.0,30.2,339
2019-05-07 07:00:00,5.1,0.0,15.2,31.3,338
2019-05-07 08:00:00,6.2,0.0,16.3,36.0,335
2019-05-07 09:00:00,6.7,0.1,16.9,38.2,331
2019-05-07 10:00:00,7.5,0.0,17.6,39.6,325
2019-05-07 11:00:00,7.5,0.0,12.8,42.1,322
2019-05-07 12:00:00,7.4,0.0,13.3,43.6,311
2019-05-07 13:00:00,7.5,0.0,15.1,45.4,308
2019-05-07 14:00:00,7.3,0.0,15.7,45.4,307
2019-05-07 15:00:00,7.0,0.0,15.7,43.6,307
2019-05-07 16:00:00,6.7,0.0,15.9,42.8,308
2019-05-07 17:00:00,6.6,0.0,15.6,40.7,310
2019-05-07 18:00:00,6.3,0.0,14.8,37.4,313
2019-05-07 19:00:00,5.8,0.0,13.0,33.8,318
2019-05-07 20:00:00,5.2,0.0,9.8,27.7,324
2019-05-07 21:00:00,4.5,0.0,7.6,20.5,329
2019-05-07 22:00:00,3.8,0.0,6.3,14.4,329
2019-05-07 23:00:00,2.2,0.0,4.0,11.2,350
2019-05-08 00:00:00,2.6,0.0,1.1,10.4,360
2019-05-08 01:00:00,3.1,0.0,0.5,8.3,135
2019-05-08 02:00:00,3.0,0.0,3.7,6.1,151
2019-05-08 03:00:00,2.8,0.0,5.8,4.7,158
2019-05-08 04:00:00,1.5,0.0,4.8,7.9,153
2019-05-08 05:00:00,1.8,0.0,6.3,9.0,149
2019-05-08 06:00:00,2.6,0.0,7.9,11.9,141
2019-05-08 07:00:00,3.9,0.0,9.1,15.5,146
2019-05-08 08:00:00,5.0,0.3,11.0,26.6,157
2019-05-08 09:00:00,5.8,0.1,11.9,27.4,166
2019-05-08 10:00:00,6.3,0.1,11.5,28.4,178
2019-05-08 11:00:00,6.6,0.1,10.7,29.2,194
2019-05-08 12:00:00,7.2,0.1,10.0,31.7,201
2019-05-08 13:00:00,7.4,0.1,9.1,32.4,214
2019-05-08 14:00:00,7.4,0.0,9.2,32.4,228
2019-05-08 15:00:00,7.9,0.0,8.8,31.7,235
2019-05-08 16:00:00,7.8,0.0,8.4,29.9,245
2019-05-08 17:00:00,7.7,0.0,8.5,21.6,258
2019-05-08 18:00:00,7.3,0.0,5.2,22.0,282
2019-05-08 19:00:00,6.8,0.0,3.3,16.9,354
2019-05-08 20:00:00,5.9,0.0,4.2,10.1,20
2019-05-08 21:00:00,4.5,0.0,5.7,9.4,35
2019-05-08 22:00:00,4.3,0.0,4.1,9.0,45
2019-05-08 23:00:00,3.7,0.0,4.8,9.0,42
2019-05-09 00:00:00,4.3,0.0,6.3,10.4,31
2019-05-09 01:00:00,3.9,0.0,5.7,10.8,35
2019-05-09 02:00:00,3.5,0.0,5.7,11.9,35
2019-05-09 03:00:00,3.6,0.0,5.9,14.8,38
2019-05-09 04:00:00,3.7,0.0,6.1,15.1,40
2019-05-09 05:00:00,3.6,0.0,6.2,14.4,36
2019-05-09 06:00:00,4.5,0.0,8.7,15.5,24
2019-05-09 07:00:00,6.1,0.0,9.2,18.4,21
2019-05-09 08:00:00,7.7,0.0,9.3,19.8,16
2019-05-09 09:00:00,8.8,0.0,10.6,23.8,28
2019-05-09 10:00:00,9.0,0.0,10.4,24.1,34
2019-05-09 11:00:00,9.1,0.0,8.9,23.4,40
2019-05-09 12:00:00,8.9,0.1,9.4,23.0,23
2019-05-09 13:00:00,8.5,0.2,9.4,22.7,23
2019-05-09 14:00:00,8.3,0.4,9.3,20.5,28
2019-05-09 15:00:00,8.5,0.4,8.7,19.8,24
2019-05-09 16:00:00,8.5,0.3,7.9,19.8,360
2019-05-09 17:00:00,8.5,0.3,7.7,18.7,349
2019-05-09 18:00:00,8.4,0.3,8.0,17.6,350
2019-05-09 19:00:00,8.2,0.2,8.8,16.2,341
2019-05-09 20:00:00,8.0,0.0,8.7,16.6,336
2019-05-09 21:00:00,7.5,0.0,8.6,15.5,338
2019-05-09 22:00:00,7.4,0.0,8.9,16.2,339
2019-05-09 23:00:00,7.5,0.2,9.1,16.2,351
2019-05-10 00:00:00,7.4,0.5,8.2,13.3,345
2019-05-10 01:00:00,7.3,0.9,9.6,18.0,340
2019-05-10 02:00:00,7.3,0.7,10.5,18.4,344
2019-05-10 03:00:00,7.3,0.7,10.2,16.6,342
2019-05-10 04:00:00,7.3,0.7,11.4,16.9,336
2019-05-10 05:00:00,7.3,0.9,12.0,16.9,339
2019-05-10 06:00:00,7.3,0.7,13.1,18.4,344
2019-05-10 07:00:00,7.2,0.7,14.0,20.5,342
2019-05-10 08:00:00,7.3,0.3,14.4,31.0,338
2019-05-10 09:00:00,7.5,0.3,16.7,33.8,335
2019-05-10 10:00:00,8.2,0.3,17.7,39.2,331
2019-05-10 11:00:00,8.5,0.3,18.2,41.0,335
2019-05-10 12:00:00,8.6,0.2,18.5,41.4,336
2019-05-10 13:00:00,8.7,0.2,19.2,40.7,332
2019-05-10 14:00:00,8.7,0.1,19.6,40.0,328
2019-05-10 15:00:00,9.0,0.0,20.6,40.7,327
2019-05-10 16:00:00,8.9,0.0,20.9,43.6,328
2019-05-10 17:00:00,8.9,0.0,20.7,45.4,329
2019-05-10 18:00:00,8.6,0.0,20.6,45.7,331
2019-05-10 19:00:00,8.3,0.0,19.0,43.6,331
2019-05-10 20:00:00,8.1,0.0,18.5,39.6,331
2019-05-10 21:00:00,7.8,0.0,17.6,37.1,329
2019-05-10 22:00:00,7.4,0.0,17.8,34.9,328
2019-05-10 23:00:00,7.2,0.0,15.9,35.6,332
2019-05-11 00:00:00,7.1,0.0,15.2,36.4,324
2019-05-11 01:00:00,6.9,0.0,15.7,36.0,323
2019-05-11 02:00:00,6.9,0.0,15.8,35.3,325
2019-05-11 03:00:00,6.8,0.0,15.2,34.2,329
2019-05-11 04:00:00,6.7,0.0,14.8,33.5,331
2019-05-11 05:00:00,6.5,0.0,15.1,32.4,335
2019-05-11 06:00:00,6.8,0.0,15.8,33.1,339
2019-05-11 07:00:00,7.4,0.0,18.3,41.0,338
2019-05-11 08:00:00,7.9,0.0,21.8,44.3,338
2019-05-11 09:00:00,8.3,0.1,23.0,48.6,335
2019-05-11 10:00:00,8.7,0.0,23.8,51.8,333
2019-05-11 11:00:00,8.8,0.0,20.1,52.6,331
2019-05-11 12:00:00,9.0,0.0,20.2,52.2,325
2019-05-11 13:00:00,9.0,0.0,21.5,53.6,322
2019-05-11 14:00:00,9.1,0.0,22.8,55.4,322
2019-05-11 15:00:00,9.4,0.0,23.4,56.2,326
2019-05-11 16:00:00,9.0,0.0,23.4,55.1,329
2019-05-11 17:00:00,8.8,0.0,23.0,54.7,331
2019-05-11 18:00:00,8.4,0.0,22.6,53.6,329
2019-05-11 19:00:00,8.0,0.0,22.2,52.6,328
2019-05-11 20:00:00,7.7,0.0,21.8,45.7,329
2019-05-11 21:00:00,7.3,0.0,20.9,44.3,333
2019-05-11 22:00:00,7.0,0.0,20.6,41.8,335
2019-05-11 23:00:00,6.9,0.0,19.0,40.3,333
2019-05-12 00:00:00,6.6,0.0,20.8,42.8,337
2019-05-12 01:00:00,6.2,0.0,20.9,45.0,339
2019-05-12 02:00:00,6.0,0.0,21.2,45.7,339
2019-05-12 03:00:00,5.7,0.0,21.7,45.0,339
2019-05-12 04:00:00,5.5,0.0,21.5,43.6,339
2019-05-12 05:00:00,5.6,0.0,21.1,43.6,340
2019-05-12 06:00:00,6.3,0.0,20.4,44.6,339
2019-05-12 07:00:00,7.1,0.0,20.5,46.1,338
2019-05-12 08:00:00,7.7,0.0,20.5,45.0,336
2019-05-12 09:00:00,8.2,0.0,20.0,45.7,334
2019-05-12 10:00:00,8.8,0.0,19.2,45.4,330
2019-05-12 11:00:00,8.7,0.0,14.7,44.3,324
2019-05-12 12:00:00,9.2,0.0,17.6,45.4,316
2019-05-12 13:00:00,9.2,0.0,16.9,49.0,310
2019-05-12 14:00:00,9.3,0.0,15.9,49.3,298
2019-05-12 15:00:00,9.4,0.0,15.9,46.1,283
2019-05-12 16:00:00,9.0,0.0,18.1,43.6,276
2019-05-12 17:00:00,8.1,0.0,18.8,40.7,277
2019-05-12 18:00:00,7.5,0.5,15.8,37.8,282
2019-05-12 19:00:00,7.1,0.1,12.0,31.7,286
2019-05-12 20:00:00,6.9,0.0,10.0,31.0,296
2019-05-12 21:00:00,6.6,0.0,10.4,19.4,304
2019-05-12 22:00:00,5.9,0.0,11.2,20.5,312
2019-05-12 23:00:00,5.7,0.0,9.7,22.0,318
2019-05-13 00:00:00,5.4,0.0,9.5,22.3,307
2019-05-13 01:00:00,5.1,0.0,7.7,22.3,319
2019-05-13 02:00:00,4.5,0.0,7.7,19.8,323
2019-05-13 03:00:00,4.5,0.0,7.1,16.2,330
2019-05-13 04:00:00,4.4,0.0,6.9,15.1,332
2019-05-13 05:00:00,4.2,0.0,7.6,14.8,341
2019-05-13 06:00:00,4.9,0.0,6.9,15.8,351
2019-05-13 07:00:00,5.9,0.0,6.9,17.6,351
2019-05-13 08:00:00,6.9,0.0,7.6,19.4,341
2019-05-13 09:00:00,7.8,0.0,7.2,20.9,333
2019-05-13 10:00:00,8.6,0.0,7.2,22.0,323
2019-05-13 11:00:00,8.9,0.0,4.8,23.0,283
2019-05-13 12:00:00,9.3,0.0,5.5,22.7,281
2019-05-13 13:00:00,9.8,0.0,6.9,24.5,276
2019-05-13 14:00:00,9.8,0.0,8.3,27.0,275
2019-05-13 15:00:00,9.9,0.0,9.4,28.1,277
2019-05-13 16:00:00,9.5,0.0,9.2,28.1,281
2019-05-13 17:00:00,9.1,0.0,9.3,27.7,283
2019-05-13 18:00:00,8.5,0.0,9.7,27.0,292
2019-05-13 19:00:00,8.3,0.0,7.0,24.1,305
2019-05-13 20:00:00,8.0,0.0,4.3,15.8,312
2019-05-13 21:00:00,7.1,0.0,3.9,10.4,304
2019-05-13 22:00:00,6.7,0.0,3.3,9.0,311
2019-05-13 23:00:00,6.8,0.0,3.3,6.8,103
2019-05-14 00:00:00,6.6,0.0,5.2,5.8,124
2019-05-14 01:00:00,6.5,0.0,5.6,7.2,140
2019-05-14 02:00:00,6.3,0.0,4.0,7.2,153
2019-05-14 03:00:00,5.8,0.0,5.2,8.6,164
2019-05-14 04:00:00,5.8,0.0,6.0,9.0,155
2019-05-14 05:00:00,6.3,0.0,6.2,11.9,144
2019-05-14 06:00:00,7.1,0.0,8.4,15.1,140
2019-05-14 07:00:00,8.3,0.0,8.4,16.9,137
2019-05-14 08:00:00,9.0,0.0,9.5,20.9,143
2019-05-14 09:00:00,9.8,0.0,10.4,23.8,160
2019-05-14 10:00:00,10.6,0.0,11.9,26.3,183
2019-05-14 11:00:00,11.0,0.0,12.5,30.6,192
2019-05-14 12:00:00,11.5,0.0,13.1,33.5,201
2019-05-14 13:00:00,12.1,0.0,13.2,33.5,206
2019-05-14 14:00:00,12.6,0.0,12.1,32.0,210
2019-05-14 15:00:00,12.5,0.0,11.0,28.1,212
2019-05-14 16:00:00,12.1,0.0,10.1,24.8,215
2019-05-14 17:00:00,11.6,0.0,9.0,22.0,217
2019-05-14 18:00:00,11.1,0.0,6.8,18.4,212
2019-05-14 19:00:00,10.7,0.0,5.0,14.4,210
2019-05-14 20:00:00,10.4,0.0,3.1,10.8,216
2019-05-14 21:00:00,9.5,0.0,2.4,6.5,243
2019-05-14 22:00:00,8.6,0.0,1.8,4.7,281
2019-05-14 23:00:00,8.5,0.0,2.7,4.7,113
2019-05-15 00:00:00,8.5,0.0,0.5,5.0,135
2019-05-15 01:00:00,8.2,0.0,1.8,5.4,37
2019-05-15 02:00:00,7.7,0.0,3.1,6.8,54
2019-05-15 03:00:00,7.9,0.0,3.3,7.2,49
2019-05-15 04:00:00,7.7,0.0,3.2,7.2,27
2019-05-15 05:00:00,8.3,0.0,4.3,8.6,360
2019-05-15 06:00:00,8.8,0.0,5.8,11.9,353
2019-05-15 07:00:00,9.6,0.0,5.4,13.0,352
2019-05-15 08:00:00,11.2,0.0,5.8,14.8,356
2019-05-15 09:00:00,12.6,0.0,5.2,14.8,348
2019-05-15 10:00:00,13.9,0.0,5.3,15.1,332
2019-05-15 11:00:00,14.5,0.0,5.9,16.9,308
2019-05-15 12:00:00,15.1,0.0,7.1,20.2,311
2019-05-15 13:00:00,15.5,0.0,8.2,23.0,311
2019-05-15 14:00:00,15.4,0.0,7.9,27.0,309
2019-05-15 15:00:00,15.5,0.0,8.8,28.4,305
2019-05-15 16:00:00,15.2,0.0,9.6,28.4,304
2019-05-15 17:00:00,15.0,0.0,9.4,27.4,317
2019-05-15 18:00:00,14.8,0.0,7.6,24.8,329
2019-05-15 19:00:00,13.9,0.0,5.3,18.7,332
2019-05-15 20:00:00,12.7,0.0,3.1,11.2,324
2019-05-15 21:00:00,10.8,0.0,3.5,6.1,294
2019-05-15 22:00:00,10.6,0.0,4.3,7.9,270
2019-05-15 23:00:00,8.2,0.0,4.0,8.6,170
2019-05-16 00:00:00,8.2,0.0,5.7,8.6,162
2019-05-16 01:00:00,7.7,0.0,6.7,7.6,164
2019-05-16 02:00:00,6.8,0.0,6.3,7.6,156
2019-05-16 03:00:00,7.1,0.0,5.2,7.9,124
2019-05-16 04:00:00,7.0,0.0,5.0,8.3,90
2019-05-16 05:00:00,7.5,0.0,4.2,8.6,70
2019-05-16 06:00:00,8.9,0.0,6.6,9.4,61
2019-05-16 07:00:00,10.3,0.0,6.1,11.5,45
2019-05-16 08:00:00,12.6,0.0,5.9,14.8,38
2019-05-16 09:00:00,14.5,0.0,4.8,15.1,27
2019-05-16 10:00:00,15.8,0.0,2.6,14.0,344
2019-05-16 11:00:00,16.8,0.0,4.3,14.8,270
2019-05-16 12:00:00,17.0,0.0,8.0,22.3,278
2019-05-16 13:00:00,16.8,0.0,10.2,29.5,293
2019-05-16 14:00:00,16.9,0.0,10.9,33.1,297
2019-05-16 15:00:00,16.7,0.0,12.1,34.6,307
2019-05-16 16:00:00,16.6,0.0,13.2,35.6,317
2019-05-16 17:00:00,16.3,0.0,14.1,37.1,328
2019-05-16 18:00:00,15.7,0.0,13.5,37.4,335
2019-05-16 19:00:00,14.8,0.0,12.2,34.6,336
2019-05-16 20:00:00,14.0,0.0,12.1,25.9,333
2019-05-16 21:00:00,12.3,0.0,11.9,24.1,335
2019-05-16 22:00:00,11.0,0.0,10.6,22.3,336
2019-05-16 23:00:00,10.0,0.0,6.8,19.8,357
2019-05-17 00:00:00,9.4,0.0,8.0,15.5,18
2019-05-17 01:00:00,8.9,0.0,5.9,12.2,43
2019-05-17 02:00:00,8.8,0.0,5.2,11.2,56
2019-05-17 03:00:00,8.7,0.0,7.1,10.1,66
2019-05-17 04:00:00,8.8,0.0,8.2,10.4,75
2019-05-17 05:00:00,8.9,0.0,9.2,12.2,79
2019-05-17 06:00:00,10.6,0.0,9.8,14.8,82
2019-05-17 07:00:00,12.8,0.0,9.0,15.5,85
2019-05-17 08:00:00,15.6,0.0,8.0,18.4,85
2019-05-17 09:00:00,17.9,0.0,7.7,21.2,79
2019-05-17 10:00:00,19.1,0.0,7.9,22.0,60
2019-05-17 11:00:00,20.1,0.0,9.4,22.3,47
2019-05-17 12:00:00,20.3,0.0,9.2,23.4,42
2019-05-17 13:00:00,20.6,0.0,8.2,23.8,29
2019-05-17 14:00:00,21.5,0.0,8.8,24.1,19
2019-05-17 15:00:00,21.6,0.0,10.0,23.8,15
2019-05-17 16:00:00,21.3,0.0,10.6,23.0,10
2019-05-17 17:00:00,21.1,0.0,10.9,20.5,6
2019-05-17 18:00:00,20.4,0.0,9.7,20.9,4
2019-05-17 19:00:00,19.5,0.0,10.5,19.8,8
2019-05-17 20:00:00,18.4,0.0,10.2,18.7,18
2019-05-17 21:00:00,17.4,0.0,8.8,17.3,35
2019-05-17 22:00:00,16.7,0.0,8.1,15.8,58
2019-05-17 23:00:00,15.9,0.0,8.8,16.6,78
2019-05-18 00:00:00,15.4,0.0,9.3,18.0,77
2019-05-18 01:00:00,15.5,0.0,9.2,19.4,69
2019-05-18 02:00:00,16.3,0.0,9.7,19.8,68
2019-05-18 03:00:00,16.5,0.0,10.3,22.7,65
2019-05-18 04:00:00,16.9,0.0,10.1,24.5,63
2019-05-18 05:00:00,16.6,0.0,11.6,23.4,60
2019-05-18 06:00:00,15.5,0.2,11.3,30.2,63
2019-05-18 07:00:00,15.3,0.4,10.4,13.3,70
2019-05-18 08:00:00,14.5,0.2,7.0,31.7,102
2019-05-18 09:00:00,14.7,0.1,8.0,31.3,144
2019-05-18 10:00:00,14.6,0.2,8.6,36.7,180
2019-05-18 11:00:00,13.7,0.6,13.1,44.3,217
2019-05-18 12:00:00,13.6,0.4,9.4,45.7,223
2019-05-18 13:00:00,13.7,0.1,7.9,24.1,231
2019-05-18 14:00:00,13.2,0.0,8.7,19.8,246
2019-05-18 15:00:00,13.8,0.0,9.7,17.3,266
2019-05-18 16:00:00,14.0,0.0,8.5,15.5,282
2019-05-18 17:00:00,14.5,0.0,7.7,15.1,307
2019-05-18 18:00:00,14.5,0.0,8.4,16.9,329
2019-05-18 19:00:00,14.2,0.0,9.6,18.4,340
2019-05-18 20:00:00,13.6,0.0,9.6,20.9,347
2019-05-18 21:00:00,12.9,0.0,9.4,18.7,353
2019-05-18 22:00:00,12.3,0.0,8.6,17.3,360
2019-05-18 23:00:00,11.8,0.0,8.6,15.8,15
2019-05-19 00:00:00,11.5,0.0,8.4,14.4,20
2019-05-19 01:00:00,11.2,0.0,8.2,14.8,29
2019-05-19 02:00:00,10.6,0.0,7.2,13.7,37
2019-05-19 03:00:00,10.2,0.0,6.7,12.6,54
2019-05-19 04:00:00,9.9,0.0,5.8,13.0,68
2019-05-19 05:00:00,9.9,0.0,6.9,13.7,81
2019-05-19 06:00:00,11.3,0.0,7.2,14.0,93
2019-05-19 07:00:00,13.3,0.0,5.6,13.3,117
2019-05-19 08:00:00,14.9,0.0,5.6,14.0,165
2019-05-19 09:00:00,16.2,0.0,7.4,18.7,203
2019-05-19 10:00:00,17.3,0.0,8.9,22.3,230
2019-05-19 11:00:00,17.6,0.0,10.2,25.6,252
2019-05-19 12:00:00,17.9,0.0,11.2,28.8,264
2019-05-19 13:00:00,18.1,0.0,10.9,29.9,278
2019-05-19 14:00:00,18.2,0.0,9.8,29.5,294
2019-05-19 15:00:00,18.1,0.0,9.2,28.1,309
2019-05-19 16:00:00,18.5,0.0,9.2,28.4,315
2019-05-19 17:00:00,18.3,0.0,9.7,23.0,321
2019-05-19 18:00:00,17.6,0.0,9.5,21.6,323
2019-05-19 19:00:00,16.5,0.0,9.0,21.6,323
2019-05-19 20:00:00,15.7,0.0,8.3,18.7,326
2019-05-19 21:00:00,14.0,0.0,8.0,16.2,333
2019-05-19 22:00:00,12.5,0.0,7.5,14.8,343
2019-05-19 23:00:00,11.6,0.0,5.4,13.7,352
2019-05-20 00:00:00,11.8,0.0,6.8,11.5,360
2019-05-20 01:00:00,11.8,0.0,5.6,10.4,15
2019-05-20 02:00:00,11.7,0.0,5.3,9.4,28
2019-05-20 03:00:00,11.3,0.0,5.8,9.7,30
2019-05-20 04:00:00,10.9,0.0,5.5,9.0,32
2019-05-20 05:00:00,11.6,0.0,3.5,8.3,24
2019-05-20 06:00:00,12.7,0.0,4.6,9.7,18
2019-05-20 07:00:00,14.2,0.0,4.0,10.8,5
2019-05-20 08:00:00,16.0,0.0,3.6,11.5,360
2019-05-20 09:00:00,17.2,0.0,3.1,12.6,339
2019-05-20 10:00:00,18.4,0.0,6.1,18.0,315
2019-05-20 11:00:00,18.8,0.0,7.1,24.1,311
2019-05-20 12:00:00,19.0,0.0,10.3,28.8,306
2019-05-20 13:00:00,19.1,0.0,12.2,33.1,315
2019-05-20 14:00:00,18.6,0.0,13.8,35.3,321
2019-05-20 15:00:00,18.4,0.0,14.6,36.4,327
2019-05-20 16:00:00,18.3,0.0,14.2,34.9,330
2019-05-20 17:00:00,17.5,0.0,13.8,34.2,332
2019-05-20 18:00:00,16.9,0.0,13.0,32.0,332
2019-05-20 19:00:00,15.8,0.0,12.4,29.2,334
2019-05-20 20:00:00,14.9,0.0,11.4,24.8,336
2019-05-20 21:00:00,13.9,0.0,11.0,22.0,337
2019-05-20 22:00:00,12.9,0.0,9.4,20.2,337
2019-05-20 23:00:00,12.2,0.0,7.0,16.9,339
2019-05-21 00:00:00,11.6,0.0,7.6,13.7,335
2019-05-21 01:00:00,11.1,0.0,8.6,14.8,338
2019-05-21 02:00:00,10.7,0.0,7.5,14.4,343
2019-05-21 03:00:00,10.1,0.0,8.4,12.2,350
2019-05-21 04:00:00,9.9,0.0,8.3,11.9,358
2019-05-21 05:00:00,10.5,0.0,5.4,10.8,360
2019-05-21 06:00:00,11.6,0.0,5.0,8.3,360
2019-05-21 07:00:00,12.8,0.0,3.2,7.9,333
2019-05-21 08:00:00,14.1,0.0,2.8,10.4,310
2019-05-21 09:00:00,15.4,0.0,3.1,13.0,306
2019-05-21 10:00:00,16.8,0.0,3.9,15.5,304
2019-05-21 11:00:00,18.2,0.0,5.3,16.6,298
2019-05-21 12:00:00,18.6,0.0,6.1,17.3,298
2019-05-21 13:00:00,19.0,0.0,6.5,20.2,289
2019-05-21 14:00:00,19.4,0.0,8.8,23.8,289
2019-05-21 15:00:00,18.8,0.0,10.0,27.0,300
2019-05-21 16:00:00,18.2,0.0,9.7,28.1,309
2019-05-21 17:00:00,17.6,0.0,8.4,27.4,310
2019-05-21 18:00:00,16.8,0.0,7.2,25.2,307
2019-05-21 19:00:00,16.2,0.0,5.8,20.9,300
2019-05-21 20:00:00,15.3,0.0,5.5,12.6,293
2019-05-21 21:00:00,13.9,0.0,4.7,10.4,270
2019-05-21 22:00:00,12.9,0.6,5.9,10.4,259
2019-05-21 23:00:00,12.5,0.6,4.0,8.3,265
2019-05-22 00:00:00,12.0,1.6,4.0,7.6,280
2019-05-22 01:00:00,11.5,1.7,4.2,14.8,301
2019-05-22 02:00:00,11.2,1.2,3.9,14.8,326
2019-05-22 03:00:00,11.1,1.2,3.1,13.3,315
2019-05-22 04:00:00,10.9,0.9,2.5,9.0,262
2019-05-22 05:00:00,10.8,1.0,2.5,9.4,225
2019-05-22 06:00:00,11.0,0.8,5.9,10.1,191
2019-05-22 07:00:00,11.0,1.0,8.9,17.3,194
2019-05-22 08:00:00,10.9,0.5,10.6,20.5,198
2019-05-22 09:00:00,10.8,0.6,11.6,22.3,196
2019-05-22 10:00:00,10.9,0.6,12.1,23.8,192
2019-05-22 11:00:00,11.9,0.6,9.7,25.9,178
2019-05-22 12:00:00,12.1,0.7,12.0,29.5,187
2019-05-22 13:00:00,11.9,0.8,13.8,30.2,187
2019-05-22 14:00:00,11.8,0.7,15.2,32.0,187
2019-05-22 15:00:00,11.2,0.5,15.2,33.8,187
2019-05-22 16:00:00,11.4,0.1,15.9,34.6,186
2019-05-22 17:00:00,11.6,0.0,16.8,34.9,189
2019-05-22 18:00:00,11.3,0.0,17.7,34.2,193
2019-05-22 19:00:00,11.1,0.0,16.4,32.8,195
2019-05-22 20:00:00,10.8,0.0,14.4,33.5,193
2019-05-22 21:00:00,10.5,0.3,14.6,30.6,190
2019-05-22 22:00:00,10.3,0.4,15.6,29.2,188
2019-05-22 23:00:00,10.0,0.5,14.2,33.1,173
2019-05-23 00:00:00,9.7,0.4,15.5,35.6,168
2019-05-23 01:00:00,9.7,0.2,16.4,36.0,165
2019-05-23 02:00:00,9.5,0.0,16.6,35.3,153
2019-05-23 03:00:00,9.1,0.0,16.1,34.2,138
2019-05-23 04:00:00,9.0,0.0,14.6,32.4,128
2019-05-23 05:00:00,9.0,0.0,13.4,29.2,117
2019-05-23 06:00:00,9.8,0.0,12.8,25.9,112
2019-05-23 07:00:00,10.4,0.2,13.4,27.4,117
2019-05-23 08:00:00,10.5,0.4,16.9,39.2,128
2019-05-23 09:00:00,11.2,0.4,21.2,42.8,140
2019-05-23 10:00:00,11.4,0.2,23.7,47.9,152
2019-05-23 11:00:00,11.4,0.2,23.4,53.3,155
2019-05-23 12:00:00,12.0,0.7,23.7,55.1,154
2019-05-23 13:00:00,10.9,2.6,21.6,55.4,150
2019-05-23 14:00:00,10.3,1.8,23.7,54.0,150
2019-05-23 15:00:00,10.3,1.6,26.6,54.4,153
2019-05-23 16:00:00,10.0,1.6,28.4,55.4,160
2019-05-23 17:00:00,10.1,1.7,27.9,56.2,160
2019-05-23 18:00:00,10.0,1.6,26.2,55.4,153
2019-05-23 19:00:00,9.6,1.5,26.6,50.8,147
2019-05-23 20:00:00,9.4,1.5,25.3,53.6,140
2019-05-23 21:00:00,9.1,1.2,23.7,50.8,132
2019-05-23 22:00:00,8.7,0.8,21.2,47.2,125
2019-05-23 23:00:00,8.6,0.4,18.4,42.1,121
2019-05-24 00:00:00,8.6,0.3,15.8,35.6,117
2019-05-24 01:00:00,8.7,0.3,12.9,27.7,108
2019-05-24 02:00:00,8.8,0.2,8.7,20.2,83
2019-05-24 03:00:00,8.8,0.0,6.4,15.8,43
2019-05-24 04:00:00,8.8,0.0,7.2,18.0,6
2019-05-24 05:00:00,9.0,0.0,8.3,21.2,342
2019-05-24 06:00:00,9.5,0.0,10.0,22.7,334
2019-05-24 07:00:00,10.1,0.0,14.2,27.0,330
2019-05-24 08:00:00,11.2,0.0,15.7,32.4,328
2019-05-24 09:00:00,11.8,0.0,15.9,33.1,327
2019-05-24 10:00:00,12.6,0.0,15.7,32.4,328
2019-05-24 11:00:00,12.6,0.0,10.7,33.1,318
2019-05-24 12:00:00,12.9,0.0,14.8,38.2,313
2019-05-24 13:00:00,12.9,0.0,18.9,46.1,318
2019-05-24 14:00:00,13.2,0.0,20.1,48.6,324
2019-05-24 15:00:00,13.0,0.0,21.2,51.5,328
2019-05-24 16:00:00,12.8,0.0,22.0,52.9,328
2019-05-24 17:00:00,12.6,0.0,22.9,53.6,330
2019-05-24 18:00:00,12.3,0.0,22.0,50.8,328
2019-05-24 19:00:00,11.5,0.0,20.9,47.2,328
2019-05-24 20:00:00,11.1,0.0,19.7,42.8,329
2019-05-24 21:00:00,10.8,0.0,17.3,39.2,329
2019-05-24 22:00:00,10.6,0.0,15.9,34.9,327
2019-05-24 23:00:00,10.4,0.0,11.5,31.0,319
2019-05-25 00:00:00,10.1,0.0,11.2,29.5,312
2019-05-25 01:00:00,10.1,0.0,12.0,27.7,309
2019-05-25 02:00:00,9.8,0.0,12.3,26.6,308
2019-05-25 03:00:00,9.6,0.0,11.1,24.5,306
2019-05-25 04:00:00,9.4,0.0,9.6,21.2,304
2019-05-25 05:00:00,9.5,0.0,9.8,17.6,298
2019-05-25 06:00:00,10.1,0.0,10.3,18.7,295
2019-05-25 07:00:00,10.6,0.0,9.2,20.9,291
2019-05-25 08:00:00,10.9,0.1,8.8,20.5,279
2019-05-25 09:00:00,11.3,0.2,9.0,22.3,270
2019-05-25 10:00:00,11.2,0.2,10.9,26.3,264
2019-05-25 11:00:00,11.3,0.2,11.3,30.2,263
2019-05-25 12:00:00,11.3,0.2,10.3,30.2,258
2019-05-25 13:00:00,11.4,0.1,10.0,29.2,257
2019-05-25 14:00:00,11.0,0.0,8.8,26.3,258
2019-05-25 15:00:00,10.9,0.0,7.6,22.3,262
2019-05-25 16:00:00,10.9,0.0,7.6,19.1,270
2019-05-25 17:00:00,10.4,0.0,7.8,17.6,283
2019-05-25 18:00:00,10.0,0.0,9.5,17.3,295
2019-05-25 19:00:00,9.9,0.1,10.7,19.8,312
2019-05-25 20:00:00,9.7,0.3,11.4,22.3,325
2019-05-25 21:00:00,9.3,0.4,12.7,23.8,335
2019-05-25 22:00:00,8.7,0.2,12.5,25.6,342
2019-05-25 23:00:00,8.7,0.0,10.3,25.9,331
2019-05-26 00:00:00,8.3,0.2,11.9,26.3,331
2019-05-26 01:00:00,7.8,0.0,12.4,27.0,330
2019-05-26 02:00:00,7.5,0.0,11.5,25.9,328
2019-05-26 03:00:00,7.1,0.0,9.6,23.0,326
2019-05-26 04:00:00,6.7,0.0,9.0,18.4,331
2019-05-26 05:00:00,7.4,0.0,9.9,17.3,341
2019-05-26 06:00:00,8.0,0.0,9.9,21.6,341
2019-05-26 07:00:00,8.6,0.0,13.6,28.1,343
2019-05-26 08:00:00,9.5,0.0,14.2,31.0,344
2019-05-26 09:00:00,10.0,0.0,12.9,31.0,337
2019-05-26 10:00:00,10.7,0.0,14.2,32.8,324
2019-05-26 11:00:00,11.0,0.0,13.5,37.4,318
2019-05-26 12:00:00,11.4,0.0,14.8,38.5,315
2019-05-26 13:00:00,11.5,0.0,14.9,38.5,323
2019-05-26 14:00:00,11.8,0.0,14.3,37.8,319
2019-05-26 15:00:00,12.0,0.0,14.5,36.4,318
2019-05-26 16:00:00,11.5,0.0,15.0,39.2,325
2019-05-26 17:00:00,11.1,0.0,14.2,39.2,333
2019-05-26 18:00:00,10.8,0.0,13.7,36.7,337
2019-05-26 19:00:00,10.3,0.0,14.2,34.6,336
2019-05-26 20:00:00,9.8,0.0,13.7,28.8,337
2019-05-26 21:00:00,9.3,0.0,13.7,27.4,337
2019-05-26 22:00:00,8.9,0.0,14.0,26.3,337
2019-05-26 23:00:00,8.8,0.0,10.2,26.3,337
2019-05-27 00:00:00,8.3,0.0,11.3,27.0,338
2019-05-27 01:00:00,8.1,0.0,12.3,27.0,339
2019-05-27 02:00:00,7.8,0.0,13.1,28.1,339
2019-05-27 03:00:00,7.6,0.0,14.4,30.2,338
2019-05-27 04:00:00,7.6,0.0,15.7,32.8,340
2019-05-27 05:00:00,7.7,0.0,16.7,33.8,341
2019-05-27 06:00:00,8.4,0.0,17.2,34.6,340
2019-05-27 07:00:00,9.3,0.0,19.1,41.0,340
2019-05-27 08:00:00,10.2,0.0,19.4,42.1,338
2019-05-27 09:00:00,10.8,0.0,19.8,43.2,335
2019-05-27 10:00:00,11.3,0.0,20.0,43.9,334
2019-05-27 11:00:00,11.7,0.0,18.8,45.0,334
2019-05-27 12:00:00,11.9,0.0,20.4,48.2,328
2019-05-27 13:00:00,11.4,0.0,23.6,54.0,326
2019-05-27 14:00:00,11.1,0.0,26.1,58.3,327
2019-05-27 15:00:00,10.7,0.0,27.1,61.2,330
2019-05-27 16:00:00,10.3,0.0,26.9,61.2,332
2019-05-27 17:00:00,10.0,0.0,26.4,59.8,332
2019-05-27 18:00:00,9.1,0.0,24.6,56.5,333
2019-05-27 19:00:00,8.3,0.0,22.4,51.8,332
2019-05-27 20:00:00,7.8,0.0,20.4,46.8,334
2019-05-27 21:00:00,7.3,0.0,19.5,42.5,335
2019-05-27 22:00:00,6.9,0.0,17.6,37.8,337
2019-05-27 23:00:00,6.9,0.0,13.4,33.8,336
2019-05-28 00:00:00,6.5,0.0,11.8,31.0,333
2019-05-28 01:00:00,6.3,0.0,11.8,28.1,329
2019-05-28 02:00:00,6.1,0.0,10.9,25.2,333
2019-05-28 03:00:00,5.9,0.0,10.0,22.3,334
2019-05-28 04:00:00,5.4,0.0,10.0,20.2,330
2019-05-28 05:00:00,5.6,0.0,10.3,19.1,331
2019-05-28 06:00:00,6.4,0.0,10.5,21.6,333
2019-05-28 07:00:00,6.9,0.0,9.3,22.3,332
2019-05-28 08:00:00,7.3,0.0,8.7,22.3,322
2019-05-28 09:00:00,8.0,0.0,10.2,23.8,309
2019-05-28 10:00:00,7.8,0.0,12.1,28.8,307
2019-05-28 11:00:00,8.1,0.0,13.6,32.4,310
2019-05-28 12:00:00,7.9,0.0,13.7,33.8,315
2019-05-28 13:00:00,8.5,0.0,14.5,35.6,314
2019-05-28 14:00:00,7.6,0.3,16.6,41.0,312
2019-05-28 15:00:00,7.2,0.8,18.1,46.8,313
2019-05-28 16:00:00,7.4,0.0,18.7,46.4,310
2019-05-28 17:00:00,8.0,0.0,18.6,43.6,311
2019-05-28 18:00:00,7.7,0.0,17.1,40.7,312
2019-05-28 19:00:00,7.6,0.0,14.3,38.9,313
2019-05-28 20:00:00,7.4,0.0,12.8,30.6,308
2019-05-28 21:00:00,7.0,0.0,9.7,25.2,301
2019-05-28 22:00:00,6.5,0.0,8.0,19.4,297
2019-05-28 23:00:00,5.8,0.0,8.7,15.5,294
2019-05-29 00:00:00,5.3,0.0,7.9,14.8,254
2019-05-29 01:00:00,4.8,0.2,8.3,17.6,236
2019-05-29 02:00:00,4.6,0.4,7.4,17.6,241
2019-05-29 03:00:00,4.2,0.0,7.3,14.4,237
2019-05-29 04:00:00,4.4,0.1,5.9,13.7,227
2019-05-29 05:00:00,5.0,0.0,6.9,11.5,223
2019-05-29 06:00:00,5.7,0.0,8.7,20.9,222
2019-05-29 07:00:00,6.5,0.0,10.6,25.6,215
2019-05-29 08:00:00,6.9,0.3,12.0,27.4,213
2019-05-29 09:00:00,7.2,0.3,13.3,31.3,213
2019-05-29 10:00:00,7.8,0.3,14.5,33.8,207
2019-05-29 11:00:00,8.8,0.3,16.1,38.5,196
2019-05-29 12:00:00,9.0,0.3,18.7,45.0,196
2019-05-29 13:00:00,8.8,0.2,20.4,50.4,201
2019-05-29 14:00:00,8.7,0.2,22.1,53.3,199
2019-05-29 15:00:00,8.7,0.2,23.8,58.7,198
2019-05-29 16:00:00,8.7,0.2,24.1,59.8,197
2019-05-29 17:00:00,9.0,0.2,24.2,59.4,198
2019-05-29 18:00:00,8.5,0.6,26.5,58.0,198
2019-05-29 19:00:00,8.4,0.3,25.8,51.5,195
2019-05-29 20:00:00,8.0,2.1,25.8,53.3,192
2019-05-29 21:00:00,8.0,2.0,22.7,53.6,182
2019-05-29 22:00:00,8.0,1.8,20.0,49.3,173
2019-05-29 23:00:00,7.7,1.3,13.0,41.8,152
2019-05-30 00:00:00,7.7,0.6,13.1,37.4,148
2019-05-30 01:00:00,7.8,0.3,13.4,33.8,149
2019-05-30 02:00:00,7.8,0.5,11.6,31.3,150
2019-05-30 03:00:00,8.0,0.4,10.7,28.4,147
2019-05-30 04:00:00,8.0,0.4,11.1,28.1,151
2019-05-30 05:00:00,8.0,0.6,10.8,29.2,159
2019-05-30 06:00:00,8.3,0.2,11.8,32.0,168
2019-05-30 07:00:00,8.6,0.1,12.6,32.4,178
2019-05-30 08:00:00,8.8,1.0,12.3,30.2,183
2019-05-30 09:00:00,8.7,1.2,13.3,30.2,199
2019-05-30 10:00:00,8.7,1.0,12.3,30.6,218
2019-05-30 11:00:00,8.6,0.7,10.5,25.9,229
2019-05-30 12:00:00,8.7,0.6,10.8,24.8,249
2019-05-30 13:00:00,8.9,0.9,10.9,27.4,264
2019-05-30 14:00:00,8.9,0.5,12.3,30.6,277
2019-05-30 15:00:00,9.4,0.0,14.9,39.6,285
2019-05-30 16:00:00,10.1,0.0,16.3,40.0,284
2019-05-30 17:00:00,10.5,0.0,16.5,37.8,280
2019-05-30 18:00:00,10.1,0.1,17.4,37.4,277
2019-05-30 19:00:00,9.7,0.0,17.4,38.2,276
2019-05-30 20:00:00,9.4,0.0,14.8,36.0,274
2019-05-30 21:00:00,9.0,0.0,14.4,31.0,270
2019-05-30 22:00:00,8.9,0.0,15.9,30.2,273
2019-05-30 23:00:00,8.5,0.0,15.5,33.5,270
2019-05-31 00:00:00,8.4,0.0,14.4,37.4,270
2019-05-31 01:00:00,8.0,0.1,14.9,37.8,277
2019-05-31 02:00:00,7.7,0.2,12.3,31.3,285
2019-05-31 03:00:00,7.6,0.3,11.4,27.7,288
2019-05-31 04:00:00,7.4,0.3,9.3,24.8,283
2019-05-31 05:00:00,7.5,0.0,10.3,20.2,282
2019-05-31 06:00:00,8.2,0.2,9.4,20.2,277
2019-05-31 07:00:00,8.7,0.2,10.9,24.8,276
2019-05-31 08:00:00,9.4,0.2,13.0,27.0,275
2019-05-31 09:00:00,9.9,0.2,13.3,31.0,272
2019-05-31 10:00:00,10.2,0.2,11.6,31.0,277
2019-05-31 11:00:00,10.5,0.1,11.3,30.2,261
2019-05-31 12:00:00,10.6,0.1,12.4,32.0,253
2019-05-31 13:00:00,10.8,0.0,10.8,31.7,255
2019-05-31 14:00:00,11.1,0.0,9.2,25.9,249
2019-05-31 15:00:00,11.5,0.0,9.0,23.0,241
2019-05-31 16:00:00,11.3,0.0,7.0,23.4,235
2019-05-31 17:00:00,11.2,0.0,5.1,20.9,225
2019-05-31 18:00:00,11.0,0.0,4.4,18.4,215
2019-05-31 19:00:00,10.5,0.0,2.0,15.8,225
2019-05-31 20:00:00,10.2,0.0,1.0,7.2,225
2019-05-31 21:00:00,9.7,0.1,1.1,6.1,252
2019-05-31 22:00:00,9.3,0.4,3.6,7.9,84
2019-05-31 23:00:00,8.9,0.8,8.3,16.2,90
2019-06-01 00:00:00,8.6,1.0,12.6,22.3,90
2019-06-01 01:00:00,8.5,1.3,13.7,25.6,90
2019-06-01 02:00:00,8.5,1.5,14.6,25.6,99
2019-06-01 03:00:00,8.5,1.9,16.6,28.4,112
2019-06-01 04:00:00,9.0,3.0,17.7,33.5,128
2019-06-01 05:00:00,9.5,2.8,17.0,37.4,148
2019-06-01 06:00:00,10.0,2.3,17.0,37.4,159
2019-06-01 07:00:00,10.4,2.4,14.0,36.7,168
2019-06-01 08:00:00,10.9,2.2,10.5,32.4,184
2019-06-01 09:00:00,11.1,0.6,10.7,27.0,228
2019-06-01 10:00:00,11.3,0.0,17.1,31.3,262
2019-06-01 11:00:00,11.4,0.1,17.8,39.2,278
2019-06-01 12:00:00,11.1,0.0,16.5,40.0,286
2019-06-01 13:00:00,11.0,0.0,15.5,39.2,292
2019-06-01 14:00:00,11.3,0.0,14.2,36.0,291
2019-06-01 15:00:00,11.3,0.0,13.0,33.5,284
2019-06-01 16:00:00,11.5,0.0,11.3,28.4,279
2019-06-01 17:00:00,12.0,0.0,9.4,25.2,270
2019-06-01 18:00:00,11.8,0.0,8.3,22.7,252
2019-06-01 19:00:00,11.4,0.0,6.4,18.0,232
2019-06-01 20:00:00,11.0,0.0,5.9,15.5,194
2019-06-01 21:00:00,10.7,0.0,7.8,15.1,167
2019-06-01 22:00:00,10.3,0.0,10.0,20.5,154
2019-06-01 23:00:00,10.2,0.2,12.4,22.0,150
2019-06-02 00:00:00,10.1,0.3,13.6,24.1,158
2019-06-02 01:00:00,10.2,0.3,14.1,26.6,174
2019-06-02 02:00:00,10.3,0.2,13.3,26.6,180
2019-06-02 03:00:00,10.2,0.6,12.4,26.3,170
2019-06-02 04:00:00,10.1,0.2,12.8,22.7,158
2019-06-02 05:00:00,10.2,0.0,13.1,23.0,148
2019-06-02 06:00:00,10.4,0.0,14.3,29.2,146
2019-06-02 07:00:00,10.8,0.0,17.6,33.8,149
2019-06-02 08:00:00,11.4,0.0,18.8,38.2,148
2019-06-02 09:00:00,12.4,0.0,19.4,39.6,149
2019-06-02 10:00:00,13.6,0.0,20.8,41.0,154
2019-06-02 11:00:00,14.3,0.0,17.7,44.3,147
2019-06-02 12:00:00,14.1,0.1,19.2,43.6,146
2019-06-02 13:00:00,13.2,0.6,16.6,39.2,132
2019-06-02 14:00:00,12.8,1.2,16.7,31.3,127
2019-06-02 15:00:00,12.7,1.4,18.2,33.5,120
2019-06-02 16:00:00,12.5,1.9,19.5,34.6,115
2019-06-02 17:00:00,12.9,1.7,18.7,46.4,118
2019-06-02 18:00:00,13.4,0.6,16.1,45.0,129
2019-06-02 19:00:00,13.6,0.4,16.0,33.1,126
2019-06-02 20:00:00,13.6,1.6,16.4,47.2,128
2019-06-02 21:00:00,13.7,1.1,18.1,49.3,136
2019-06-02 22:00:00,14.0,0.0,19.8,40.7,147
2019-06-02 23:00:00,14.6,0.0,18.1,44.3,137
2019-06-03 00:00:00,14.6,0.0,17.2,44.6,143
2019-06-03 01:00:00,14.6,0.0,18.9,42.8,140
2019-06-03 02:00:00,14.4,0.8,19.9,47.5,135
2019-06-03 03:00:00,14.6,1.4,23.7,50.0,138
2019-06-03 04:00:00,14.7,2.7,26.7,58.0,154
2019-06-03 05:00:00,14.6,1.4,27.2,64.8,174
2019-06-03 06:00:00,14.3,0.6,27.4,60.8,179
2019-06-03 07:00:00,14.2,0.2,28.1,59.4,183
2019-06-03 08:00:00,14.3,0.0,25.6,56.5,182
2019-06-03 09:00:00,14.5,0.0,26.6,54.7,180
2019-06-03 10:00:00,14.7,0.0,29.5,62.3,179
2019-06-03 11:00:00,14.8,0.0,28.9,69.1,176
2019-06-03 12:00:00,14.4,0.1,30.6,71.3,178
2019-06-03 13:00:00,13.6,0.2,31.0,71.6,179
2019-06-03 14:00:00,13.3,0.1,30.6,70.2,179
2019-06-03 15:00:00,12.8,0.1,29.9,68.4,177
2019-06-03 16:00:00,13.1,0.0,29.9,71.3,177
2019-06-03 17:00:00,12.8,0.0,30.7,67.3,177
2019-06-03 18:00:00,11.8,1.1,29.6,65.5,175
2019-06-03 19:00:00,12.5,0.0,27.2,65.9,174
2019-06-03 20:00:00,12.4,0.0,29.2,59.0,171
2019-06-03 21:00:00,12.2,0.0,29.0,58.7,169
2019-06-03 22:00:00,12.1,0.0,28.8,59.8,167
2019-06-03 23:00:00,12.3,0.0,26.3,59.8,158
2019-06-04 00:00:00,12.2,0.0,26.9,58.0,162
2019-06-04 01:00:00,12.2,0.0,27.2,56.9,165
2019-06-04 02:00:00,12.2,0.1,26.4,56.2,166
2019-06-04 03:00:00,12.2,0.1,25.9,53.6,166
2019-06-04 04:00:00,12.2,0.0,25.5,52.2,167
2019-06-04 05:00:00,12.1,0.0,25.1,52.9,168
2019-06-04 06:00:00,12.1,0.0,26.2,54.7,167
2019-06-04 07:00:00,12.1,0.2,25.8,59.0,167
2019-06-04 08:00:00,11.8,0.0,26.3,59.4,171
2019-06-04 09:00:00,12.0,0.0,26.1,63.7,173
2019-06-04 10:00:00,12.5,0.0,26.3,64.8,176
2019-06-04 11:00:00,13.0,0.0,23.1,64.4,177
2019-06-04 12:00:00,13.3,0.0,23.8,63.7,180
2019-06-04 13:00:00,13.7,0.0,22.7,63.4,179
2019-06-04 14:00:00,13.9,0.0,23.2,62.6,186
2019-06-04 15:00:00,13.7,0.0,21.0,60.8,192
2019-06-04 16:00:00,14.2,0.0,20.2,57.2,196
2019-06-04 17:00:00,14.1,0.0,16.4,54.4,195
2019-06-04 18:00:00,13.7,0.0,12.7,39.6,188
2019-06-04 19:00:00,13.6,0.0,10.2,29.9,172
2019-06-04 20:00:00,13.4,0.0,9.8,22.0,163
2019-06-04 21:00:00,12.9,0.0,9.2,20.2,149
2019-06-04 22:00:00,12.4,0.0,8.1,18.4,148
2019-06-04 23:00:00,11.8,0.0,6.3,16.2,149
2019-06-05 00:00:00,11.9,0.0,6.9,16.2,137
2019-06-05 01:00:00,11.5,0.0,5.9,15.5,101
2019-06-05 02:00:00,11.0,0.0,6.5,13.7,84
2019-06-05 03:00:00,10.8,0.0,7.7,14.0,79
2019-06-05 04:00:00,11.2,0.0,10.4,16.6,70
2019-06-05 05:00:00,11.6,0.0,12.2,17.3,66
2019-06-05 06:00:00,11.9,0.2,11.8,18.0,70
2019-06-05 07:00:00,12.8,0.3,10.2,17.6,72
2019-06-05 08:00:00,12.9,0.8,5.5,20.9,32
2019-06-05 09:00:00,13.0,0.7,6.0,13.7,343
2019-06-05 10:00:00,12.8,1.6,7.5,16.9,343
2019-06-05 11:00:00,12.5,0.3,9.0,17.6,355
2019-06-05 12:00:00,13.0,0.0,8.5,18.0,28
2019-06-05 13:00:00,13.6,0.0,7.6,15.1,85
2019-06-05 14:00:00,14.1,0.0,12.6,20.9,127
2019-06-05 15:00:00,14.8,0.1,17.4,30.6,167
2019-06-05 16:00:00,15.6,0.3,25.4,47.9,187
2019-06-05 17:00:00,15.2,0.2,23.0,53.6,190
2019-06-05 18:00:00,14.7,0.0,20.9,50.4,191
2019-06-05 19:00:00,14.0,0.0,18.0,43.9,192
2019-06-05 20:00:00,13.3,0.0,16.3,39.6,185
2019-06-05 21:00:00,12.9,0.0,14.4,33.8,179
2019-06-05 22:00:00,12.2,0.0,11.4,30.6,169
2019-06-05 23:00:00,11.8,0.0,9.3,23.8,144
2019-06-06 00:00:00,11.5,0.0,6.1,19.4,130
2019-06-06 01:00:00,11.4,0.0,6.9,16.2,129
2019-06-06 02:00:00,11.0,0.0,4.4,13.3,81
2019-06-06 03:00:00,10.4,0.0,4.4,13.7,55
2019-06-06 04:00:00,10.5,0.0,5.9,14.0,43
2019-06-06 05:00:00,10.9,0.0,7.6,13.7,31
2019-06-06 06:00:00,12.5,0.0,10.5,16.6,16
2019-06-06 07:00:00,14.0,0.0,12.4,22.7,17
2019-06-06 08:00:00,15.6,0.0,12.4,26.6,17
2019-06-06 09:00:00,17.5,0.0,12.1,33.8,17
2019-06-06 10:00:00,17.5,0.0,13.3,24.5,19
2019-06-06 11:00:00,19.2,0.0,15.7,25.6,16
2019-06-06 12:00:00,20.6,0.0,16.8,28.8,43
2019-06-06 13:00:00,22.2,0.0,18.3,32.8,74
2019-06-06 14:00:00,24.0,0.0,21.0,41.8,103
2019-06-06 15:00:00,23.8,0.1,18.9,43.6,125
2019-06-06 16:00:00,19.2,2.3,16.2,63.0,181
2019-06-06 17:00:00,16.9,2.0,18.7,54.4,210
2019-06-06 18:00:00,16.5,2.9,18.4,49.0,192
2019-06-06 19:00:00,16.1,2.6,22.5,43.9,186
2019-06-06 20:00:00,14.8,0.9,24.9,51.8,182
2019-06-06 21:00:00,13.3,0.2,25.2,52.9,182
2019-06-06 22:00:00,12.5,0.1,25.2,53.6,182
2019-06-06 23:00:00,11.9,0.0,22.7,52.9,176
2019-06-07 00:00:00,11.7,0.0,23.4,51.1,180
2019-06-07 01:00:00,11.7,0.0,22.0,49.0,181
2019-06-07 02:00:00,11.7,0.0,18.7,43.6,180
2019-06-07 03:00:00,11.4,0.0,16.6,39.2,176
2019-06-07 04:00:00,11.1,0.0,14.5,36.4,173
2019-06-07 05:00:00,11.2,0.0,12.7,32.0,165
2019-06-07 06:00:00,11.6,0.0,14.4,30.6,176
2019-06-07 07:00:00,12.3,0.0,14.4,29.5,179
2019-06-07 08:00:00,12.9,0.0,12.9,30.2,162
2019-06-07 09:00:00,13.9,0.0,11.3,27.7,153
2019-06-07 10:00:00,15.0,0.0,9.4,24.8,162
2019-06-07 11:00:00,16.0,0.0,8.0,23.0,188
2019-06-07 12:00:00,16.5,0.0,7.1,22.0,204
2019-06-07 13:00:00,16.6,0.0,7.6,23.8,225
2019-06-07 14:00:00,16.6,0.0,10.2,26.3,247
2019-06-07 15:00:00,16.7,0.0,11.7,29.2,261
2019-06-07 16:00:00,16.6,0.0,11.3,29.9,277
2019-06-07 17:00:00,16.3,0.0,10.6,27.7,294
2019-06-07 18:00:00,16.1,0.0,10.7,24.8,310
2019-06-07 19:00:00,15.0,0.0,11.6,25.9,324
2019-06-07 20:00:00,13.8,0.0,11.9,26.6,331
2019-06-07 21:00:00,12.8,0.0,11.4,24.8,336
2019-06-07 22:00:00,11.9,0.0,11.3,22.7,343
2019-06-07 23:00:00,11.2,0.0,10.5,23.0,354
2019-06-08 00:00:00,10.9,0.0,10.5,23.4,356
2019-06-08 01:00:00,10.8,0.0,9.4,22.3,356
2019-06-08 02:00:00,10.6,0.0,7.6,18.0,360
2019-06-08 03:00:00,10.3,0.0,7.2,15.1,18
2019-06-08 04:00:00,10.0,0.0,5.3,13.0,28
2019-06-08 05:00:00,10.7,0.0,5.0,13.7,69
2019-06-08 06:00:00,12.1,0.0,4.0,15.1,85
2019-06-08 07:00:00,13.4,0.0,4.6,16.6,129
2019-06-08 08:00:00,14.7,0.0,4.3,14.0,90
2019-06-08 09:00:00,15.3,0.0,4.0,12.2,117
2019-06-08 10:00:00,15.2,0.0,4.0,11.5,190
2019-06-08 11:00:00,15.3,0.0,6.0,11.9,197
2019-06-08 12:00:00,14.2,0.0,3.8,14.4,287
2019-06-08 13:00:00,13.6,1.8,4.7,15.5,360
2019-06-08 14:00:00,13.5,0.3,6.4,15.1,27
2019-06-08 15:00:00,14.3,0.2,7.5,16.6,55
2019-06-08 16:00:00,14.7,0.3,5.4,18.0,70
2019-06-08 17:00:00,14.7,0.6,4.4,27.4,55
2019-06-08 18:00:00,13.9,0.4,4.4,25.9,35
2019-06-08 19:00:00,13.5,0.0,4.5,20.9,14
2019-06-08 20:00:00,13.6,0.0,5.6,9.7,40
2019-06-08 21:00:00,13.1,0.0,4.6,10.1,51
2019-06-08 22:00:00,11.8,0.0,6.7,9.4,54
2019-06-08 23:00:00,12.4,0.0,6.4,10.8,27
2019-06-09 00:00:00,12.9,0.0,6.3,10.8,24
2019-06-09 01:00:00,13.2,0.2,7.7,21.2,62
2019-06-09 02:00:00,13.3,0.2,7.2,24.1,84
2019-06-09 03:00:00,13.1,0.5,8.2,24.8,105
2019-06-09 04:00:00,12.8,0.3,10.7,25.2,132
2019-06-09 05:00:00,12.6,0.4,14.0,25.9,154
2019-06-09 06:00:00,12.6,0.4,16.9,28.4,164
2019-06-09 07:00:00,12.4,1.5,19.1,34.2,169
2019-06-09 08:00:00,12.3,0.8,21.0,38.9,174
2019-06-09 09:00:00,12.2,0.9,20.5,42.1,178
2019-06-09 10:00:00,12.3,0.4,20.3,42.5,186
2019-06-09 11:00:00,12.7,0.1,16.2,41.0,197
2019-06-09 12:00:00,12.6,0.0,18.3,42.5,202
2019-06-09 13:00:00,12.7,0.0,21.1,42.5,210
2019-06-09 14:00:00,12.8,0.2,18.9,41.4,211
2019-06-09 15:00:00,12.5,0.1,18.2,38.9,210
2019-06-09 16:00:00,12.5,0.1,16.9,35.3,207
2019-06-09 17:00:00,12.3,0.1,16.8,35.3,203
2019-06-09 18:00:00,11.8,0.2,17.1,34.9,198
2019-06-09 19:00:00,11.8,0.7,17.2,36.4,200
2019-06-09 20:00:00,11.5,1.0,16.6,34.9,207
2019-06-09 21:00:00,11.3,1.3,16.3,34.9,229
2019-06-09 22:00:00,11.0,1.5,16.8,34.2,247
2019-06-09 23:00:00,10.6,1.2,12.9,33.8,257
2019-06-10 00:00:00,10.3,0.7,10.5,31.0,243
2019-06-10 01:00:00,9.9,0.2,9.7,24.8,225
2019-06-10 02:00:00,9.7,0.2,10.1,22.0,207
2019-06-10 03:00:00,9.6,0.3,10.5,23.4,196
2019-06-10 04:00:00,9.6,0.3,11.5,23.8,194
2019-06-10 05:00:00,9.9,0.5,12.4,26.6,197
2019-06-10 06:00:00,10.4,0.3,13.1,27.0,196
2019-06-10 07:00:00,10.4,0.3,11.8,26.6,192
2019-06-10 08:00:00,10.8,0.1,12.0,27.7,187
2019-06-10 09:00:00,11.5,0.2,12.7,28.4,188
2019-06-10 10:00:00,11.9,0.2,13.1,31.0,188
2019-06-10 11:00:00,12.1,0.1,13.4,33.5,194
2019-06-10 12:00:00,12.4,0.1,11.9,33.8,205
2019-06-10 13:00:00,12.5,0.0,10.9,33.5,214
2019-06-10 14:00:00,12.4,0.0,10.9,32.8,214
2019-06-10 15:00:00,12.4,0.0,10.4,31.3,214
2019-06-10 16:00:00,12.9,0.0,10.1,28.8,215
2019-06-10 17:00:00,12.9,0.0,8.4,26.6,205
2019-06-10 18:00:00,13.0,0.0,6.9,19.4,223
2019-06-10 19:00:00,12.5,0.0,5.7,17.3,252
2019-06-10 20:00:00,12.1,0.0,4.7,13.7,274
2019-06-10 21:00:00,11.2,0.0,3.5,10.8,294
2019-06-10 22:00:00,9.1,0.0,5.9,8.6,308
2019-06-10 23:00:00,7.9,0.0,6.3,9.4,336
2019-06-11 00:00:00,8.2,0.0,6.4,9.7,344
2019-06-11 01:00:00,8.5,0.0,5.9,11.5,346
2019-06-11 02:00:00,8.3,0.0,6.5,12.2,357
2019-06-11 03:00:00,7.9,0.0,7.1,11.9,15
2019-06-11 04:00:00,8.0,0.0,5.8,11.5,7
2019-06-11 05:00:00,8.5,0.0,8.0,14.4,355
2019-06-11 06:00:00,9.8,0.0,8.8,18.7,348
2019-06-11 07:00:00,11.1,0.0,11.8,22.7,348
2019-06-11 08:00:00,12.7,0.0,12.7,26.6,352
2019-06-11 09:00:00,14.3,0.0,11.9,26.6,355
2019-06-11 10:00:00,15.4,0.0,11.6,26.3,353
2019-06-11 11:00:00,17.1,0.0,11.6,26.6,344
2019-06-11 12:00:00,18.0,0.0,13.6,29.2,338
2019-06-11 13:00:00,18.9,0.0,14.8,33.1,337
2019-06-11 14:00:00,19.4,0.0,15.7,36.0,340
2019-06-11 15:00:00,19.5,0.0,17.7,37.1,333
2019-06-11 16:00:00,20.0,0.0,19.7,40.3,332
2019-06-11 17:00:00,20.0,0.0,19.2,40.3,337
2019-06-11 18:00:00,19.7,0.0,17.7,36.7,343
2019-06-11 19:00:00,19.4,0.0,16.5,33.1,350
2019-06-11 20:00:00,18.7,0.0,13.3,31.3,360
2019-06-11 21:00:00,18.5,0.0,10.2,23.4,23
2019-06-11 22:00:00,18.5,0.0,10.8,21.6,53
2019-06-11 23:00:00,18.2,0.0,9.3,23.0,74
2019-06-12 00:00:00,17.7,0.0,8.3,23.4,88
2019-06-12 01:00:00,17.0,0.0,9.7,19.8,105
2019-06-12 02:00:00,15.9,0.2,9.5,17.6,101
2019-06-12 03:00:00,16.7,0.0,8.6,18.4,92
2019-06-12 04:00:00,16.3,0.0,9.4,18.4,92
2019-06-12 05:00:00,16.0,0.1,9.6,18.0,70
2019-06-12 06:00:00,16.1,0.0,9.7,15.8,59
2019-06-12 07:00:00,16.0,0.0,9.2,16.2,48
2019-06-12 08:00:00,16.2,0.0,8.2,19.1,41
2019-06-12 09:00:00,16.2,0.0,7.0,19.4,55
2019-06-12 10:00:00,16.3,0.0,5.1,16.6,82
2019-06-12 11:00:00,18.0,0.0,2.2,14.0,360
2019-06-12 12:00:00,18.3,0.0,5.3,12.6,332
2019-06-12 13:00:00,18.6,0.0,8.0,10.8,342
2019-06-12 14:00:00,18.6,0.0,9.0,11.9,337
2019-06-12 15:00:00,19.0,0.0,10.8,14.8,339
2019-06-12 16:00:00,18.6,0.0,10.4,16.2,340
2019-06-12 17:00:00,18.3,0.0,9.4,16.2,337
2019-06-12 18:00:00,18.2,0.0,9.7,18.0,345
2019-06-12 19:00:00,17.8,0.0,9.0,16.9,355
2019-06-12 20:00:00,17.1,0.0,8.7,16.6,17
2019-06-12 21:00:00,16.4,0.0,7.8,16.9,34
2019-06-12 22:00:00,15.7,0.0,6.3,15.8,66
2019-06-12 23:00:00,15.7,0.0,9.2,13.7,51
2019-06-13 00:00:00,15.0,0.0,7.8,14.0,68
2019-06-13 01:00:00,14.7,0.0,4.7,14.0,81
2019-06-13 02:00:00,14.3,0.2,5.2,11.9,74
2019-06-13 03:00:00,13.8,1.4,4.5,12.6,61
2019-06-13 04:00:00,13.2,0.7,4.4,15.5,55
2019-06-13 05:00:00,13.1,0.8,3.3,11.2,139
2019-06-13 06:00:00,13.0,0.9,4.7,9.7,180
2019-06-13 07:00:00,12.9,0.5,4.8,12.2,167
2019-06-13 08:00:00,13.1,0.6,5.0,21.2,150
2019-06-13 09:00:00,13.7,0.2,6.3,13.7,121
2019-06-13 10:00:00,14.1,0.0,6.5,15.8,109
2019-06-13 11:00:00,14.6,0.0,4.3,16.6,95
2019-06-13 12:00:00,15.4,0.0,7.4,20.5,133
2019-06-13 13:00:00,15.5,0.0,12.4,25.9,163
2019-06-13 14:00:00,15.7,0.1,19.4,37.4,181
2019-06-13 15:00:00,15.7,0.2,20.6,43.9,186
2019-06-13 16:00:00,16.1,0.0,20.3,47.2,187
2019-06-13 17:00:00,15.8,0.0,18.2,47.2,189
2019-06-13 18:00:00,16.1,0.0,14.6,39.2,171
2019-06-13 19:00:00,16.5,0.0,11.1,32.4,151
2019-06-13 20:00:00,15.7,0.0,10.7,24.1,140
2019-06-13 21:00:00,15.5,0.3,10.2,35.6,141
2019-06-13 22:00:00,15.0,0.0,10.7,22.3,138
2019-06-13 23:00:00,14.4,0.0,8.5,22.7,144
2019-06-14 00:00:00,14.3,0.0,11.0,23.8,148
2019-06-14 01:00:00,14.5,0.0,11.6,24.5,144
2019-06-14 02:00:00,14.0,0.0,11.2,24.8,132
2019-06-14 03:00:00,13.7,0.0,10.8,24.8,120
2019-06-14 04:00:00,13.5,0.0,10.0,23.8,103
2019-06-14 05:00:00,13.7,0.0,10.4,23.0,92
2019-06-14 06:00:00,14.5,0.0,10.4,22.7,92
2019-06-14 07:00:00,16.0,0.0,8.3,24.5,85
2019-06-14 08:00:00,16.5,0.0,10.5,23.4,86
2019-06-14 09:00:00,16.7,0.0,13.3,29.5,92
2019-06-14 10:00:00,17.1,0.0,13.5,46.8,106
2019-06-14 11:00:00,18.1,0.0,11.3,47.9,163
2019-06-14 12:00:00,16.3,2.0,12.7,41.4,188
2019-06-14 13:00:00,16.5,0.3,5.9,39.2,194
2019-06-14 14:00:00,17.7,0.1,5.1,39.2,188
2019-06-14 15:00:00,17.7,0.0,5.9,37.8,223
2019-06-14 16:00:00,16.2,1.6,11.1,37.8,193
2019-06-14 17:00:00,15.9,0.2,10.3,34.2,192
2019-06-14 18:00:00,16.1,0.2,6.5,23.4,183
2019-06-14 19:00:00,15.6,0.2,4.3,24.5,180
2019-06-14 20:00:00,15.4,0.0,4.9,11.2,163
2019-06-14 21:00:00,15.0,0.0,4.1,11.2,128
2019-06-14 22:00:00,14.0,0.0,4.7,9.7,99
2019-06-14 23:00:00,13.3,0.0,4.7,10.4,81
2019-06-15 00:00:00,12.9,0.0,5.0,11.2,90
2019-06-15 01:00:00,12.3,0.0,5.4,12.2,90
2019-06-15 02:00:00,12.1,0.0,6.1,13.0,87
2019-06-15 03:00:00,11.7,0.0,5.4,13.0,82
2019-06-15 04:00:00,11.4,0.0,6.4,12.2,74
2019-06-15 05:00:00,11.9,0.0,8.4,12.2,65
2019-06-15 06:00:00,14.2,0.0,8.2,12.6,61
2019-06-15 07:00:00,15.7,0.0,7.6,13.0,59
2019-06-15 08:00:00,17.0,0.0,8.0,18.7,54
2019-06-15 09:00:00,18.2,0.0,8.7,20.9,48
2019-06-15 10:00:00,19.0,0.0,7.7,20.9,41
2019-06-15 11:00:00,20.2,0.0,7.8,19.4,13
2019-06-15 12:00:00,20.9,0.0,9.5,18.4,9
2019-06-15 13:00:00,21.6,0.0,9.7,18.4,2
2019-06-15 14:00:00,21.7,0.0,9.4,20.5,342
2019-06-15 15:00:00,21.2,0.0,12.3,31.0,328
2019-06-15 16:00:00,20.4,0.0,16.6,34.9,330
2019-06-15 17:00:00,19.5,0.0,18.1,35.6,339
2019-06-15 18:00:00,19.1,0.0,16.8,34.9,350
2019-06-15 19:00:00,18.3,0.0,14.4,31.3,356
2019-06-15 20:00:00,17.6,0.3,7.7,28.1,349
2019-06-15 21:00:00,16.7,0.2,5.2,13.3,205
2019-06-15 22:00:00,16.5,2.0,6.4,16.9,218
2019-06-15 23:00:00,15.6,1.0,9.3,9.7,13
2019-06-16 00:00:00,15.2,0.6,11.1,13.0,25
2019-06-16 01:00:00,15.3,0.5,11.9,14.8,35
2019-06-16 02:00:00,15.1,0.4,11.5,15.5,41
2019-06-16 03:00:00,15.3,0.2,9.8,16.2,54
2019-06-16 04:00:00,15.1,1.6,9.3,13.7,74
2019-06-16 05:00:00,14.7,0.5,8.1,11.2,111
2019-06-16 06:00:00,14.6,0.6,10.9,11.9,163
2019-06-16 07:00:00,14.3,0.6,14.2,28.4,189
2019-06-16 08:00:00,14.1,0.1,17.2,31.7,196
2019-06-16 09:00:00,13.7,0.2,16.1,35.3,196
2019-06-16 10:00:00,13.1,0.2,14.3,33.8,192
2019-06-16 11:00:00,13.1,0.0,11.9,31.0,180
2019-06-16 12:00:00,13.8,0.0,11.8,32.4,168
2019-06-16 13:00:00,14.7,0.0,11.0,33.5,169
2019-06-16 14:00:00,15.4,0.0,11.6,32.8,173
2019-06-16 15:00:00,16.7,0.0,14.8,32.4,183
2019-06-16 16:00:00,16.9,0.0,17.5,34.6,194
2019-06-16 17:00:00,16.1,0.0,17.3,34.9,201
2019-06-16 18:00:00,15.3,0.0,15.8,36.4,204
2019-06-16 19:00:00,14.6,0.0,15.8,34.9,204
2019-06-16 20:00:00,14.0,0.0,13.2,33.5,202
2019-06-16 21:00:00,13.4,0.0,12.0,29.2,196
2019-06-16 22:00:00,12.8,0.0,11.6,25.6,185
2019-06-16 23:00:00,12.2,0.0,11.0,24.8,161
2019-06-17 00:00:00,11.4,0.0,12.1,24.8,153
2019-06-17 01:00:00,11.1,0.0,13.2,25.9,151
2019-06-17 02:00:00,11.3,0.0,14.0,27.7,145
2019-06-17 03:00:00,11.2,0.0,13.6,28.4,143
2019-06-17 04:00:00,10.9,0.0,13.3,28.4,139
2019-06-17 05:00:00,11.5,0.0,13.5,27.4,132
2019-06-17 06:00:00,12.8,0.0,13.2,28.1,133
2019-06-17 07:00:00,13.8,0.0,15.5,32.8,138
2019-06-17 08:00:00,14.8,0.0,20.2,41.8,140
2019-06-17 09:00:00,15.6,0.0,22.9,48.2,147
2019-06-17 10:00:00,15.7,0.0,25.0,54.4,153
2019-06-17 11:00:00,15.9,0.7,26.4,56.2,163
2019-06-17 12:00:00,15.7,0.5,24.1,61.9,166
2019-06-17 13:00:00,14.5,3.2,26.8,65.5,168
2019-06-17 14:00:00,13.9,4.2,28.5,64.1,176
2019-06-17 15:00:00,14.5,0.2,30.3,63.0,182
2019-06-17 16:00:00,14.4,0.3,30.5,55.4,187
2019-06-17 17:00:00,13.5,2.5,28.8,60.5,189
2019-06-17 18:00:00,13.5,1.0,29.5,56.2,189
2019-06-17 19:00:00,13.3,2.6,24.6,55.4,187
2019-06-17 20:00:00,13.6,0.7,27.3,55.8,189
2019-06-17 21:00:00,13.6,0.5,25.9,55.1,182
2019-06-17 22:00:00,13.5,0.3,25.3,52.6,175
2019-06-17 23:00:00,13.3,0.1,21.6,51.8,165
2019-06-18 00:00:00,13.3,0.2,21.6,50.8,162
2019-06-18 01:00:00,13.3,0.7,19.9,49.7,167
2019-06-18 02:00:00,13.0,2.2,21.2,48.2,170
2019-06-18 03:00:00,12.9,1.7,22.5,48.2,168
2019-06-18 04:00:00,13.2,1.7,24.9,47.2,170
2019-06-18 05:00:00,13.2,2.9,25.1,49.7,172
2019-06-18 06:00:00,13.2,1.0,23.9,49.3,175
2019-06-18 07:00:00,13.4,0.3,20.3,50.0,174
2019-06-18 08:00:00,13.3,0.2,23.0,43.6,181
2019-06-18 09:00:00,14.3,0.2,20.5,43.9,179
2019-06-18 10:00:00,14.4,0.2,20.2,46.1,180
2019-06-18 11:00:00,15.1,0.2,21.6,46.4,178
2019-06-18 12:00:00,15.2,1.3,21.3,51.5,178
2019-06-18 13:00:00,14.7,1.4,22.3,51.1,181
2019-06-18 14:00:00,14.1,2.3,23.0,52.2,189
2019-06-18 15:00:00,15.2,0.1,20.8,52.2,190
2019-06-18 16:00:00,15.7,0.1,19.8,48.6,196
2019-06-18 17:00:00,15.9,0.1,19.4,50.8,191
2019-06-18 18:00:00,14.5,2.1,18.9,50.4,189
2019-06-18 19:00:00,14.7,0.0,19.6,47.5,194
2019-06-18 20:00:00,14.1,0.0,18.2,41.8,189
2019-06-18 21:00:00,13.1,0.0,17.3,41.0,182
2019-06-18 22:00:00,13.3,0.0,18.0,39.6,180
2019-06-18 23:00:00,13.0,0.0,14.8,36.0,166
2019-06-19 00:00:00,12.7,0.0,14.8,33.5,162
2019-06-19 01:00:00,12.6,0.0,14.6,32.0,160
2019-06-19 02:00:00,12.4,0.0,14.8,31.0,157
2019-06-19 03:00:00,12.5,0.0,14.5,31.3,153
2019-06-19 04:00:00,12.6,0.0,14.0,31.7,151
2019-06-19 05:00:00,12.6,0.0,14.0,29.9,154
2019-06-19 06:00:00,13.5,0.0,13.5,28.1,155
2019-06-19 07:00:00,14.1,0.0,13.7,31.3,157
2019-06-19 08:00:00,14.4,0.0,14.5,35.3,157
2019-06-19 09:00:00,14.9,0.0,15.0,34.2,159
2019-06-19 10:00:00,15.8,0.0,15.5,35.6,168
2019-06-19 11:00:00,16.1,0.0,14.3,34.9,170
2019-06-19 12:00:00,16.6,0.0,13.7,32.8,183
2019-06-19 13:00:00,17.2,0.0,11.6,31.0,202
2019-06-19 14:00:00,17.2,0.0,10.2,30.2,225
2019-06-19 15:00:00,16.9,0.0,8.9,27.4,238
2019-06-19 16:00:00,16.9,0.0,7.2,24.8,233
2019-06-19 17:00:00,16.2,0.0,5.4,24.5,228
2019-06-19 18:00:00,15.9,0.0,2.6,23.0,236
2019-06-19 19:00:00,15.2,0.0,1.5,16.9,284
2019-06-19 20:00:00,14.7,0.0,4.3,7.2,312
2019-06-19 21:00:00,14.2,0.0,7.1,11.2,315
2019-06-19 22:00:00,14.2,0.0,8.7,14.8,315
2019-06-19 23:00:00,13.7,0.0,6.9,17.3,298
2019-06-20 00:00:00,13.3,0.0,6.9,20.9,313
2019-06-20 01:00:00,13.1,0.0,4.9,21.2,324
2019-06-20 02:00:00,12.9,0.0,4.3,20.2,312
2019-06-20 03:00:00,12.8,0.0,4.4,18.7,325
2019-06-20 04:00:00,12.8,0.0,3.0,17.6,346
2019-06-20 05:00:00,12.7,0.0,1.6,14.8,297
2019-06-20 06:00:00,12.7,0.0,3.2,12.2,270
2019-06-20 07:00:00,12.9,0.0,4.3,10.1,270
2019-06-20 08:00:00,13.4,0.0,3.9,11.9,248
2019-06-20 09:00:00,13.8,0.0,4.4,12.2,235
2019-06-20 10:00:00,13.8,0.0,5.4,13.3,233
2019-06-20 11:00:00,13.7,0.0,5.1,16.6,231
2019-06-20 12:00:00,14.1,0.0,6.6,20.5,221
2019-06-20 13:00:00,14.4,0.0,8.2,22.3,221
2019-06-20 14:00:00,14.4,0.0,9.5,23.8,233
2019-06-20 15:00:00,14.5,0.0,12.2,26.6,227
2019-06-20 16:00:00,13.8,0.0,14.1,30.6,220
2019-06-20 17:00:00,13.6,0.0,14.7,32.0,208
2019-06-20 18:00:00,13.3,0.0,14.5,33.5,194
2019-06-20 19:00:00,13.5,0.0,15.3,34.2,188
2019-06-20 20:00:00,13.6,0.0,16.3,33.5,188
2019-06-20 21:00:00,12.7,1.1,16.2,34.2,193
2019-06-20 22:00:00,12.8,1.0,15.4,36.7,196
2019-06-20 23:00:00,12.2,0.9,12.1,33.8,192
2019-06-21 00:00:00,11.9,0.2,12.4,32.4,190
2019-06-21 01:00:00,11.3,0.2,14.1,31.7,184
2019-06-21 02:00:00,11.4,0.2,15.1,30.2,180
2019-06-21 03:00:00,11.1,0.3,15.5,31.7,175
2019-06-21 04:00:00,11.1,0.3,15.6,31.7,172
2019-06-21 05:00:00,11.2,0.2,15.9,31.7,175
2019-06-21 06:00:00,11.6,0.2,13.7,32.8,175
2019-06-21 07:00:00,11.7,0.9,15.5,34.6,180
2019-06-21 08:00:00,12.1,1.1,14.8,34.9,181
2019-06-21 09:00:00,12.6,0.3,14.1,34.6,184
2019-06-21 10:00:00,13.0,0.4,16.0,35.6,194
2019-06-21 11:00:00,13.1,0.5,14.0,36.4,206
2019-06-21 12:00:00,13.0,0.6,15.1,36.0,213
2019-06-21 13:00:00,11.6,3.0,14.8,40.0,223
2019-06-21 14:00:00,11.8,0.2,12.3,39.6,212
2019-06-21 15:00:00,12.1,0.4,13.2,34.2,215
2019-06-21 16:00:00,12.1,0.5,15.1,33.5,230
2019-06-21 17:00:00,12.3,0.5,16.4,33.1,237
2019-06-21 18:00:00,12.2,0.9,15.1,33.8,245
2019-06-21 19:00:00,11.6,2.9,13.9,31.0,245
2019-06-21 20:00:00,11.6,0.2,12.6,29.5,239
2019-06-21 21:00:00,11.0,1.3,14.8,27.4,241
2019-06-21 22:00:00,10.9,3.1,14.0,28.8,244
2019-06-21 23:00:00,10.7,1.2,10.3,28.4,234
2019-06-22 00:00:00,10.8,0.3,12.7,25.9,245
2019-06-22 01:00:00,10.8,0.6,9.7,28.1,243
2019-06-22 02:00:00,10.7,0.6,13.0,29.2,256
2019-06-22 03:00:00,10.5,0.4,12.8,28.8,259
2019-06-22 04:00:00,10.4,0.4,11.5,28.8,266
2019-06-22 05:00:00,10.6,0.4,10.5,29.5,264
2019-06-22 06:00:00,11.0,0.3,8.9,29.5,256
2019-06-22 07:00:00,11.6,0.2,9.3,30.6,242
2019-06-22 08:00:00,11.9,0.3,11.4,30.6,235
2019-06-22 09:00:00,12.3,0.3,12.4,32.0,234
2019-06-22 10:00:00,12.5,0.3,12.6,34.9,233
2019-06-22 11:00:00,12.7,0.3,14.2,36.4,234
2019-06-22 12:00:00,12.6,0.3,14.5,37.4,228
2019-06-22 13:00:00,13.3,0.3,13.7,38.2,215
2019-06-22 14:00:00,13.7,0.3,14.3,37.4,205
2019-06-22 15:00:00,14.0,0.2,15.5,37.8,205
2019-06-22 16:00:00,14.3,0.1,16.9,38.2,207
2019-06-22 17:00:00,14.1,0.0,16.6,37.8,202
2019-06-22 18:00:00,14.1,0.0,16.3,32.8,194
2019-06-22 19:00:00,13.8,0.0,17.0,32.4,186
2019-06-22 20:00:00,13.5,0.0,16.2,35.6,183
2019-06-22 21:00:00,13.4,0.0,16.2,34.2,179
2019-06-22 22:00:00,13.3,0.0,15.5,32.4,181
2019-06-22 23:00:00,12.6,0.1,13.0,31.7,183
2019-06-23 00:00:00,12.3,0.2,11.9,27.7,182
2019-06-23 01:00:00,12.4,0.0,11.9,25.2,182
2019-06-23 02:00:00,12.3,0.0,11.9,25.6,180
2019-06-23 03:00:00,12.3,0.0,12.3,25.9,175
2019-06-23 04:00:00,12.1,0.0,11.9,25.9,175
2019-06-23 05:00:00,12.2,0.0,12.2,24.8,178
2019-06-23 06:00:00,12.7,0.0,10.8,24.5,178
2019-06-23 07:00:00,13.1,0.0,11.9,33.1,175
2019-06-23 08:00:00,13.2,0.0,14.1,29.5,176
2019-06-23 09:00:00,13.5,0.0,14.8,32.0,179
2019-06-23 10:00:00,14.1,0.0,13.8,32.8,186
2019-06-23 11:00:00,14.5,0.0,9.3,32.0,208
2019-06-23 12:00:00,14.5,0.0,9.8,32.4,208
2019-06-23 13:00:00,14.5,0.0,9.6,33.5,214
2019-06-23 14:00:00,15.0,0.0,9.2,32.4,228
2019-06-23 15:00:00,15.0,0.0,8.0,30.6,243
2019-06-23 16:00:00,15.2,0.0,6.6,27.7,261
2019-06-23 17:00:00,15.5,0.0,5.6,22.0,285
2019-06-23 18:00:00,15.4,0.0,5.1,17.6,321
2019-06-23 19:00:00,15.2,0.0,6.5,15.1,341
2019-06-23 20:00:00,14.3,0.0,7.3,16.2,349
2019-06-23 21:00:00,13.2,0.0,6.9,15.1,354
2019-06-23 22:00:00,11.6,0.0,6.5,13.3,360
2019-06-23 23:00:00,10.9,0.0,6.7,12.6,16
2019-06-24 00:00:00,10.8,0.0,7.6,13.0,25
2019-06-24 01:00:00,10.4,0.0,7.1,13.0,30
2019-06-24 02:00:00,10.1,0.0,5.8,11.2,30
2019-06-24 03:00:00,9.8,0.0,6.7,12.6,36
2019-06-24 04:00:00,10.0,0.0,8.0,14.8,36
2019-06-24 05:00:00,10.8,0.0,8.7,15.1,38
2019-06-24 06:00:00,11.8,0.0,8.7,16.9,45
2019-06-24 07:00:00,13.1,0.0,8.2,16.9,49
2019-06-24 08:00:00,14.3,0.0,6.6,16.6,49
2019-06-24 09:00:00,16.0,0.0,6.7,15.1,54
2019-06-24 10:00:00,17.2,0.0,6.1,15.5,62
2019-06-24 11:00:00,18.2,0.0,4.2,15.5,70
2019-06-24 12:00:00,18.8,0.0,3.6,14.4,135
2019-06-24 13:00:00,18.9,0.0,7.0,18.0,201
2019-06-24 14:00:00,18.3,0.0,9.0,19.1,233
2019-06-24 15:00:00,17.2,0.2,6.0,19.1,253
2019-06-24 16:00:00,16.2,0.3,3.3,13.3,276
2019-06-24 17:00:00,15.3,0.5,6.5,11.2,360
2019-06-24 18:00:00,14.6,0.8,11.7,18.4,11
2019-06-24 19:00:00,13.9,1.0,13.1,23.8,8
2019-06-24 20:00:00,13.5,1.0,12.8,24.8,11
2019-06-24 21:00:00,13.4,0.7,12.4,20.5,17
2019-06-24 22:00:00,13.3,0.8,10.1,18.4,17
2019-06-24 23:00:00,13.6,1.3,8.3,15.5,34
2019-06-25 00:00:00,13.5,2.0,8.7,12.6,60
2019-06-25 01:00:00,13.8,2.9,9.2,11.2,69
2019-06-25 02:00:00,13.8,3.0,9.2,13.7,64
2019-06-25 03:00:00,14.0,2.1,8.3,15.1,72
2019-06-25 04:00:00,13.9,1.5,6.6,14.0,81
2019-06-25 05:00:00,13.7,1.3,5.9,12.6,52
2019-06-25 06:00:00,13.8,1.3,7.1,11.5,41
2019-06-25 07:00:00,14.0,1.0,10.1,11.2,55
2019-06-25 08:00:00,14.1,0.3,10.5,21.2,63
2019-06-25 09:00:00,14.4,0.3,10.0,20.9,69
2019-06-25 10:00:00,14.6,0.2,10.0,20.5,64
2019-06-25 11:00:00,14.7,0.1,6.6,20.5,68
2019-06-25 12:00:00,15.2,0.1,6.4,19.1,43
2019-06-25 13:00:00,15.3,0.2,6.1,18.4,40
2019-06-25 14:00:00,15.8,0.0,6.0,18.0,25
2019-06-25 15:00:00,16.2,0.0,6.5,16.2,357
2019-06-25 16:00:00,16.0,0.1,7.3,12.6,351
2019-06-25 17:00:00,16.2,0.0,6.6,13.3,351
2019-06-25 18:00:00,16.2,0.0,5.6,13.0,345
2019-06-25 19:00:00,16.2,0.0,5.8,10.8,338
2019-06-25 20:00:00,15.9,0.0,7.4,13.7,331
2019-06-25 21:00:00,15.5,0.0,9.2,16.6,334
2019-06-25 22:00:00,15.2,0.0,9.3,16.9,344
2019-06-25 23:00:00,14.4,0.0,7.9,15.8,344
2019-06-26 00:00:00,14.0,0.0,7.3,15.8,340
2019-06-26 01:00:00,13.7,0.0,6.8,15.1,335
2019-06-26 02:00:00,13.4,0.0,10.2,17.3,328
2019-06-26 03:00:00,13.4,0.0,11.1,22.7,331
2019-06-26 04:00:00,13.1,0.0,11.0,26.3,328
2019-06-26 05:00:00,13.0,0.0,11.8,30.2,329
2019-06-26 06:00:00,12.9,0.0,14.5,33.5,330
2019-06-26 07:00:00,13.0,0.0,17.2,36.4,331
2019-06-26 08:00:00,13.1,0.0,19.2,40.3,332
2019-06-26 09:00:00,13.3,0.0,19.5,42.8,330
2019-06-26 10:00:00,13.4,0.0,20.1,43.9,327
2019-06-26 11:00:00,13.7,0.0,21.1,48.6,327
2019-06-26 12:00:00,13.5,0.0,22.1,52.9,323
2019-06-26 13:00:00,13.2,0.0,23.2,54.4,319
2019-06-26 14:00:00,13.0,0.0,22.5,54.4,319
2019-06-26 15:00:00,13.3,0.0,20.7,51.1,319
2019-06-26 16:00:00,13.1,0.0,19.4,49.7,318
2019-06-26 17:00:00,12.7,0.0,18.8,47.9,317
2019-06-26 18:00:00,12.5,0.0,17.6,45.4,317
2019-06-26 19:00:00,12.0,0.0,16.1,41.8,320
2019-06-26 20:00:00,11.7,0.0,14.1,33.8,320
2019-06-26 21:00:00,11.5,0.0,11.1,29.2,324
2019-06-26 22:00:00,11.4,0.0,8.3,22.3,326
2019-06-26 23:00:00,11.4,0.0,6.7,16.6,324
2019-06-27 00:00:00,11.4,0.0,7.0,14.4,325
2019-06-27 01:00:00,11.4,0.0,7.4,13.0,337
2019-06-27 02:00:00,11.2,0.0,7.2,12.6,342
2019-06-27 03:00:00,11.3,0.0,6.7,13.0,344
2019-06-27 04:00:00,11.0,0.0,6.7,13.7,344
2019-06-27 05:00:00,11.4,0.0,8.1,15.8,339
2019-06-27 06:00:00,12.1,0.0,9.7,20.5,338
2019-06-27 07:00:00,12.7,0.0,12.0,25.2,344
2019-06-27 08:00:00,13.5,0.0,13.5,30.2,344
2019-06-27 09:00:00,14.4,0.0,14.5,31.7,341
2019-06-27 10:00:00,15.0,0.0,15.3,34.9,333
2019-06-27 11:00:00,16.2,0.0,14.6,38.2,327
2019-06-27 12:00:00,16.3,0.0,18.5,42.8,327
2019-06-27 13:00:00,16.6,0.0,20.6,47.2,324
2019-06-27 14:00:00,16.5,0.0,22.0,49.7,320
2019-06-27 15:00:00,16.1,0.0,22.5,50.0,321
2019-06-27 16:00:00,15.9,0.0,22.0,48.6,325
2019-06-27 17:00:00,15.5,0.0,21.0,46.4,329
2019-06-27 18:00:00,15.1,0.0,20.1,46.1,331
2019-06-27 19:00:00,14.5,0.0,18.8,44.3,334
2019-06-27 20:00:00,13.7,0.0,18.4,39.6,334
2019-06-27 21:00:00,12.9,0.0,17.1,37.4,335
2019-06-27 22:00:00,12.6,0.0,15.5,33.8,335
2019-06-27 23:00:00,11.8,0.0,13.7,30.2,337
2019-06-28 00:00:00,11.4,0.0,13.1,29.2,339
2019-06-28 01:00:00,10.6,0.0,11.4,27.4,342
2019-06-28 02:00:00,10.2,0.0,9.7,25.2,333
2019-06-28 03:00:00,10.1,0.0,10.2,22.7,321
2019-06-28 04:00:00,10.3,0.0,11.3,22.3,323
2019-06-28 05:00:00,11.0,0.0,11.0,22.7,328
2019-06-28 06:00:00,12.0,0.0,10.0,22.7,339
2019-06-28 07:00:00,12.8,0.0,10.6,23.8,342
2019-06-28 08:00:00,13.6,0.0,9.5,24.1,335
2019-06-28 09:00:00,14.3,0.0,9.2,23.0,321
2019-06-28 10:00:00,14.8,0.0,9.9,25.2,314
2019-06-28 11:00:00,15.6,0.0,9.4,26.3,310
2019-06-28 12:00:00,16.7,0.0,9.4,26.6,317
2019-06-28 13:00:00,17.1,0.0,9.2,31.0,309
2019-06-28 14:00:00,17.3,0.0,12.4,36.7,300
2019-06-28 15:00:00,17.4,0.0,16.6,38.5,300
2019-06-28 16:00:00,17.1,0.0,15.4,38.5,307
2019-06-28 17:00:00,16.7,0.0,11.2,37.4,320
2019-06-28 18:00:00,16.5,0.0,8.9,31.3,317
2019-06-28 19:00:00,15.8,0.0,7.6,28.1,315
2019-06-28 20:00:00,15.2,0.0,7.3,18.0,303
2019-06-28 21:00:00,14.7,0.0,6.4,16.6,297
2019-06-28 22:00:00,14.2,0.0,7.0,14.0,291
2019-06-28 23:00:00,13.1,0.0,5.0,13.3,300
2019-06-29 00:00:00,12.8,0.0,4.7,10.8,274
2019-06-29 01:00:00,12.1,0.0,3.1,10.4,249
2019-06-29 02:00:00,12.5,0.0,4.0,8.6,175
2019-06-29 03:00:00,11.9,0.0,5.2,5.8,168
2019-06-29 04:00:00,11.9,0.0,8.0,9.0,207
2019-06-29 05:00:00,12.3,0.0,7.4,13.7,219
2019-06-29 06:00:00,12.7,0.0,6.5,15.5,177
2019-06-29 07:00:00,13.3,0.0,9.0,18.4,164
2019-06-29 08:00:00,14.1,0.0,9.9,25.6,190
2019-06-29 09:00:00,14.9,0.0,9.8,24.8,186
2019-06-29 10:00:00,15.6,0.0,13.4,29.2,186
2019-06-29 11:00:00,16.2,0.0,13.5,35.3,171
2019-06-29 12:00:00,16.5,0.0,18.8,42.1,187
2019-06-29 13:00:00,16.2,0.0,21.5,49.0,203
2019-06-29 14:00:00,15.4,0.0,23.5,50.4,209
2019-06-29 15:00:00,14.8,0.0,21.9,50.0,200
2019-06-29 16:00:00,14.6,0.0,18.8,46.1,183
2019-06-29 17:00:00,14.6,0.0,16.9,43.2,181
2019-06-29 18:00:00,15.1,0.0,20.3,41.0,203
2019-06-29 19:00:00,14.9,0.0,19.3,38.2,201
2019-06-29 20:00:00,14.6,0.0,16.3,39.2,185
2019-06-29 21:00:00,14.3,0.2,16.2,34.2,179
2019-06-29 22:00:00,14.2,0.6,14.4,31.0,176
2019-06-29 23:00:00,13.9,0.4,13.3,27.4,139
2019-06-30 00:00:00,13.6,0.7,9.3,25.6,152
2019-06-30 01:00:00,13.4,0.8,8.0,21.6,188
2019-06-30 02:00:00,13.4,0.8,8.0,21.6,188
2019-06-30 03:00:00,13.1,2.1,8.5,20.2,144
2019-06-30 04:00:00,13.2,0.5,11.2,20.9,138
2019-06-30 05:00:00,13.3,0.2,11.6,23.0,164
2019-06-30 06:00:00,13.6,0.3,10.5,25.2,149
2019-06-30 07:00:00,13.9,0.6,8.5,29.5,144
2019-06-30 08:00:00,14.6,0.4,13.3,28.8,128
2019-06-30 09:00:00,16.1,0.8,15.8,31.3,181
2019-06-30 10:00:00,14.7,3.2,24.7,54.4,193
2019-06-30 11:00:00,14.1,4.1,24.6,59.4,187
2019-06-30 12:00:00,14.6,0.5,23.5,60.5,191
2019-06-30 13:00:00,15.0,0.3,20.9,53.6,204
2019-06-30 14:00:00,14.4,0.3,19.4,46.8,220
2019-06-30 15:00:00,14.4,0.2,17.8,41.8,234
2019-06-30 16:00:00,14.2,0.2,17.2,37.4,244
2019-06-30 17:00:00,13.8,0.2,14.1,36.0,238
2019-06-30 18:00:00,13.7,0.1,13.9,33.8,217
2019-06-30 19:00:00,13.7,0.4,14.8,31.0,209
2019-06-30 20:00:00,13.6,0.3,14.4,30.6,202
2019-06-30 21:00:00,13.7,0.2,17.9,38.2,195
2019-06-30 22:00:00,13.6,0.8,18.1,40.7,187
2019-06-30 23:00:00,13.9,0.8,19.9,39.6,200
2019-07-01 00:00:00,14.0,1.4,20.3,40.7,217
2019-07-01 01:00:00,14.0,1.9,22.1,42.8,236
2019-07-01 02:00:00,13.8,1.2,22.6,46.4,239
2019-07-01 03:00:00,13.5,0.6,20.7,46.4,239
2019-07-01 04:00:00,13.3,0.4,18.7,42.8,232
2019-07-01 05:00:00,13.2,0.7,19.4,42.1,222
2019-07-01 06:00:00,13.3,1.4,21.4,40.0,221
2019-07-01 07:00:00,13.2,1.6,20.9,39.6,224
2019-07-01 08:00:00,13.1,1.6,18.3,40.7,223
2019-07-01 09:00:00,13.3,1.2,15.3,36.0,227
2019-07-01 10:00:00,13.3,1.1,11.4,28.8,235
2019-07-01 11:00:00,13.6,0.6,11.9,27.0,245
2019-07-01 12:00:00,14.4,0.2,10.8,25.2,266
2019-07-01 13:00:00,14.9,0.9,15.2,30.6,274
2019-07-01 14:00:00,14.8,1.0,15.7,33.1,281
2019-07-01 15:00:00,13.7,1.4,19.0,37.1,295
2019-07-01 16:00:00,13.4,0.1,18.9,40.0,320
2019-07-01 17:00:00,12.6,0.2,23.5,50.4,331
2019-07-01 18:00:00,11.8,0.1,26.7,52.6,328
2019-07-01 19:00:00,11.5,0.0,27.0,54.0,329
2019-07-01 20:00:00,11.1,0.0,25.3,54.4,327
2019-07-01 21:00:00,10.7,0.0,24.1,51.5,328
2019-07-01 22:00:00,10.5,0.0,24.2,47.2,330
2019-07-01 23:00:00,9.9,0.1,19.1,46.1,324
2019-07-02 00:00:00,9.8,0.2,18.9,45.0,325
2019-07-02 01:00:00,9.5,0.2,18.2,42.5,326
2019-07-02 02:00:00,9.3,0.1,18.5,40.3,327
2019-07-02 03:00:00,9.2,0.2,18.0,39.2,327
2019-07-02 04:00:00,9.3,0.2,17.6,37.4,329
2019-07-02 05:00:00,9.3,0.1,17.1,37.1,330
2019-07-02 06:00:00,9.6,0.1,17.9,37.1,330
2019-07-02 07:00:00,9.8,0.2,17.3,39.6,329
2019-07-02 08:00:00,9.8,0.0,17.5,41.0,323
2019-07-02 09:00:00,10.2,0.1,17.8,43.6,317
2019-07-02 10:00:00,10.3,0.2,19.6,45.0,311
2019-07-02 11:00:00,10.9,0.0,19.1,45.7,306
2019-07-02 12:00:00,11.2,0.0,18.7,45.7,304
2019-07-02 13:00:00,11.5,0.0,19.2,45.7,300
2019-07-02 14:00:00,11.7,0.1,19.6,45.4,296
2019-07-02 15:00:00,11.7,0.2,20.5,47.5,294
2019-07-02 16:00:00,11.4,0.0,20.6,48.6,289
2019-07-02 17:00:00,11.4,0.0,20.6,47.9,289
2019-07-02 18:00:00,11.4,0.1,19.7,49.3,288
2019-07-02 19:00:00,11.1,0.6,22.4,51.5,289
2019-07-02 20:00:00,10.1,1.7,22.7,47.5,297
2019-07-02 21:00:00,9.7,2.0,21.6,49.7,303
2019-07-02 22:00:00,9.3,0.5,18.6,47.2,306
2019-07-02 23:00:00,9.1,0.6,16.3,42.1,305
2019-07-03 00:00:00,8.9,0.5,16.6,36.4,311
2019-07-03 01:00:00,8.6,0.3,14.0,34.2,316
2019-07-03 02:00:00,8.5,0.1,12.5,29.9,319
2019-07-03 03:00:00,8.2,0.1,11.5,25.6,321
2019-07-03 04:00:00,8.1,0.3,11.2,28.8,318
2019-07-03 05:00:00,8.5,0.2,11.7,22.3,317
2019-07-03 06:00:00,9.0,0.2,12.7,28.4,317
2019-07-03 07:00:00,9.6,0.2,11.2,29.5,315
2019-07-03 08:00:00,10.1,0.2,11.8,28.1,310
2019-07-03 09:00:00,10.1,0.2,11.8,32.4,301
2019-07-03 10:00:00,10.4,0.2,14.4,36.7,292
2019-07-03 11:00:00,11.0,0.2,15.1,40.7,288
2019-07-03 12:00:00,10.9,0.1,15.5,42.8,282
2019-07-03 13:00:00,11.1,0.1,16.2,44.3,282
2019-07-03 14:00:00,11.0,0.0,18.3,44.3,285
2019-07-03 15:00:00,11.0,0.0,19.4,45.0,288
2019-07-03 16:00:00,10.7,0.2,19.1,41.4,292
2019-07-03 17:00:00,10.4,0.1,18.5,42.1,294
2019-07-03 18:00:00,10.5,0.2,15.8,41.0,294
2019-07-03 19:00:00,10.3,0.0,13.6,37.8,287
2019-07-03 20:00:00,10.3,0.0,11.9,36.4,275
2019-07-03 21:00:00,10.2,0.1,12.0,33.1,261
2019-07-03 22:00:00,10.3,0.1,14.0,31.0,258
2019-07-03 23:00:00,10.7,0.2,13.2,32.0,244
2019-07-04 00:00:00,10.9,0.2,13.1,32.4,249
2019-07-04 01:00:00,11.2,0.2,14.1,32.8,255
2019-07-04 02:00:00,11.1,0.1,15.1,32.0,258
2019-07-04 03:00:00,11.1,0.3,17.7,31.0,266
2019-07-04 04:00:00,11.0,0.5,19.8,33.5,282
2019-07-04 05:00:00,11.1,0.5,19.6,34.2,290
2019-07-04 06:00:00,11.1,0.4,19.6,36.7,296
2019-07-04 07:00:00,10.8,0.4,19.2,36.4,304
2019-07-04 08:00:00,10.9,0.4,18.1,39.2,314
2019-07-04 09:00:00,10.9,0.2,16.6,38.9,326
2019-07-04 10:00:00,12.1,0.1,14.2,35.6,330
2019-07-04 11:00:00,13.2,0.1,13.3,36.4,322
2019-07-04 12:00:00,13.2,0.0,15.1,37.1,322
2019-07-04 13:00:00,13.6,0.0,17.0,38.9,324
2019-07-04 14:00:00,14.0,0.0,18.6,43.2,324
2019-07-04 15:00:00,14.2,0.0,20.6,44.6,327
2019-07-04 16:00:00,14.4,0.0,21.9,45.7,330
2019-07-04 17:00:00,14.2,0.0,21.6,45.0,334
2019-07-04 18:00:00,13.6,0.0,20.9,44.3,336
2019-07-04 19:00:00,13.1,0.0,19.5,43.9,335
2019-07-04 20:00:00,12.6,0.0,18.9,41.0,336
2019-07-04 21:00:00,12.0,0.0,16.9,39.2,336
2019-07-04 22:00:00,11.2,0.0,16.0,33.8,337
2019-07-04 23:00:00,10.4,0.0,12.7,31.3,335
2019-07-05 00:00:00,9.7,0.0,12.7,29.5,331
2019-07-05 01:00:00,9.3,0.0,12.4,27.4,338
2019-07-05 02:00:00,9.0,0.0,11.9,24.5,346
2019-07-05 03:00:00,8.6,0.0,10.2,22.7,350
2019-07-05 04:00:00,8.3,0.0,9.1,20.9,351
2019-07-05 05:00:00,8.8,0.0,8.3,20.2,355
2019-07-05 06:00:00,10.5,0.0,6.9,20.5,351
2019-07-05 07:00:00,11.9,0.0,6.6,22.7,338
2019-07-05 08:00:00,13.1,0.0,7.2,18.4,333
2019-07-05 09:00:00,14.0,0.0,7.9,20.2,321
2019-07-05 10:00:00,14.8,0.0,9.2,23.8,309
2019-07-05 11:00:00,15.4,0.0,9.4,25.6,302
2019-07-05 12:00:00,15.6,0.0,10.8,27.4,296
2019-07-05 13:00:00,15.7,0.0,12.4,30.6,292
2019-07-05 14:00:00,16.0,0.0,12.1,32.0,293
2019-07-05 15:00:00,15.7,0.0,11.5,33.1,290
2019-07-05 16:00:00,15.0,0.0,13.9,33.5,287
2019-07-05 17:00:00,14.1,0.0,11.9,33.1,295
2019-07-05 18:00:00,13.2,0.0,8.7,31.3,294
2019-07-05 19:00:00,12.8,0.0,7.2,24.8,273
2019-07-05 20:00:00,12.2,0.0,7.0,16.6,249
2019-07-05 21:00:00,11.9,0.0,5.6,15.8,230
2019-07-05 22:00:00,10.9,0.3,5.2,14.8,205
2019-07-05 23:00:00,10.0,0.0,4.3,9.7,180
2019-07-06 00:00:00,10.2,0.0,5.7,10.1,162
2019-07-06 01:00:00,10.1,0.0,5.9,11.9,128
2019-07-06 02:00:00,10.1,0.4,8.0,17.3,126
2019-07-06 03:00:00,10.3,1.0,6.6,16.9,131
2019-07-06 04:00:00,9.9,1.4,6.6,13.7,119
2019-07-06 05:00:00,9.9,1.2,7.2,16.6,93
2019-07-06 06:00:00,10.4,0.9,8.2,19.1,61
2019-07-06 07:00:00,10.8,0.6,9.6,24.8,34
2019-07-06 08:00:00,11.0,0.5,11.7,25.2,9
2019-07-06 09:00:00,11.3,0.3,13.8,31.0,351
2019-07-06 10:00:00,11.8,0.7,15.4,33.1,339
2019-07-06 11:00:00,12.9,0.4,12.4,36.0,330
2019-07-06 12:00:00,14.3,0.3,14.4,37.8,338
2019-07-06 13:00:00,15.4,0.0,15.8,38.9,339
2019-07-06 14:00:00,16.1,0.0,19.5,42.5,335
2019-07-06 15:00:00,16.0,0.0,23.1,50.8,329
2019-07-06 16:00:00,16.1,0.0,25.6,53.3,332
2019-07-06 17:00:00,15.5,0.0,22.1,51.1,338
2019-07-06 18:00:00,14.8,0.0,23.2,55.8,332
2019-07-06 19:00:00,14.2,0.0,24.4,59.0,329
2019-07-06 20:00:00,13.7,0.0,23.9,49.3,329
2019-07-06 21:00:00,13.0,0.0,23.6,47.5,329
2019-07-06 22:00:00,12.6,0.0,24.1,46.1,328
2019-07-06 23:00:00,12.7,0.0,21.3,46.1,326
2019-07-07 00:00:00,12.6,0.0,19.0,44.3,327
2019-07-07 01:00:00,12.7,0.0,18.1,42.8,325
2019-07-07 02:00:00,12.5,0.0,18.1,41.8,325
2019-07-07 03:00:00,12.3,0.0,18.9,40.7,325
2019-07-07 04:00:00,12.2,0.0,18.4,38.5,325
2019-07-07 05:00:00,12.2,0.0,18.4,36.0,325
2019-07-07 06:00:00,12.3,0.0,18.1,34.6,325
2019-07-07 07:00:00,12.5,0.0,19.0,40.0,327
2019-07-07 08:00:00,12.6,0.1,20.4,40.3,328
2019-07-07 09:00:00,12.7,0.2,19.8,41.0,327
2019-07-07 10:00:00,13.1,0.2,19.8,41.4,327
2019-07-07 11:00:00,13.2,0.1,14.8,41.8,326
2019-07-07 12:00:00,13.4,0.2,13.6,41.8,320
2019-07-07 13:00:00,13.6,0.0,15.0,42.8,318
2019-07-07 14:00:00,13.8,0.0,17.4,44.3,322
2019-07-07 15:00:00,13.9,0.0,18.7,46.4,326
2019-07-07 16:00:00,13.9,0.0,20.3,48.6,327
2019-07-07 17:00:00,13.6,0.0,21.9,49.0,333
2019-07-07 18:00:00,13.5,0.0,20.4,46.8,334
2019-07-07 19:00:00,13.0,0.0,19.5,45.4,335
2019-07-07 20:00:00,12.5,0.0,18.4,40.3,334
2019-07-07 21:00:00,12.1,0.0,16.9,37.1,331
2019-07-07 22:00:00,11.7,0.0,17.1,33.8,332
2019-07-07 23:00:00,11.8,0.0,13.2,32.4,325
2019-07-08 00:00:00,11.8,0.0,14.8,31.3,326
2019-07-08 01:00:00,11.9,0.0,13.7,29.9,330
2019-07-08 02:00:00,12.0,0.0,13.2,29.9,331
2019-07-08 03:00:00,11.8,0.0,14.5,30.2,330
2019-07-08 04:00:00,11.9,0.0,14.8,29.5,334
2019-07-08 05:00:00,11.9,0.0,14.7,28.4,338
2019-07-08 06:00:00,12.4,0.0,15.3,29.2,336
2019-07-08 07:00:00,12.9,0.0,18.1,36.7,337
2019-07-08 08:00:00,12.9,0.0,18.7,37.1,335
2019-07-08 09:00:00,13.1,0.1,19.8,40.0,333
2019-07-08 10:00:00,13.3,0.0,20.8,43.9,332
2019-07-08 11:00:00,14.2,0.1,19.0,46.4,331
2019-07-08 12:00:00,14.6,0.2,18.9,48.2,329
2019-07-08 13:00:00,14.8,0.0,20.5,49.0,326
2019-07-08 14:00:00,15.0,0.0,22.0,49.3,325
2019-07-08 15:00:00,14.9,0.0,22.2,49.3,324
2019-07-08 16:00:00,14.9,0.0,22.2,49.0,324
2019-07-08 17:00:00,14.7,0.0,21.0,47.5,325
2019-07-08 18:00:00,14.5,0.0,19.9,45.7,328
2019-07-08 19:00:00,13.9,0.0,18.2,43.2,326
2019-07-08 20:00:00,13.3,0.0,17.1,37.4,325
2019-07-08 21:00:00,12.8,0.0,16.1,33.5,326
2019-07-08 22:00:00,12.6,0.0,15.0,30.6,330
2019-07-08 23:00:00,11.6,0.0,10.2,27.4,328
2019-07-09 00:00:00,11.2,0.0,10.4,25.6,326
2019-07-09 01:00:00,11.1,0.0,8.9,24.1,328
2019-07-09 02:00:00,11.0,0.0,8.8,22.7,325
2019-07-09 03:00:00,10.6,0.0,8.6,19.8,327
2019-07-09 04:00:00,10.5,0.0,7.1,18.4,330
2019-07-09 05:00:00,10.6,0.0,7.3,17.3,340
2019-07-09 06:00:00,11.9,0.0,6.3,18.0,347
2019-07-09 07:00:00,12.4,0.0,4.2,20.5,340
2019-07-09 08:00:00,13.4,0.0,4.4,13.7,305
2019-07-09 09:00:00,14.4,0.0,6.2,17.6,291
2019-07-09 10:00:00,15.0,0.0,7.1,20.9,285
2019-07-09 11:00:00,15.4,0.0,9.1,21.6,277
2019-07-09 12:00:00,16.0,0.0,10.5,22.3,276
2019-07-09 13:00:00,16.3,0.0,11.3,22.0,279
2019-07-09 14:00:00,16.3,0.0,10.3,23.8,282
2019-07-09 15:00:00,16.4,0.0,9.8,25.9,287
2019-07-09 16:00:00,16.2,0.0,10.4,28.1,290
2019-07-09 17:00:00,15.6,0.0,10.0,29.9,300
2019-07-09 18:00:00,15.3,0.0,8.9,29.9,302
2019-07-09 19:00:00,14.8,0.0,8.5,27.0,298
2019-07-09 20:00:00,14.1,0.0,7.9,19.8,300
2019-07-09 21:00:00,13.4,0.0,6.7,16.9,306
2019-07-09 22:00:00,12.0,0.0,5.4,11.9,307
2019-07-09 23:00:00,12.3,0.0,3.8,9.0,311
2019-07-10 00:00:00,11.7,0.0,3.4,8.3,302
2019-07-10 01:00:00,11.5,0.0,4.1,7.9,315
2019-07-10 02:00:00,11.7,0.0,4.3,7.2,336
2019-07-10 03:00:00,11.6,0.0,5.2,6.5,344
2019-07-10 04:00:00,11.1,0.0,4.1,5.8,345
2019-07-10 05:00:00,11.6,0.0,5.7,7.2,342
2019-07-10 06:00:00,12.3,0.0,5.7,10.1,342
2019-07-10 07:00:00,13.1,0.0,5.7,13.0,342
2019-07-10 08:00:00,14.0,0.0,5.9,16.6,346
2019-07-10 09:00:00,14.8,0.0,5.4,16.2,340
2019-07-10 10:00:00,15.8,0.0,5.9,17.3,317
2019-07-10 11:00:00,16.8,0.0,9.7,21.6,309
2019-07-10 12:00:00,17.5,0.0,11.2,25.6,310
2019-07-10 13:00:00,17.9,0.0,12.0,28.4,314
2019-07-10 14:00:00,18.2,0.0,12.7,30.2,317
2019-07-10 15:00:00,18.1,0.0,13.5,29.9,316
2019-07-10 16:00:00,18.0,0.0,13.5,29.2,316
2019-07-10 17:00:00,18.0,0.0,12.5,29.2,321
2019-07-10 18:00:00,17.5,0.0,11.8,28.8,329
2019-07-10 19:00:00,16.6,0.0,10.3,27.4,331
2019-07-10 20:00:00,15.5,0.0,9.4,21.6,328
2019-07-10 21:00:00,14.6,0.0,8.3,18.4,326
2019-07-10 22:00:00,12.9,0.0,7.4,15.5,331
2019-07-10 23:00:00,11.8,0.0,7.9,13.0,344
2019-07-11 00:00:00,11.2,0.0,7.2,11.5,354
2019-07-11 01:00:00,11.1,0.0,6.8,10.4,3
2019-07-11 02:00:00,11.1,0.0,7.0,11.5,12
2019-07-11 03:00:00,10.8,0.0,7.0,12.2,21
2019-07-11 04:00:00,10.7,0.0,7.0,13.3,21
2019-07-11 05:00:00,11.1,0.0,6.8,14.4,18
2019-07-11 06:00:00,12.0,0.0,6.7,14.4,16
2019-07-11 07:00:00,12.7,0.0,6.5,14.4,19
2019-07-11 08:00:00,13.9,0.0,4.7,14.8,9
2019-07-11 09:00:00,15.7,0.0,4.5,15.5,331
2019-07-11 10:00:00,16.7,0.0,5.9,18.0,313
2019-07-11 11:00:00,17.7,0.0,7.9,19.8,313
2019-07-11 12:00:00,18.6,0.0,9.4,20.9,313
2019-07-11 13:00:00,18.9,0.0,11.5,22.0,316
2019-07-11 14:00:00,19.0,0.0,10.7,22.3,318
2019-07-11 15:00:00,19.3,0.0,9.7,23.4,318
2019-07-11 16:00:00,19.3,0.0,9.2,23.0,318
2019-07-11 17:00:00,18.9,0.0,8.2,22.3,319
2019-07-11 18:00:00,18.7,0.0,7.9,21.6,317
2019-07-11 19:00:00,18.0,0.0,7.7,20.2,311
2019-07-11 20:00:00,17.1,0.0,7.5,16.2,305
2019-07-11 21:00:00,15.8,0.0,7.4,15.1,309
2019-07-11 22:00:00,13.7,0.0,6.9,14.4,321
2019-07-11 23:00:00,13.1,0.0,5.9,13.3,322
2019-07-12 00:00:00,12.7,0.0,5.6,12.6,310
2019-07-12 01:00:00,12.5,0.0,4.6,12.6,288
2019-07-12 02:00:00,12.3,0.0,5.0,13.0,291
2019-07-12 03:00:00,12.1,0.0,4.6,13.0,315
2019-07-12 04:00:00,11.9,0.0,3.6,12.2,315
2019-07-12 05:00:00,12.5,0.0,2.5,11.2,315
2019-07-12 06:00:00,13.1,0.0,3.6,13.0,315
2019-07-12 07:00:00,13.5,0.0,3.1,13.0,315
2019-07-12 08:00:00,14.4,0.0,3.4,12.6,288
2019-07-12 09:00:00,14.9,0.0,4.4,15.5,279
2019-07-12 10:00:00,15.4,0.0,6.3,18.4,283
2019-07-12 11:00:00,16.7,0.0,8.8,20.9,282
2019-07-12 12:00:00,17.6,0.0,8.0,22.7,280
2019-07-12 13:00:00,18.3,0.0,9.1,24.8,279
2019-07-12 14:00:00,18.8,0.0,10.0,28.4,283
2019-07-12 15:00:00,18.7,0.0,11.3,28.8,287
2019-07-12 16:00:00,18.6,0.0,9.5,25.9,295
2019-07-12 17:00:00,18.8,0.0,9.1,21.2,304
2019-07-12 18:00:00,18.2,0.0,10.0,22.0,311
2019-07-12 19:00:00,17.2,0.0,10.2,22.7,312
2019-07-12 20:00:00,16.3,0.0,10.4,22.3,314
2019-07-12 21:00:00,15.4,0.0,8.9,21.6,317
2019-07-12 22:00:00,14.5,0.0,8.9,17.3,317
2019-07-12 23:00:00,13.7,0.0,6.8,16.2,328
2019-07-13 00:00:00,13.1,0.0,7.6,16.6,329
2019-07-13 01:00:00,12.9,0.0,7.6,16.6,329
2019-07-13 02:00:00,12.6,0.0,8.0,16.2,324
2019-07-13 03:00:00,12.4,0.0,8.5,14.8,324
2019-07-13 04:00:00,12.5,0.0,9.2,16.9,321
2019-07-13 05:00:00,12.6,0.0,10.3,21.2,324
2019-07-13 06:00:00,13.4,0.0,13.4,27.7,333
2019-07-13 07:00:00,13.7,0.0,14.8,31.7,337
2019-07-13 08:00:00,14.7,0.0,14.7,31.0,335
2019-07-13 09:00:00,15.3,0.0,14.3,32.8,332
2019-07-13 10:00:00,15.7,0.0,16.3,34.9,325
2019-07-13 11:00:00,16.2,0.0,17.2,39.2,327
2019-07-13 12:00:00,16.7,0.0,18.4,42.5,325
2019-07-13 13:00:00,16.8,0.0,20.1,45.4,324
2019-07-13 14:00:00,16.9,0.0,22.3,47.9,322
2019-07-13 15:00:00,17.0,0.0,23.5,49.0,324
2019-07-13 16:00:00,16.8,0.0,24.3,50.0,328
2019-07-13 17:00:00,16.4,0.0,24.2,50.4,330
2019-07-13 18:00:00,15.7,0.0,24.0,50.4,330
2019-07-13 19:00:00,14.9,0.0,23.2,49.3,330
2019-07-13 20:00:00,14.1,0.0,22.2,47.5,331
2019-07-13 21:00:00,13.2,0.0,21.1,45.0,333
2019-07-13 22:00:00,12.6,0.0,19.5,41.0,335
2019-07-13 23:00:00,12.2,0.0,15.6,37.4,334
2019-07-14 00:00:00,11.7,0.0,16.9,36.4,331
2019-07-14 01:00:00,11.6,0.0,17.1,36.4,335
2019-07-14 02:00:00,11.5,0.0,16.9,35.3,336
2019-07-14 03:00:00,11.5,0.0,17.3,35.3,337
2019-07-14 04:00:00,11.5,0.0,16.2,36.0,339
2019-07-14 05:00:00,11.6,0.0,15.3,34.9,336
2019-07-14 06:00:00,12.2,0.0,18.7,38.2,335
2019-07-14 07:00:00,12.6,0.0,19.8,45.0,341
2019-07-14 08:00:00,13.1,0.0,19.4,40.3,342
2019-07-14 09:00:00,13.5,0.0,19.6,42.1,340
2019-07-14 10:00:00,14.0,0.0,20.3,43.9,337
2019-07-14 11:00:00,14.6,0.0,18.8,47.2,334
2019-07-14 12:00:00,14.9,0.0,20.3,49.7,330
2019-07-14 13:00:00,15.2,0.0,21.7,52.2,328
2019-07-14 14:00:00,15.4,0.0,24.5,54.7,327
2019-07-14 15:00:00,15.6,0.0,25.8,58.0,330
2019-07-14 16:00:00,15.6,0.0,27.4,60.1,332
2019-07-14 17:00:00,15.3,0.0,27.4,60.5,333
2019-07-14 18:00:00,14.7,0.0,26.3,59.8,335
2019-07-14 19:00:00,14.0,0.0,25.6,59.0,334
2019-07-14 20:00:00,13.3,0.0,25.4,53.3,335
2019-07-14 21:00:00,12.8,0.0,24.3,51.8,336
2019-07-14 22:00:00,12.5,0.0,23.4,48.2,337
2019-07-14 23:00:00,12.0,0.0,19.0,45.7,335
2019-07-15 00:00:00,11.8,0.0,19.5,45.0,335
2019-07-15 01:00:00,11.9,0.0,20.9,46.1,336
2019-07-15 02:00:00,11.8,0.0,21.8,46.4,338
2019-07-15 03:00:00,11.8,0.0,20.7,45.7,337
2019-07-15 04:00:00,11.9,0.0,19.5,44.3,337
2019-07-15 05:00:00,12.5,0.0,20.7,42.1,340
2019-07-15 06:00:00,13.1,0.0,20.6,42.5,341
2019-07-15 07:00:00,13.6,0.0,20.9,45.7,341
2019-07-15 08:00:00,14.3,0.0,21.8,46.4,338
2019-07-15 09:00:00,15.1,0.0,23.3,50.4,340
2019-07-15 10:00:00,16.1,0.0,23.6,50.0,339
2019-07-15 11:00:00,16.7,0.0,18.8,49.7,334
2019-07-15 12:00:00,17.2,0.0,18.9,51.1,325
2019-07-15 13:00:00,17.4,0.0,19.2,50.8,322
2019-07-15 14:00:00,17.3,0.0,20.9,50.0,319
2019-07-15 15:00:00,17.2,0.0,21.0,48.2,322
2019-07-15 16:00:00,16.8,0.0,19.8,47.2,323
2019-07-15 17:00:00,16.4,0.0,18.9,45.4,325
2019-07-15 18:00:00,15.7,0.0,18.7,45.7,330
2019-07-15 19:00:00,15.1,0.0,18.0,46.1,334
2019-07-15 20:00:00,14.4,0.0,18.2,38.9,335
2019-07-15 21:00:00,13.7,0.0,18.4,39.2,337
2019-07-15 22:00:00,13.3,0.0,17.6,38.2,337
2019-07-15 23:00:00,13.1,0.0,15.5,36.4,332
2019-07-16 00:00:00,12.5,0.0,16.8,36.0,332
2019-07-16 01:00:00,12.5,0.0,18.1,36.0,337
2019-07-16 02:00:00,12.1,0.0,17.5,36.0,341
2019-07-16 03:00:00,11.9,0.0,17.0,35.3,347
2019-07-16 04:00:00,11.5,0.0,15.3,32.4,352
2019-07-16 05:00:00,11.7,0.0,13.4,28.4,355
2019-07-16 06:00:00,12.9,0.0,12.3,25.9,355
2019-07-16 07:00:00,14.0,0.0,11.4,26.3,349
2019-07-16 08:00:00,14.9,0.0,10.8,24.8,339
2019-07-16 09:00:00,16.0,0.0,11.6,27.0,330
2019-07-16 10:00:00,16.9,0.0,12.7,29.9,325
2019-07-16 11:00:00,18.1,0.0,12.8,32.4,322
2019-07-16 12:00:00,18.5,0.0,15.3,34.9,315
2019-07-16 13:00:00,18.7,0.0,16.5,37.4,314
2019-07-16 14:00:00,18.7,0.0,16.8,38.5,315
2019-07-16 15:00:00,18.6,0.0,16.6,38.2,318
2019-07-16 16:00:00,18.3,0.0,16.1,37.8,318
2019-07-16 17:00:00,17.9,0.0,15.3,36.7,319
2019-07-16 18:00:00,17.2,0.0,14.5,34.9,316
2019-07-16 19:00:00,15.9,0.0,13.5,33.1,316
2019-07-16 20:00:00,14.9,0.0,12.5,28.1,319
2019-07-16 21:00:00,14.4,0.0,11.2,25.2,318
2019-07-16 22:00:00,13.4,0.0,9.9,20.5,316
2019-07-16 23:00:00,12.6,0.0,8.1,19.4,328
2019-07-17 00:00:00,11.9,0.0,7.4,15.5,321
2019-07-17 01:00:00,11.4,0.6,6.9,10.8,317
2019-07-17 02:00:00,11.9,0.0,6.9,11.2,321
2019-07-17 03:00:00,11.2,0.2,4.6,11.5,315
2019-07-17 04:00:00,11.5,0.0,4.0,9.7,333
2019-07-17 05:00:00,12.1,0.0,3.9,9.4,304
2019-07-17 06:00:00,12.4,0.0,4.9,9.7,306
2019-07-17 07:00:00,13.4,0.0,4.1,11.2,315
2019-07-17 08:00:00,14.2,0.0,2.5,11.9,315
2019-07-17 09:00:00,15.2,0.0,1.1,11.2,270
2019-07-17 10:00:00,16.0,0.0,3.6,13.7,233
2019-07-17 11:00:00,16.4,0.0,4.8,18.4,243
2019-07-17 12:00:00,17.0,0.0,5.2,21.2,258
2019-07-17 13:00:00,17.5,0.0,7.1,23.0,255
2019-07-17 14:00:00,17.7,0.0,7.6,24.5,251
2019-07-17 15:00:00,17.9,0.0,7.4,24.8,247
2019-07-17 16:00:00,17.8,0.0,8.0,25.9,243
2019-07-17 17:00:00,17.3,0.0,8.2,25.9,232
2019-07-17 18:00:00,16.8,0.0,8.7,24.5,225
2019-07-17 19:00:00,16.3,0.0,8.6,22.3,213
2019-07-17 20:00:00,15.5,0.0,9.1,20.5,198
2019-07-17 21:00:00,14.8,0.0,9.8,19.8,186
2019-07-17 22:00:00,13.9,0.0,10.5,19.8,172
2019-07-17 23:00:00,13.1,0.0,10.2,21.6,157
2019-07-18 00:00:00,12.9,0.0,12.0,23.4,159
2019-07-18 01:00:00,12.7,0.0,13.1,24.8,159
2019-07-18 02:00:00,13.2,0.0,12.7,24.8,151
2019-07-18 03:00:00,13.3,0.0,13.0,25.2,146
2019-07-18 04:00:00,13.4,0.0,12.9,25.6,144
2019-07-18 05:00:00,13.5,0.0,13.7,26.6,145
2019-07-18 06:00:00,14.5,0.0,14.3,28.4,146
2019-07-18 07:00:00,15.8,0.0,15.1,31.0,147
2019-07-18 08:00:00,16.6,0.0,18.4,37.1,145
2019-07-18 09:00:00,17.3,0.0,19.0,42.5,147
2019-07-18 10:00:00,17.4,0.0,20.9,45.4,161
2019-07-18 11:00:00,17.5,0.3,20.4,48.6,166
2019-07-18 12:00:00,16.7,0.4,22.4,49.7,165
2019-07-18 13:00:00,16.5,0.5,23.4,47.9,157
2019-07-18 14:00:00,17.1,0.3,22.6,53.3,146
2019-07-18 15:00:00,17.4,0.3,21.6,52.2,143
2019-07-18 16:00:00,17.0,0.9,21.8,49.7,149
2019-07-18 17:00:00,16.6,0.8,21.3,49.3,154
2019-07-18 18:00:00,16.5,0.8,20.1,47.5,156
2019-07-18 19:00:00,16.2,1.5,20.5,59.0,152
2019-07-18 20:00:00,16.1,0.7,19.6,55.8,144
2019-07-18 21:00:00,16.1,0.9,19.0,54.7,143
2019-07-18 22:00:00,15.8,1.3,19.1,55.4,148
2019-07-18 23:00:00,15.5,2.2,18.6,54.0,162
2019-07-19 00:00:00,15.1,2.3,18.1,39.6,175
2019-07-19 01:00:00,14.4,2.0,16.9,44.3,178
2019-07-19 02:00:00,14.1,0.8,15.5,42.1,180
2019-07-19 03:00:00,14.0,0.2,13.7,35.3,183
2019-07-19 04:00:00,13.8,0.0,14.2,32.0,189
2019-07-19 05:00:00,13.5,0.0,15.9,29.2,185
2019-07-19 06:00:00,13.5,0.0,17.1,30.6,173
2019-07-19 07:00:00,14.1,0.0,17.1,34.6,162
2019-07-19 08:00:00,14.9,0.0,18.1,36.4,159
2019-07-19 09:00:00,15.8,0.0,18.3,38.5,160
2019-07-19 10:00:00,16.9,0.0,19.1,39.6,168
2019-07-19 11:00:00,17.1,0.0,15.2,42.8,184
2019-07-19 12:00:00,17.6,0.1,16.0,43.9,189
2019-07-19 13:00:00,18.0,0.2,16.3,45.7,194
2019-07-19 14:00:00,18.4,0.2,15.9,45.7,193
2019-07-19 15:00:00,18.2,0.2,15.6,46.8,195
2019-07-19 16:00:00,18.0,0.0,15.3,42.5,195
2019-07-19 17:00:00,17.9,0.0,14.8,40.7,194
2019-07-19 18:00:00,17.8,0.0,14.1,36.4,193
2019-07-19 19:00:00,17.1,0.0,12.0,32.8,196
2019-07-19 20:00:00,16.4,0.0,9.0,25.6,182
2019-07-19 21:00:00,15.1,0.0,6.9,19.1,152
2019-07-19 22:00:00,14.0,0.0,6.5,13.7,146
2019-07-19 23:00:00,13.5,0.0,6.3,13.7,121
2019-07-20 00:00:00,13.3,0.0,6.8,14.4,122
2019-07-20 01:00:00,12.9,0.0,7.4,14.8,113
2019-07-20 02:00:00,12.7,0.0,7.8,14.4,112
2019-07-20 03:00:00,12.5,0.0,8.1,13.7,111
2019-07-20 04:00:00,12.5,0.0,7.9,14.0,106
2019-07-20 05:00:00,12.9,0.0,7.4,14.8,104
2019-07-20 06:00:00,14.2,0.0,8.0,16.2,100
2019-07-20 07:00:00,15.6,0.0,7.1,16.9,105
2019-07-20 08:00:00,16.6,0.0,7.4,15.8,104
2019-07-20 09:00:00,17.3,0.0,7.6,18.4,109
2019-07-20 10:00:00,17.8,0.0,8.3,19.1,108
2019-07-20 11:00:00,17.9,0.0,7.0,18.7,102
2019-07-20 12:00:00,17.9,0.2,6.1,18.7,130
2019-07-20 13:00:00,16.9,1.0,9.6,19.1,110
2019-07-20 14:00:00,16.5,1.4,10.9,20.9,98
2019-07-20 15:00:00,16.2,1.4,10.0,21.6,111
2019-07-20 16:00:00,16.3,1.5,10.8,20.5,127
2019-07-20 17:00:00,16.4,1.3,12.0,18.7,129
2019-07-20 18:00:00,16.3,1.3,12.5,19.8,136
2019-07-20 19:00:00,16.1,1.3,12.5,20.9,139
2019-07-20 20:00:00,16.0,1.6,11.2,25.6,140
2019-07-20 21:00:00,15.8,1.7,10.6,21.6,145
2019-07-20 22:00:00,15.8,2.0,10.5,23.0,149
2019-07-20 23:00:00,15.4,1.0,11.3,29.9,149
2019-07-21 00:00:00,15.4,1.0,11.0,27.4,148
2019-07-21 01:00:00,15.4,0.8,11.2,27.0,147
2019-07-21 02:00:00,15.4,1.2,10.6,25.6,152
2019-07-21 03:00:00,15.3,1.7,9.4,23.8,157
2019-07-21 04:00:00,15.4,2.3,8.4,23.0,160
2019-07-21 05:00:00,15.4,1.7,8.2,23.4,165
2019-07-21 06:00:00,15.5,1.7,8.4,23.8,170
2019-07-21 07:00:00,15.5,2.2,8.9,23.8,194
2019-07-21 08:00:00,15.6,0.7,9.3,19.4,216
2019-07-21 09:00:00,15.7,1.0,9.2,20.2,239
2019-07-21 10:00:00,15.9,0.4,11.2,23.8,255
2019-07-21 11:00:00,16.4,0.1,13.3,27.0,267
2019-07-21 12:00:00,15.8,0.1,15.5,31.0,273
2019-07-21 13:00:00,15.7,0.0,16.3,32.4,276
2019-07-21 14:00:00,15.1,0.1,14.1,34.6,274
2019-07-21 15:00:00,15.4,0.1,13.0,34.2,268
2019-07-21 16:00:00,15.4,0.2,12.5,32.8,258
2019-07-21 17:00:00,15.5,0.0,10.4,28.4,250
2019-07-21 18:00:00,15.5,0.0,7.4,24.8,227
2019-07-21 19:00:00,15.3,0.0,8.3,20.2,198
2019-07-21 20:00:00,14.7,0.0,9.4,20.9,182
2019-07-21 21:00:00,14.3,0.0,9.8,21.6,163
2019-07-21 22:00:00,13.8,0.0,10.3,20.5,151
2019-07-21 23:00:00,13.4,0.0,11.7,22.7,146
2019-07-22 00:00:00,13.1,0.0,14.1,24.1,140
2019-07-22 01:00:00,12.7,0.0,15.5,24.5,136
2019-07-22 02:00:00,12.5,0.0,16.0,25.2,134
2019-07-22 03:00:00,12.7,0.0,16.6,27.0,131
2019-07-22 04:00:00,12.9,0.0,16.8,28.8,125
2019-07-22 05:00:00,13.2,0.0,16.6,29.2,124
2019-07-22 06:00:00,13.8,0.1,16.0,30.2,126
2019-07-22 07:00:00,14.2,0.0,16.2,31.3,127
2019-07-22 08:00:00,14.3,0.1,16.6,34.9,129
2019-07-22 09:00:00,14.7,0.0,17.6,36.4,134
2019-07-22 10:00:00,15.2,0.0,17.3,36.7,138
2019-07-22 11:00:00,16.3,0.0,16.1,35.6,130
2019-07-22 12:00:00,17.2,0.0,16.8,34.6,132
2019-07-22 13:00:00,18.6,0.0,21.2,39.6,145
2019-07-22 14:00:00,18.9,0.0,20.6,41.4,147
2019-07-22 15:00:00,18.8,0.0,16.9,34.6,146
2019-07-22 16:00:00,18.4,0.1,17.7,28.8,153
2019-07-22 17:00:00,17.5,0.2,20.5,28.1,162
2019-07-22 18:00:00,16.8,0.2,21.5,34.9,171
2019-07-22 19:00:00,16.2,0.2,21.7,39.2,187
2019-07-22 20:00:00,15.7,0.3,20.8,45.0,190
2019-07-22 21:00:00,15.3,0.0,18.4,40.3,191
2019-07-22 22:00:00,15.1,0.0,17.6,38.2,195
2019-07-22 23:00:00,15.1,0.0,14.2,35.3,196
2019-07-23 00:00:00,15.0,0.0,13.0,30.2,194
2019-07-23 01:00:00,15.1,0.0,10.8,25.2,195
2019-07-23 02:00:00,14.9,0.0,9.9,21.6,190
2019-07-23 03:00:00,14.9,0.0,7.7,18.0,169
2019-07-23 04:00:00,14.9,0.0,8.9,15.8,166
2019-07-23 05:00:00,15.1,0.0,10.3,15.1,155
2019-07-23 06:00:00,15.6,0.0,11.1,18.4,144
2019-07-23 07:00:00,16.3,0.0,11.2,23.8,147
2019-07-23 08:00:00,16.7,0.2,12.9,27.0,153
2019-07-23 09:00:00,16.9,0.1,12.2,27.7,156
2019-07-23 10:00:00,17.2,0.1,13.0,26.6,161
2019-07-23 11:00:00,17.3,0.0,12.2,32.8,152
2019-07-23 12:00:00,18.3,0.0,12.6,36.0,156
2019-07-23 13:00:00,18.6,0.0,12.9,36.4,162
2019-07-23 14:00:00,19.4,0.0,15.3,36.0,172
2019-07-23 15:00:00,20.0,0.0,14.0,35.6,181
2019-07-23 16:00:00,19.8,0.0,12.0,33.1,187
2019-07-23 17:00:00,19.5,0.0,11.5,32.0,182
2019-07-23 18:00:00,19.0,0.0,11.5,29.9,180
2019-07-23 19:00:00,18.7,0.0,11.2,24.1,174
2019-07-23 20:00:00,18.2,0.0,11.6,24.1,173
2019-07-23 21:00:00,17.4,0.0,11.3,23.4,173
2019-07-23 22:00:00,16.8,0.0,10.5,22.3,176
2019-07-23 23:00:00,16.4,0.0,9.6,20.9,167
2019-07-24 00:00:00,15.9,0.0,8.7,19.8,163
2019-07-24 01:00:00,15.6,0.0,8.4,17.6,155
2019-07-24 02:00:00,15.2,0.0,7.5,16.2,145
2019-07-24 03:00:00,15.3,0.0,7.4,15.8,137
2019-07-24 04:00:00,15.0,0.0,8.0,15.8,126
2019-07-24 05:00:00,14.9,0.0,8.1,16.2,122
2019-07-24 06:00:00,15.9,0.0,7.1,16.6,139
2019-07-24 07:00:00,16.3,0.0,7.0,18.0,159
2019-07-24 08:00:00,16.9,0.0,8.8,18.0,168
2019-07-24 09:00:00,18.4,0.0,10.5,24.1,172
2019-07-24 10:00:00,19.7,0.0,11.7,27.0,171
2019-07-24 11:00:00,20.8,0.0,9.5,27.7,169
2019-07-24 12:00:00,21.8,0.0,12.6,29.2,175
2019-07-24 13:00:00,22.7,0.0,12.3,29.5,175
2019-07-24 14:00:00,23.1,0.0,12.6,31.7,178
2019-07-24 15:00:00,22.2,0.0,13.8,40.7,186
2019-07-24 16:00:00,21.9,0.0,15.0,41.8,204
2019-07-24 17:00:00,21.7,0.0,15.7,39.2,217
2019-07-24 18:00:00,21.0,0.0,14.8,39.6,193
2019-07-24 19:00:00,20.4,0.0,13.0,34.6,178
2019-07-24 20:00:00,20.3,0.0,9.0,27.0,151
2019-07-24 21:00:00,20.3,0.0,8.7,20.5,107
2019-07-24 22:00:00,20.0,0.0,9.8,22.0,96
2019-07-24 23:00:00,19.3,0.0,11.2,21.6,94
2019-07-25 00:00:00,19.6,0.0,13.6,24.1,101
2019-07-25 01:00:00,19.7,0.0,14.7,26.6,112
2019-07-25 02:00:00,19.9,0.0,14.7,26.3,121
2019-07-25 03:00:00,19.8,0.0,12.5,26.3,139
2019-07-25 04:00:00,19.8,0.0,9.4,23.4,187
2019-07-25 05:00:00,19.4,0.0,15.5,32.8,205
2019-07-25 06:00:00,19.3,0.0,17.4,40.0,193
2019-07-25 07:00:00,19.4,0.0,16.9,40.7,180
2019-07-25 08:00:00,19.8,0.0,18.4,41.0,177
2019-07-25 09:00:00,20.7,0.0,18.8,45.7,185
2019-07-25 10:00:00,20.9,0.0,19.8,47.2,190
2019-07-25 11:00:00,20.9,0.0,15.3,45.0,189
2019-07-25 12:00:00,21.7,0.0,13.7,41.0,198
2019-07-25 13:00:00,22.3,0.0,12.6,35.3,207
2019-07-25 14:00:00,22.6,0.0,11.8,31.7,218
2019-07-25 15:00:00,23.0,0.0,9.9,29.2,224
2019-07-25 16:00:00,22.8,0.0,5.6,25.2,225
2019-07-25 17:00:00,23.1,0.0,1.8,19.1,217
2019-07-25 18:00:00,23.1,0.0,0.0,14.4,270
2019-07-25 19:00:00,22.4,0.0,2.0,9.4,45
2019-07-25 20:00:00,21.6,0.0,3.3,7.2,41
2019-07-25 21:00:00,19.7,0.0,6.1,8.3,45
2019-07-25 22:00:00,18.7,0.0,6.7,10.1,54
2019-07-25 23:00:00,17.6,0.0,5.4,10.4,70
2019-07-26 00:00:00,17.5,0.0,7.2,10.4,87
2019-07-26 01:00:00,17.7,0.0,6.5,10.1,87
2019-07-26 02:00:00,17.5,0.0,6.2,12.2,83
2019-07-26 03:00:00,17.3,0.0,7.0,13.0,78
2019-07-26 04:00:00,17.0,0.0,7.3,13.3,81
2019-07-26 05:00:00,17.0,0.0,8.6,14.8,88
2019-07-26 06:00:00,18.3,0.0,9.1,15.5,97
2019-07-26 07:00:00,20.5,0.0,8.0,15.1,108
2019-07-26 08:00:00,22.4,0.0,6.4,15.8,117
2019-07-26 09:00:00,24.2,0.0,7.2,15.8,108
2019-07-26 10:00:00,25.6,0.0,8.7,18.4,107
2019-07-26 11:00:00,27.1,0.0,9.4,22.0,113
2019-07-26 12:00:00,28.6,0.0,10.2,22.0,129
2019-07-26 13:00:00,29.2,0.0,8.9,22.7,137
2019-07-26 14:00:00,29.9,0.0,8.2,22.7,142
2019-07-26 15:00:00,29.9,0.0,7.5,21.2,163
2019-07-26 16:00:00,29.7,0.0,8.6,17.3,213
2019-07-26 17:00:00,27.3,0.0,16.4,16.2,241
2019-07-26 18:00:00,25.4,0.0,16.4,21.6,232
2019-07-26 19:00:00,23.5,0.0,9.3,21.6,193
2019-07-26 20:00:00,22.5,0.0,7.5,19.4,125
2019-07-26 21:00:00,21.3,0.0,7.2,16.2,96
2019-07-26 22:00:00,20.3,0.0,7.3,14.4,81
2019-07-26 23:00:00,20.2,0.0,6.9,14.0,62
2019-07-27 00:00:00,20.1,0.0,6.0,12.6,57
2019-07-27 01:00:00,19.8,0.0,6.1,11.2,50
2019-07-27 02:00:00,19.5,0.0,6.1,11.5,45
2019-07-27 03:00:00,19.2,0.0,8.7,11.9,42
2019-07-27 04:00:00,18.8,0.0,8.9,12.6,47
2019-07-27 05:00:00,18.7,0.0,8.7,14.0,52
2019-07-27 06:00:00,19.6,0.0,8.9,15.8,58
2019-07-27 07:00:00,21.5,0.0,8.0,16.2,63
2019-07-27 08:00:00,23.5,0.0,6.3,15.5,66
2019-07-27 09:00:00,25.0,0.0,5.2,13.7,65
2019-07-27 10:00:00,26.7,0.0,4.1,13.3,52
2019-07-27 11:00:00,27.9,0.0,3.3,13.7,139
2019-07-27 12:00:00,28.2,0.0,3.2,24.5,180
2019-07-27 13:00:00,28.2,0.0,4.2,17.6,250
2019-07-27 14:00:00,28.3,0.0,9.0,14.8,286
2019-07-27 15:00:00,28.3,0.0,12.4,13.3,300
2019-07-27 16:00:00,27.7,0.0,13.8,18.0,309
2019-07-27 17:00:00,26.7,0.0,14.5,20.9,312
2019-07-27 18:00:00,25.7,0.0,13.0,20.9,314
2019-07-27 19:00:00,24.4,0.0,10.9,19.1,316
2019-07-27 20:00:00,23.2,0.0,9.7,22.3,321
2019-07-27 21:00:00,21.7,0.0,6.9,16.9,321
2019-07-27 22:00:00,20.2,0.0,5.4,10.8,318
2019-07-27 23:00:00,19.1,0.0,3.9,8.6,304
2019-07-28 00:00:00,19.6,0.0,2.8,7.9,320
2019-07-28 01:00:00,19.5,0.0,4.3,6.5,336
2019-07-28 02:00:00,18.9,0.0,6.1,6.5,3
2019-07-28 03:00:00,17.8,0.0,5.9,7.9,11
2019-07-28 04:00:00,17.8,0.0,7.1,9.0,24
2019-07-28 05:00:00,18.1,0.0,8.5,11.5,28
2019-07-28 06:00:00,19.0,0.0,9.3,15.5,28
2019-07-28 07:00:00,21.3,0.0,8.9,16.6,27
2019-07-28 08:00:00,23.1,0.0,8.1,17.3,21
2019-07-28 09:00:00,24.6,0.0,7.8,18.4,13
2019-07-28 10:00:00,25.9,0.0,8.4,20.2,7
2019-07-28 11:00:00,26.8,0.0,8.6,20.9,358
2019-07-28 12:00:00,27.7,0.0,11.5,20.2,346
2019-07-28 13:00:00,28.6,0.0,11.8,18.0,348
2019-07-28 14:00:00,28.3,0.0,12.3,18.4,339
2019-07-28 15:00:00,27.5,0.0,13.7,23.8,337
2019-07-28 16:00:00,26.5,0.0,13.4,23.8,340
2019-07-28 17:00:00,25.9,0.0,11.9,22.0,346
2019-07-28 18:00:00,25.2,0.0,8.3,20.2,355
2019-07-28 19:00:00,24.5,0.0,4.8,17.6,13
2019-07-28 20:00:00,23.4,0.0,2.3,10.1,129
2019-07-28 21:00:00,22.5,0.0,5.6,15.1,153
2019-07-28 22:00:00,22.0,0.0,4.7,15.5,113
2019-07-28 23:00:00,21.3,0.0,5.0,12.2,111
2019-07-29 00:00:00,20.6,0.0,7.4,11.5,67
2019-07-29 01:00:00,20.7,0.0,8.3,15.5,85
2019-07-29 02:00:00,20.8,0.0,9.3,19.8,106
2019-07-29 03:00:00,20.8,0.0,7.6,21.2,90
2019-07-29 04:00:00,19.9,0.0,6.6,22.3,81
2019-07-29 05:00:00,18.9,0.0,6.6,18.7,77
2019-07-29 06:00:00,18.4,0.0,7.2,19.1,90
2019-07-29 07:00:00,19.5,0.0,6.4,16.2,117
2019-07-29 08:00:00,20.4,0.0,5.9,14.8,142
2019-07-29 09:00:00,22.0,0.0,6.6,15.8,158
2019-07-29 10:00:00,23.2,0.0,6.8,25.6,177
2019-07-29 11:00:00,24.8,0.0,6.7,26.3,234
2019-07-29 12:00:00,25.3,0.3,4.7,25.2,266
2019-07-29 13:00:00,25.8,0.0,6.6,25.9,311
2019-07-29 14:00:00,25.9,0.0,7.6,27.4,315
2019-07-29 15:00:00,25.0,0.2,7.8,27.7,326
2019-07-29 16:00:00,25.3,0.0,8.2,18.7,345
2019-07-29 17:00:00,25.4,0.0,9.1,19.4,351
2019-07-29 18:00:00,25.1,0.0,9.4,18.0,358
2019-07-29 19:00:00,24.5,0.0,9.0,18.0,360
2019-07-29 20:00:00,23.5,0.0,8.3,17.6,360
2019-07-29 21:00:00,22.1,0.0,6.9,15.8,9
2019-07-29 22:00:00,20.8,0.0,5.9,14.0,14
2019-07-29 23:00:00,19.9,0.0,6.4,12.6,27
2019-07-30 00:00:00,19.7,0.0,6.1,10.1,45
2019-07-30 01:00:00,20.5,0.0,4.7,8.6,171
2019-07-30 02:00:00,20.2,0.0,5.8,5.8,187
2019-07-30 03:00:00,18.8,0.0,3.7,7.6,169
2019-07-30 04:00:00,18.7,0.0,1.5,11.9,166
2019-07-30 05:00:00,18.5,0.0,1.5,16.9,225
2019-07-30 06:00:00,19.0,0.0,4.7,20.5,238
2019-07-30 07:00:00,19.2,0.0,6.0,23.4,245
2019-07-30 08:00:00,19.9,0.0,7.9,16.9,246
2019-07-30 09:00:00,20.7,0.0,8.8,20.5,251
2019-07-30 10:00:00,21.6,0.0,10.0,22.3,257
2019-07-30 11:00:00,21.9,0.0,9.8,23.0,276
2019-07-30 12:00:00,22.6,0.0,10.1,21.6,276
2019-07-30 13:00:00,23.0,0.0,11.5,23.4,270
2019-07-30 14:00:00,22.1,0.1,9.4,25.2,268
2019-07-30 15:00:00,20.8,0.7,10.9,29.5,264
2019-07-30 16:00:00,19.7,1.5,11.8,29.2,258
2019-07-30 17:00:00,19.0,0.6,9.9,25.9,260
2019-07-30 18:00:00,18.2,1.9,6.6,20.2,248
2019-07-30 19:00:00,17.9,0.7,8.2,18.0,229
2019-07-30 20:00:00,17.6,2.5,9.8,20.2,234
2019-07-30 21:00:00,17.6,1.1,9.8,20.5,234
2019-07-30 22:00:00,17.3,0.8,10.5,18.7,232
2019-07-30 23:00:00,16.8,0.9,5.3,16.9,242
2019-07-31 00:00:00,16.6,1.4,4.1,16.6,232
2019-07-31 01:00:00,16.6,1.4,2.9,15.1,240
2019-07-31 02:00:00,16.4,1.3,2.2,12.6,270
2019-07-31 03:00:00,16.3,1.3,1.1,12.2,252
2019-07-31 04:00:00,16.3,1.5,2.9,12.6,180
2019-07-31 05:00:00,16.3,1.7,5.6,11.5,195
2019-07-31 06:00:00,16.4,1.7,8.4,10.8,200
2019-07-31 07:00:00,16.5,1.1,9.8,10.8,204
2019-07-31 08:00:00,16.8,1.3,8.7,19.1,204
2019-07-31 09:00:00,16.8,1.3,6.2,16.2,201
2019-07-31 10:00:00,17.0,1.2,3.8,11.5,197
2019-07-31 11:00:00,16.5,1.3,5.2,9.4,282
2019-07-31 12:00:00,16.8,1.3,3.8,8.6,287
2019-07-31 13:00:00,17.2,1.3,3.2,8.3,270
2019-07-31 14:00:00,17.7,1.2,2.7,8.3,293
2019-07-31 15:00:00,17.8,0.9,3.1,8.6,339
2019-07-31 16:00:00,17.8,0.8,4.7,7.9,4
2019-07-31 17:00:00,17.6,0.8,5.1,7.6,8
2019-07-31 18:00:00,17.5,0.7,5.0,6.8,360
2019-07-31 19:00:00,17.4,0.5,4.7,5.4,356
2019-07-31 20:00:00,17.2,0.6,5.1,11.5,356
2019-07-31 21:00:00,16.8,0.0,4.7,11.5,356
2019-07-31 22:00:00,16.6,0.0,3.2,7.6,360
2019-07-31 23:00:00,15.9,0.0,4.6,7.9,18
2019-08-01 00:00:00,15.8,0.0,5.0,8.3,30
2019-08-01 01:00:00,15.5,0.0,4.7,8.3,32
2019-08-01 02:00:00,15.4,0.0,5.2,8.6,25
2019-08-01 03:00:00,15.3,0.0,6.0,10.4,33
2019-08-01 04:00:00,15.1,0.0,5.0,11.2,30
2019-08-01 05:00:00,15.0,0.0,4.7,12.2,9
2019-08-01 06:00:00,15.7,0.0,6.8,13.7,357
2019-08-01 07:00:00,16.9,0.0,5.4,13.7,356
2019-08-01 08:00:00,17.7,0.0,5.9,14.8,349
2019-08-01 09:00:00,18.7,0.0,7.1,17.3,345
2019-08-01 10:00:00,19.7,0.0,7.6,19.8,335
2019-08-01 11:00:00,20.1,0.0,10.0,23.4,339
2019-08-01 12:00:00,20.5,0.0,9.5,26.6,331
2019-08-01 13:00:00,20.5,0.0,12.3,32.0,320
2019-08-01 14:00:00,20.6,0.0,14.3,35.3,319
2019-08-01 15:00:00,20.6,0.0,15.4,37.4,323
2019-08-01 16:00:00,20.4,0.0,16.6,38.5,326
2019-08-01 17:00:00,19.8,0.0,17.6,38.9,329
2019-08-01 18:00:00,19.4,0.0,17.6,39.2,334
2019-08-01 19:00:00,18.5,0.0,17.0,38.5,339
2019-08-01 20:00:00,17.9,0.0,15.4,34.6,339
2019-08-01 21:00:00,17.0,0.0,15.4,31.7,339
2019-08-01 22:00:00,16.6,0.0,15.0,30.2,339
2019-08-01 23:00:00,15.9,0.0,13.5,29.5,335
2019-08-02 00:00:00,15.7,0.0,14.7,29.5,332
2019-08-02 01:00:00,15.5,0.0,16.1,29.9,333
2019-08-02 02:00:00,15.6,0.0,16.0,30.2,337
2019-08-02 03:00:00,15.6,0.0,15.0,29.5,339
2019-08-02 04:00:00,15.4,0.0,14.1,28.8,341
2019-08-02 05:00:00,15.4,0.0,13.8,28.1,345
2019-08-02 06:00:00,16.0,0.0,12.8,27.0,344
2019-08-02 07:00:00,16.9,0.0,14.1,29.5,345
2019-08-02 08:00:00,17.4,0.0,13.0,28.8,346
2019-08-02 09:00:00,18.2,0.0,11.6,27.0,338
2019-08-02 10:00:00,19.0,0.0,12.1,27.0,323
2019-08-02 11:00:00,19.8,0.0,12.0,28.8,314
2019-08-02 12:00:00,20.4,0.0,11.0,29.5,319
2019-08-02 13:00:00,20.8,0.0,11.0,30.2,319
2019-08-02 14:00:00,21.6,0.0,11.1,30.6,306
2019-08-02 15:00:00,21.7,0.0,11.5,30.6,302
2019-08-02 16:00:00,21.5,0.0,11.4,29.5,305
2019-08-02 17:00:00,21.3,0.0,9.8,29.9,306
2019-08-02 18:00:00,20.8,0.0,7.6,28.8,301
2019-08-02 19:00:00,20.0,0.0,6.4,26.6,297
2019-08-02 20:00:00,19.0,0.0,5.2,14.0,295
2019-08-02 21:00:00,18.0,0.0,5.2,10.4,295
2019-08-02 22:00:00,17.2,0.0,5.1,9.0,309
2019-08-02 23:00:00,17.2,0.0,2.5,7.9,262
2019-08-03 00:00:00,16.9,0.0,2.9,6.5,180
2019-08-03 01:00:00,16.7,0.0,3.6,7.9,180
2019-08-03 02:00:00,16.7,0.0,2.9,7.9,180
2019-08-03 03:00:00,16.6,0.0,1.8,7.6,169
2019-08-03 04:00:00,16.5,0.0,2.3,6.1,141
2019-08-03 05:00:00,15.7,0.0,1.3,9.0,124
2019-08-03 06:00:00,16.6,0.0,1.1,13.0,72
2019-08-03 07:00:00,17.1,0.0,1.8,15.5,37
2019-08-03 08:00:00,17.7,0.0,1.8,8.6,360
2019-08-03 09:00:00,18.0,0.0,2.4,10.4,333
2019-08-03 10:00:00,19.2,0.0,3.1,13.3,291
2019-08-03 11:00:00,19.6,0.0,5.6,17.6,285
2019-08-03 12:00:00,20.5,0.0,6.2,22.0,277
2019-08-03 13:00:00,20.6,0.0,8.0,25.2,280
2019-08-03 14:00:00,20.7,0.0,9.1,27.0,288
2019-08-03 15:00:00,20.7,0.0,9.3,28.1,298
2019-08-03 16:00:00,20.5,0.0,9.3,29.2,306
2019-08-03 17:00:00,20.4,0.0,9.9,29.2,316
2019-08-03 18:00:00,19.6,0.0,10.0,29.2,322
2019-08-03 19:00:00,18.7,0.0,9.1,28.1,326
2019-08-03 20:00:00,17.7,0.0,8.0,18.7,324
2019-08-03 21:00:00,16.8,0.0,6.2,14.8,324
2019-08-03 22:00:00,15.8,0.0,7.1,11.2,319
2019-08-03 23:00:00,15.9,0.0,5.5,11.5,293
2019-08-04 00:00:00,16.1,0.0,3.3,10.1,257
2019-08-04 01:00:00,15.7,0.0,1.5,7.2,194
2019-08-04 02:00:00,14.1,0.0,3.7,8.6,151
2019-08-04 03:00:00,13.8,0.0,4.6,9.0,162
2019-08-04 04:00:00,14.0,0.0,5.4,8.3,180
2019-08-04 05:00:00,14.2,0.0,3.6,7.9,186
2019-08-04 06:00:00,15.1,0.0,4.7,8.6,184
2019-08-04 07:00:00,16.6,0.0,5.8,12.6,187
2019-08-04 08:00:00,17.4,0.0,7.2,17.6,186
2019-08-04 09:00:00,17.9,0.0,7.6,19.4,180
2019-08-04 10:00:00,18.4,0.0,7.6,21.2,185
2019-08-04 11:00:00,19.0,0.0,8.4,23.4,211
2019-08-04 12:00:00,19.4,0.0,9.3,25.6,216
2019-08-04 13:00:00,19.3,0.0,9.7,26.3,222
2019-08-04 14:00:00,19.2,0.0,8.9,26.3,230
2019-08-04 15:00:00,19.5,0.0,9.6,25.9,236
2019-08-04 16:00:00,18.9,0.0,11.3,26.3,248
2019-08-04 17:00:00,18.3,0.0,10.6,25.9,252
2019-08-04 18:00:00,17.9,0.0,8.3,23.0,252
2019-08-04 19:00:00,17.3,0.0,7.4,19.1,241
2019-08-04 20:00:00,16.5,0.0,6.6,17.6,225
2019-08-04 21:00:00,15.8,0.0,4.7,15.1,203
2019-08-04 22:00:00,15.4,0.0,4.3,10.4,180
2019-08-04 23:00:00,14.9,0.0,4.7,10.4,176
2019-08-05 00:00:00,14.6,0.0,4.7,11.2,171
2019-08-05 01:00:00,14.6,0.0,5.1,11.9,176
2019-08-05 02:00:00,14.6,0.0,5.1,13.0,176
2019-08-05 03:00:00,14.4,0.0,5.1,14.4,176
2019-08-05 04:00:00,14.5,0.0,4.7,15.1,171
2019-08-05 05:00:00,14.6,0.0,5.9,15.5,169
2019-08-05 06:00:00,14.8,0.0,6.8,17.3,180
2019-08-05 07:00:00,15.2,0.0,5.9,18.7,191
2019-08-05 08:00:00,15.7,0.0,5.6,14.0,195
2019-08-05 09:00:00,16.3,0.0,5.7,14.8,198
2019-08-05 10:00:00,17.0,0.0,6.3,16.6,204
2019-08-05 11:00:00,17.1,0.0,7.1,17.6,225
2019-08-05 12:00:00,17.6,0.0,4.8,18.7,222
2019-08-05 13:00:00,18.1,0.0,7.5,19.8,235
2019-08-05 14:00:00,18.6,0.0,8.7,22.3,263
2019-08-05 15:00:00,18.5,0.0,8.0,24.5,275
2019-08-05 16:00:00,18.2,0.0,7.3,23.8,281
2019-08-05 17:00:00,18.2,0.0,7.1,20.9,285
2019-08-05 18:00:00,17.4,0.0,5.5,18.4,302
2019-08-05 19:00:00,16.8,0.0,3.9,16.2,326
2019-08-05 20:00:00,16.4,0.0,2.5,9.7,8
2019-08-05 21:00:00,15.7,0.0,2.3,6.5,18
2019-08-05 22:00:00,14.8,0.0,4.2,6.5,70
2019-08-05 23:00:00,14.4,0.0,4.7,7.2,86
2019-08-06 00:00:00,14.4,0.0,4.8,8.3,77
2019-08-06 01:00:00,14.0,0.0,4.8,8.6,77
2019-08-06 02:00:00,13.7,0.0,4.3,9.0,85
2019-08-06 03:00:00,13.9,0.0,4.8,7.9,77
2019-08-06 04:00:00,13.8,0.0,5.5,8.3,79
2019-08-06 05:00:00,13.7,0.0,5.4,8.3,86
2019-08-06 06:00:00,14.4,0.0,5.8,8.6,97
2019-08-06 07:00:00,15.5,0.1,5.8,10.1,112
2019-08-06 08:00:00,16.4,0.1,5.7,13.7,125
2019-08-06 09:00:00,16.9,0.2,6.5,15.5,146
2019-08-06 10:00:00,17.4,0.2,7.5,19.8,163
2019-08-06 11:00:00,17.5,0.2,9.5,25.6,171
2019-08-06 12:00:00,17.6,0.5,9.8,28.1,188
2019-08-06 13:00:00,17.1,3.7,9.4,28.4,203
2019-08-06 14:00:00,17.1,1.5,9.4,27.7,198
2019-08-06 15:00:00,16.9,1.2,11.0,23.0,199
2019-08-06 16:00:00,16.9,1.2,10.7,22.3,200
2019-08-06 17:00:00,16.8,1.7,9.6,22.3,193
2019-08-06 18:00:00,16.4,1.4,8.3,23.0,178
2019-08-06 19:00:00,16.0,0.4,9.4,22.0,176
2019-08-06 20:00:00,15.9,0.6,10.5,19.8,172
2019-08-06 21:00:00,15.6,0.2,11.2,23.0,165
2019-08-06 22:00:00,15.4,0.2,11.6,23.8,158
2019-08-06 23:00:00,15.5,0.0,7.4,22.7,151
2019-08-07 00:00:00,15.3,0.0,8.6,20.9,165
2019-08-07 01:00:00,15.2,0.0,8.8,20.5,161
2019-08-07 02:00:00,15.2,0.0,9.8,20.2,152
2019-08-07 03:00:00,14.9,0.0,10.0,19.4,150
2019-08-07 04:00:00,14.6,0.0,9.7,19.1,149
2019-08-07 05:00:00,14.4,0.0,9.5,19.4,143
2019-08-07 06:00:00,14.6,0.0,10.2,19.1,141
2019-08-07 07:00:00,15.3,0.0,8.9,19.1,137
2019-08-07 08:00:00,16.3,0.0,9.7,22.3,141
2019-08-07 09:00:00,17.2,0.0,10.5,24.8,149
2019-08-07 10:00:00,18.3,0.0,8.3,24.5,162
2019-08-07 11:00:00,18.8,0.0,5.1,22.3,184
2019-08-07 12:00:00,19.3,0.0,3.9,19.4,202
2019-08-07 13:00:00,19.6,0.3,4.0,18.7,243
2019-08-07 14:00:00,19.5,0.0,5.7,19.8,288
2019-08-07 15:00:00,19.6,0.0,8.2,20.2,299
2019-08-07 16:00:00,19.6,0.0,9.4,23.4,317
2019-08-07 17:00:00,19.1,0.6,12.4,24.5,343
2019-08-07 18:00:00,18.8,0.0,9.0,18.4,355
2019-08-07 19:00:00,18.4,0.0,6.5,15.8,3
2019-08-07 20:00:00,17.6,0.0,2.5,13.3,352
2019-08-07 21:00:00,17.2,0.0,3.4,7.2,288
2019-08-07 22:00:00,15.9,0.0,4.7,7.9,274
2019-08-07 23:00:00,15.7,0.0,6.5,7.9,357
2019-08-08 00:00:00,16.0,0.0,4.7,7.2,23
2019-08-08 01:00:00,15.6,0.0,1.4,7.2,180
2019-08-08 02:00:00,15.7,0.0,4.6,7.6,225
2019-08-08 03:00:00,15.4,0.0,2.4,5.8,243
2019-08-08 04:00:00,14.5,0.0,0.8,5.4,63
2019-08-08 05:00:00,14.8,0.1,2.0,7.2,135
2019-08-08 06:00:00,15.0,0.0,2.2,9.4,171
2019-08-08 07:00:00,15.4,0.0,2.8,9.0,220
2019-08-08 08:00:00,16.3,0.0,4.0,11.9,270
2019-08-08 09:00:00,17.3,0.0,5.8,16.2,300
2019-08-08 10:00:00,18.2,0.0,7.7,21.2,311
2019-08-08 11:00:00,18.5,0.0,9.9,23.0,316
2019-08-08 12:00:00,18.9,0.0,9.7,26.3,318
2019-08-08 13:00:00,19.3,0.0,11.2,29.5,320
2019-08-08 14:00:00,18.9,0.0,13.0,31.7,321
2019-08-08 15:00:00,19.0,0.0,14.2,32.8,330
2019-08-08 16:00:00,18.6,0.0,14.6,34.2,327
2019-08-08 17:00:00,18.2,0.0,16.3,36.4,325
2019-08-08 18:00:00,17.8,0.0,17.4,38.2,333
2019-08-08 19:00:00,17.3,0.0,16.1,38.9,336
2019-08-08 20:00:00,16.8,0.0,14.5,31.7,330
2019-08-08 21:00:00,16.2,0.0,16.1,28.4,333
2019-08-08 22:00:00,15.7,0.0,16.8,29.9,337
2019-08-08 23:00:00,15.6,0.0,14.5,31.0,337
2019-08-09 00:00:00,15.3,0.0,14.5,30.6,337
2019-08-09 01:00:00,15.1,0.0,13.6,29.9,338
2019-08-09 02:00:00,15.0,0.0,12.2,28.4,346
2019-08-09 03:00:00,14.6,0.0,10.1,25.6,354
2019-08-09 04:00:00,14.5,0.0,6.8,20.2,3
2019-08-09 05:00:00,14.1,0.0,3.3,14.0,13
2019-08-09 06:00:00,15.1,0.0,2.9,9.7,330
2019-08-09 07:00:00,15.9,0.0,4.6,9.4,315
2019-08-09 08:00:00,16.8,0.0,5.4,13.3,352
2019-08-09 09:00:00,17.6,0.0,6.9,16.2,47
2019-08-09 10:00:00,18.5,0.0,4.5,16.9,104
2019-08-09 11:00:00,19.8,0.0,2.4,16.6,153
2019-08-09 12:00:00,20.2,0.0,4.3,17.6,228
2019-08-09 13:00:00,20.6,0.0,5.8,20.9,248
2019-08-09 14:00:00,21.2,0.0,3.3,20.5,276
2019-08-09 15:00:00,21.6,0.0,3.9,16.6,248
2019-08-09 16:00:00,21.4,0.0,3.0,17.3,256
2019-08-09 17:00:00,20.7,0.0,5.9,16.9,227
2019-08-09 18:00:00,20.0,0.0,7.9,15.5,219
2019-08-09 19:00:00,19.3,0.0,7.0,14.8,192
2019-08-09 20:00:00,18.5,0.0,5.7,15.5,145
2019-08-09 21:00:00,17.8,0.1,4.5,12.2,104
2019-08-09 22:00:00,17.3,0.6,1.3,12.2,56
2019-08-09 23:00:00,17.5,1.2,3.9,11.2,22
2019-08-10 00:00:00,16.8,0.9,4.2,13.7,59
2019-08-10 01:00:00,16.6,1.2,7.7,32.0,101
2019-08-10 02:00:00,16.7,1.1,11.2,37.1,94
2019-08-10 03:00:00,16.8,0.8,12.5,43.2,72
2019-08-10 04:00:00,16.8,0.1,12.1,27.0,67
2019-08-10 05:00:00,16.6,0.0,10.5,24.8,96
2019-08-10 06:00:00,16.8,0.1,10.0,25.6,120
2019-08-10 07:00:00,17.5,0.0,10.4,44.6,124
2019-08-10 08:00:00,17.8,0.1,11.3,28.8,117
2019-08-10 09:00:00,18.3,0.0,10.8,29.5,120
2019-08-10 10:00:00,18.1,0.1,12.9,42.8,144
2019-08-10 11:00:00,18.4,0.3,15.0,52.9,134
2019-08-10 12:00:00,18.4,0.8,16.6,54.0,139
2019-08-10 13:00:00,18.2,0.9,16.4,50.0,140
2019-08-10 14:00:00,18.6,1.9,15.1,48.2,142
2019-08-10 15:00:00,19.4,0.1,13.8,43.6,147
2019-08-10 16:00:00,19.6,0.1,11.3,43.9,149
2019-08-10 17:00:00,19.3,1.5,9.0,42.1,157
2019-08-10 18:00:00,18.3,3.1,10.9,38.9,171
2019-08-10 19:00:00,17.5,2.0,11.0,33.1,157
2019-08-10 20:00:00,17.4,3.7,10.0,30.2,142
2019-08-10 21:00:00,17.5,3.0,9.4,27.4,133
2019-08-10 22:00:00,17.5,1.8,11.0,26.6,139
2019-08-10 23:00:00,17.2,0.4,14.1,27.4,161
2019-08-11 00:00:00,17.2,0.6,15.9,35.6,162
2019-08-11 01:00:00,17.2,0.4,16.2,39.2,159
2019-08-11 02:00:00,16.9,0.6,14.0,38.2,145
2019-08-11 03:00:00,16.7,0.7,12.1,36.4,127
2019-08-11 04:00:00,16.8,0.5,11.7,32.4,124
2019-08-11 05:00:00,16.7,0.6,12.2,26.3,133
2019-08-11 06:00:00,16.7,1.4,11.8,24.5,149
2019-08-11 07:00:00,16.9,1.4,10.3,22.3,168
2019-08-11 08:00:00,17.0,1.6,8.4,24.1,190
2019-08-11 09:00:00,17.1,0.6,7.4,22.3,219
2019-08-11 10:00:00,17.1,0.4,9.3,24.5,234
2019-08-11 11:00:00,18.1,0.7,5.6,25.9,255
2019-08-11 12:00:00,18.2,0.3,9.7,28.8,248
2019-08-11 13:00:00,18.4,0.6,11.6,31.3,244
2019-08-11 14:00:00,18.5,0.2,12.2,30.2,242
2019-08-11 15:00:00,18.3,0.6,13.2,32.4,235
2019-08-11 16:00:00,18.2,0.2,9.2,31.3,228
2019-08-11 17:00:00,17.6,2.3,11.7,31.3,223
2019-08-11 18:00:00,17.3,2.1,10.1,32.4,215
2019-08-11 19:00:00,17.3,0.6,9.9,27.4,199
2019-08-11 20:00:00,17.0,0.7,10.0,22.7,195
2019-08-11 21:00:00,16.6,0.6,11.3,22.7,187
2019-08-11 22:00:00,16.5,1.3,11.9,26.3,183
2019-08-11 23:00:00,16.4,0.8,10.0,27.0,193
2019-08-12 00:00:00,16.2,0.5,8.3,27.4,178
2019-08-12 01:00:00,16.3,0.2,6.6,25.2,171
2019-08-12 02:00:00,16.1,0.3,4.7,24.1,148
2019-08-12 03:00:00,16.0,0.7,1.9,23.4,68
2019-08-12 04:00:00,15.8,1.3,4.7,18.7,9
2019-08-12 05:00:00,15.4,2.2,7.6,16.6,360
2019-08-12 06:00:00,15.1,2.1,10.5,29.2,352
2019-08-12 07:00:00,14.8,2.3,13.3,37.4,347
2019-08-12 08:00:00,14.6,1.8,16.3,29.9,342
2019-08-12 09:00:00,15.0,1.8,19.9,40.3,338
2019-08-12 10:00:00,15.3,1.5,21.7,44.3,336
2019-08-12 11:00:00,15.2,0.9,21.9,45.4,343
2019-08-12 12:00:00,15.4,0.7,20.3,46.4,337
2019-08-12 13:00:00,15.6,0.4,22.6,48.2,331
2019-08-12 14:00:00,15.3,0.4,24.0,51.8,330
2019-08-12 15:00:00,15.2,0.3,26.0,50.0,326
2019-08-12 16:00:00,14.8,0.3,25.9,48.2,322
2019-08-12 17:00:00,14.9,0.3,25.3,47.2,319
2019-08-12 18:00:00,14.4,0.2,25.2,46.4,317
2019-08-12 19:00:00,14.3,0.2,23.7,44.6,313
2019-08-12 20:00:00,14.1,1.0,23.0,47.9,311
2019-08-12 21:00:00,13.9,1.0,21.9,46.1,314
2019-08-12 22:00:00,13.8,0.7,21.4,45.4,316
2019-08-12 23:00:00,13.4,0.3,17.6,45.0,314
2019-08-13 00:00:00,13.2,0.3,18.6,43.6,317
2019-08-13 01:00:00,13.0,0.4,18.2,42.8,322
2019-08-13 02:00:00,12.8,0.5,18.3,40.3,324
2019-08-13 03:00:00,12.7,0.4,17.6,38.5,325
2019-08-13 04:00:00,12.6,0.3,17.5,36.0,328
2019-08-13 05:00:00,12.6,0.2,16.9,32.8,331
2019-08-13 06:00:00,12.5,0.1,17.2,31.0,331
2019-08-13 07:00:00,12.8,0.0,17.2,29.2,331
2019-08-13 08:00:00,13.2,0.5,16.3,35.3,329
2019-08-13 09:00:00,13.6,0.8,17.7,36.0,333
2019-08-13 10:00:00,13.6,0.7,18.1,36.7,337
2019-08-13 11:00:00,13.2,0.4,15.1,39.6,335
2019-08-13 12:00:00,13.7,0.2,15.0,38.9,333
2019-08-13 13:00:00,13.9,0.0,15.5,40.0,332
2019-08-13 14:00:00,14.2,0.0,15.3,38.9,333
2019-08-13 15:00:00,14.2,0.0,14.5,38.9,330
2019-08-13 16:00:00,14.0,0.0,14.3,38.9,326
2019-08-13 17:00:00,13.7,0.0,14.9,37.1,323
2019-08-13 18:00:00,13.5,0.0,13.1,35.6,323
2019-08-13 19:00:00,13.2,0.0,11.1,34.2,324
2019-08-13 20:00:00,12.8,0.2,9.0,25.6,323
2019-08-13 21:00:00,12.3,0.0,5.9,20.5,322
2019-08-13 22:00:00,11.7,0.0,4.6,13.7,321
2019-08-13 23:00:00,11.8,0.0,5.6,9.4,315
2019-08-14 00:00:00,11.9,0.0,5.1,8.3,315
2019-08-14 01:00:00,11.2,0.0,1.8,6.8,323
2019-08-14 02:00:00,11.4,0.1,2.8,8.6,140
2019-08-14 03:00:00,11.3,0.2,5.2,11.9,146
2019-08-14 04:00:00,11.2,0.3,5.0,15.5,159
2019-08-14 05:00:00,11.3,0.3,7.0,18.4,159
2019-08-14 06:00:00,11.5,0.4,8.8,22.0,168
2019-08-14 07:00:00,12.1,0.3,8.0,24.8,170
2019-08-14 08:00:00,12.5,0.3,8.8,22.0,171
2019-08-14 09:00:00,13.5,0.3,9.7,24.5,176
2019-08-14 10:00:00,13.9,0.4,10.1,25.9,186
2019-08-14 11:00:00,13.9,0.8,12.0,28.8,201
2019-08-14 12:00:00,14.4,0.4,12.4,28.8,210
2019-08-14 13:00:00,14.3,0.3,12.8,29.5,212
2019-08-14 14:00:00,14.7,0.3,12.8,30.6,218
2019-08-14 15:00:00,14.2,0.3,12.0,30.6,219
2019-08-14 16:00:00,14.6,0.3,11.5,30.2,221
2019-08-14 17:00:00,14.2,0.6,9.4,27.7,223
2019-08-14 18:00:00,14.0,0.3,8.9,26.6,212
2019-08-14 19:00:00,13.6,1.3,8.2,21.2,203
2019-08-14 20:00:00,12.6,0.3,5.2,18.7,196
2019-08-14 21:00:00,11.8,0.2,6.0,12.6,163
2019-08-14 22:00:00,11.4,0.0,4.4,11.9,145
2019-08-14 23:00:00,11.2,0.0,6.4,13.7,128
2019-08-15 00:00:00,11.1,0.0,7.5,15.5,125
2019-08-15 01:00:00,10.7,0.0,8.4,16.2,121
2019-08-15 02:00:00,10.3,0.0,9.0,16.2,119
2019-08-15 03:00:00,10.1,0.0,8.9,16.6,117
2019-08-15 04:00:00,9.8,0.0,9.2,17.6,111
2019-08-15 05:00:00,9.4,0.0,10.0,18.0,103
2019-08-15 06:00:00,9.5,0.0,10.5,19.4,94
2019-08-15 07:00:00,10.7,0.0,9.4,20.9,92
2019-08-15 08:00:00,11.9,0.0,8.6,20.2,92
2019-08-15 09:00:00,13.3,0.0,10.1,23.4,94
2019-08-15 10:00:00,14.7,0.0,10.2,24.1,98
2019-08-15 11:00:00,16.4,0.0,8.0,24.5,100
2019-08-15 12:00:00,17.6,0.0,8.3,24.5,95
2019-08-15 13:00:00,18.7,0.0,8.8,24.5,102
2019-08-15 14:00:00,19.5,0.0,8.5,24.5,118
2019-08-15 15:00:00,19.7,0.1,8.9,24.8,137
2019-08-15 16:00:00,18.9,0.5,8.0,27.0,175
2019-08-15 17:00:00,18.0,0.0,5.0,33.8,210
2019-08-15 18:00:00,17.1,0.2,4.6,31.3,231
2019-08-15 19:00:00,16.7,0.2,5.7,31.0,235
2019-08-15 20:00:00,16.4,0.7,4.2,25.6,211
2019-08-15 21:00:00,15.9,1.2,5.4,28.1,180
2019-08-15 22:00:00,15.2,2.1,4.7,29.9,157
2019-08-15 23:00:00,15.1,2.9,6.4,29.5,286
2019-08-16 00:00:00,14.7,3.4,10.0,29.9,308
2019-08-16 01:00:00,14.4,2.7,15.3,26.6,311
2019-08-16 02:00:00,13.9,0.6,15.3,29.9,309
2019-08-16 03:00:00,13.3,0.1,15.6,29.9,304
2019-08-16 04:00:00,12.8,0.0,13.5,28.8,304
2019-08-16 05:00:00,12.4,0.0,10.1,27.4,305
2019-08-16 06:00:00,12.4,0.0,6.6,23.4,299
2019-08-16 07:00:00,12.9,0.0,4.0,18.0,270
2019-08-16 08:00:00,13.6,0.0,6.1,13.0,242
2019-08-16 09:00:00,14.5,0.0,6.2,16.9,216
2019-08-16 10:00:00,15.2,0.0,9.4,22.7,182
2019-08-16 11:00:00,15.9,0.0,10.8,29.9,176
2019-08-16 12:00:00,16.3,0.0,15.1,34.2,177
2019-08-16 13:00:00,16.3,0.0,16.3,37.4,175
2019-08-16 14:00:00,16.0,0.0,18.1,38.5,173
2019-08-16 15:00:00,16.0,0.0,18.1,39.2,174
2019-08-16 16:00:00,15.4,0.0,15.8,39.6,168
2019-08-16 17:00:00,15.2,0.0,15.8,36.0,156
2019-08-16 18:00:00,15.0,0.0,17.5,37.1,148
2019-08-16 19:00:00,14.9,0.0,18.9,40.0,141
2019-08-16 20:00:00,14.7,0.1,20.5,41.0,141
2019-08-16 21:00:00,14.9,0.0,21.5,43.2,140
2019-08-16 22:00:00,14.9,0.0,22.4,46.1,136
2019-08-16 23:00:00,15.1,0.0,21.0,46.8,128
2019-08-17 00:00:00,15.5,0.0,21.7,45.0,130
2019-08-17 01:00:00,15.9,0.0,22.4,45.0,132
2019-08-17 02:00:00,15.8,0.0,23.2,46.1,133
2019-08-17 03:00:00,15.5,0.0,20.5,46.1,121
2019-08-17 04:00:00,15.3,0.0,18.2,43.9,108
2019-08-17 05:00:00,15.1,0.0,17.1,42.5,108
2019-08-17 06:00:00,14.8,0.5,15.8,41.0,114
2019-08-17 07:00:00,14.7,1.3,15.8,39.6,117
2019-08-17 08:00:00,14.6,1.7,16.0,39.2,121
2019-08-17 09:00:00,15.0,1.6,15.6,37.4,124
2019-08-17 10:00:00,15.4,1.4,16.1,36.0,132
2019-08-17 11:00:00,16.0,1.1,15.2,44.6,149
2019-08-17 12:00:00,16.2,1.5,17.9,44.6,150
2019-08-17 13:00:00,16.4,2.3,22.7,47.2,165
2019-08-17 14:00:00,16.6,2.5,27.0,60.1,179
2019-08-17 15:00:00,16.9,1.6,27.1,61.6,185
2019-08-17 16:00:00,17.2,0.3,27.4,56.2,185
2019-08-17 17:00:00,16.3,3.9,28.7,58.7,187
2019-08-17 18:00:00,16.1,1.0,24.7,59.4,188
2019-08-17 19:00:00,15.7,4.6,24.5,54.0,194
2019-08-17 20:00:00,14.9,3.0,21.5,50.0,194
2019-08-17 21:00:00,14.5,2.2,21.1,45.7,197
2019-08-17 22:00:00,14.2,2.7,19.0,42.1,195
2019-08-17 23:00:00,13.6,2.3,13.5,37.4,164
2019-08-18 00:00:00,13.4,1.0,15.5,34.9,155
2019-08-18 01:00:00,13.4,1.1,17.4,36.4,156
2019-08-18 02:00:00,13.5,0.5,18.1,39.2,149
2019-08-18 03:00:00,13.7,0.2,19.1,42.8,148
2019-08-18 04:00:00,13.6,0.2,18.9,42.8,149
2019-08-18 05:00:00,13.5,0.1,19.1,42.1,144
2019-08-18 06:00:00,13.4,0.2,19.6,41.0,137
2019-08-18 07:00:00,14.0,0.2,20.2,41.8,139
2019-08-18 08:00:00,14.2,0.3,21.4,43.6,144
2019-08-18 09:00:00,15.0,0.3,22.7,48.6,147
2019-08-18 10:00:00,15.6,0.3,25.9,53.6,155
2019-08-18 11:00:00,16.1,0.3,23.7,61.9,158
2019-08-18 12:00:00,16.2,0.4,24.8,65.2,163
2019-08-18 13:00:00,16.6,0.4,24.5,65.5,166
2019-08-18 14:00:00,16.5,0.4,24.6,63.0,169
2019-08-18 15:00:00,15.0,4.3,23.4,58.3,170
2019-08-18 16:00:00,15.3,1.2,20.6,50.0,168
2019-08-18 17:00:00,15.8,0.2,22.0,45.0,169
2019-08-18 18:00:00,15.8,0.2,18.6,43.9,158
2019-08-18 19:00:00,14.8,0.8,18.0,42.8,154
2019-08-18 20:00:00,14.5,0.3,19.5,39.2,161
2019-08-18 21:00:00,14.1,0.4,20.4,41.4,163
2019-08-18 22:00:00,13.9,0.2,21.4,43.2,160
2019-08-18 23:00:00,14.1,0.0,19.0,46.1,147
2019-08-19 00:00:00,14.2,0.2,20.8,49.0,150
2019-08-19 01:00:00,14.4,0.3,23.5,51.5,151
2019-08-19 02:00:00,14.4,0.4,25.7,56.9,146
2019-08-19 03:00:00,14.6,0.4,25.3,58.7,150
2019-08-19 04:00:00,14.2,0.5,24.3,59.0,159
2019-08-19 05:00:00,14.2,0.9,23.6,58.7,173
2019-08-19 06:00:00,13.9,1.9,21.0,58.0,185
2019-08-19 07:00:00,13.7,1.5,20.3,55.1,197
2019-08-19 08:00:00,13.7,2.1,21.5,42.5,198
2019-08-19 09:00:00,13.8,3.7,22.2,43.9,200
2019-08-19 10:00:00,13.7,0.9,19.9,42.1,200
2019-08-19 11:00:00,14.5,1.0,17.6,44.6,206
2019-08-19 12:00:00,14.0,4.2,20.6,46.4,207
2019-08-19 13:00:00,14.6,2.6,20.4,47.9,212
2019-08-19 14:00:00,14.5,2.3,20.2,46.8,215
2019-08-19 15:00:00,14.5,2.0,18.7,46.1,210
2019-08-19 16:00:00,14.7,3.1,20.8,45.7,206
2019-08-19 17:00:00,15.0,2.0,20.3,43.9,205
2019-08-19 18:00:00,14.8,2.6,20.3,42.1,203
2019-08-19 19:00:00,14.8,3.3,18.6,40.0,198
2019-08-19 20:00:00,14.6,2.6,18.5,37.1,193
2019-08-19 21:00:00,14.7,1.8,18.6,36.4,190
2019-08-19 22:00:00,14.5,0.9,18.9,36.7,188
2019-08-19 23:00:00,14.3,1.1,15.9,36.7,184
2019-08-20 00:00:00,14.4,0.6,15.9,37.1,184
2019-08-20 01:00:00,14.1,0.9,17.7,37.1,186
2019-08-20 02:00:00,13.8,0.9,18.2,37.1,189
2019-08-20 03:00:00,13.6,0.7,17.9,37.1,190
2019-08-20 04:00:00,13.8,0.7,17.1,39.6,187
2019-08-20 05:00:00,13.6,0.7,16.7,39.2,186
2019-08-20 06:00:00,13.6,0.8,16.7,38.2,187
2019-08-20 07:00:00,13.9,0.6,16.5,37.8,190
2019-08-20 08:00:00,14.1,1.8,14.8,34.6,193
2019-08-20 09:00:00,14.1,1.8,14.5,35.3,203
2019-08-20 10:00:00,14.6,2.1,15.1,35.3,220
2019-08-20 11:00:00,14.6,2.1,12.4,33.8,248
2019-08-20 12:00:00,14.8,1.4,10.5,34.6,248
2019-08-20 13:00:00,14.9,0.7,11.0,34.2,251
2019-08-20 14:00:00,15.0,1.2,13.7,33.1,256
2019-08-20 15:00:00,14.4,1.3,15.5,34.9,267
2019-08-20 16:00:00,15.0,0.1,14.0,33.5,282
2019-08-20 17:00:00,14.7,0.2,12.0,33.1,286
2019-08-20 18:00:00,14.5,0.0,12.3,30.6,285
2019-08-20 19:00:00,14.2,0.0,9.4,25.2,288
2019-08-20 20:00:00,13.5,0.1,5.9,20.5,284
2019-08-20 21:00:00,13.3,0.1,7.2,10.8,273
2019-08-20 22:00:00,13.3,0.1,6.8,12.2,270
2019-08-20 23:00:00,12.5,0.1,5.4,12.2,270
2019-08-21 00:00:00,12.0,0.2,6.5,11.5,289
2019-08-21 01:00:00,11.9,0.2,6.9,10.8,309
2019-08-21 02:00:00,11.5,0.2,7.7,11.2,323
2019-08-21 03:00:00,11.2,0.0,7.1,11.2,330
2019-08-21 04:00:00,11.1,0.0,6.7,11.2,344
2019-08-21 05:00:00,10.6,0.0,4.3,10.4,5
2019-08-21 06:00:00,11.3,0.0,1.8,7.6,360
2019-08-21 07:00:00,12.2,0.0,0.8,8.3,333
2019-08-21 08:00:00,12.9,0.2,3.1,10.8,234
2019-08-21 09:00:00,13.7,0.0,4.5,13.7,241
2019-08-21 10:00:00,14.0,0.0,5.7,15.1,235
2019-08-21 11:00:00,14.4,0.0,7.6,16.9,225
2019-08-21 12:00:00,14.8,0.0,7.9,20.9,219
2019-08-21 13:00:00,15.3,0.0,7.9,22.3,210
2019-08-21 14:00:00,15.7,0.0,9.5,24.8,205
2019-08-21 15:00:00,15.7,0.0,10.7,27.0,200
2019-08-21 16:00:00,15.7,0.0,11.6,31.0,196
2019-08-21 17:00:00,15.7,0.0,11.7,32.0,189
2019-08-21 18:00:00,15.1,0.0,13.3,32.0,178
2019-08-21 19:00:00,14.2,0.0,13.0,29.2,166
2019-08-21 20:00:00,13.2,0.0,13.7,25.9,153
2019-08-21 21:00:00,12.8,0.0,14.3,27.7,141
2019-08-21 22:00:00,12.8,0.0,15.5,29.9,134
2019-08-21 23:00:00,12.8,0.0,15.3,31.3,124
2019-08-22 00:00:00,13.0,0.0,16.4,32.4,123
2019-08-22 01:00:00,13.3,0.0,17.4,34.6,124
2019-08-22 02:00:00,13.6,0.1,18.4,38.2,125
2019-08-22 03:00:00,13.3,0.4,18.1,41.0,125
2019-08-22 04:00:00,13.2,1.3,18.4,41.8,130
2019-08-22 05:00:00,13.0,1.5,19.1,45.0,134
2019-08-22 06:00:00,12.9,1.8,19.6,49.7,133
2019-08-22 07:00:00,13.2,2.8,21.1,51.8,134
2019-08-22 08:00:00,13.3,3.0,20.5,52.6,142
2019-08-22 09:00:00,13.6,3.2,21.2,51.8,162
2019-08-22 10:00:00,14.8,2.3,19.8,45.4,181
2019-08-22 11:00:00,14.7,1.0,14.0,40.3,179
2019-08-22 12:00:00,15.5,1.4,14.3,37.1,190
2019-08-22 13:00:00,15.6,0.9,12.9,35.3,203
2019-08-22 14:00:00,15.9,1.1,13.0,34.6,214
2019-08-22 15:00:00,16.1,0.1,15.6,36.0,220
2019-08-22 16:00:00,16.1,0.1,14.2,36.0,204
2019-08-22 17:00:00,16.2,0.1,16.8,36.7,190
2019-08-22 18:00:00,15.7,0.0,19.1,37.8,182
2019-08-22 19:00:00,15.3,0.3,21.3,44.3,176
2019-08-22 20:00:00,14.9,0.5,22.0,44.3,170
2019-08-22 21:00:00,14.5,0.4,22.2,46.8,163
2019-08-22 22:00:00,14.6,0.4,22.8,49.0,159
2019-08-22 23:00:00,14.8,0.8,22.7,49.3,165
2019-08-23 00:00:00,14.4,2.7,21.9,47.5,166
2019-08-23 01:00:00,14.3,3.6,18.4,48.2,183
2019-08-23 02:00:00,14.9,3.1,19.5,45.7,210
2019-08-23 03:00:00,15.6,0.6,18.6,41.0,221
2019-08-23 04:00:00,15.7,0.3,17.3,41.0,222
2019-08-23 05:00:00,15.5,1.0,16.4,38.2,220
2019-08-23 06:00:00,15.3,0.9,17.8,38.5,216
2019-08-23 07:00:00,15.3,0.6,20.8,38.9,217
2019-08-23 08:00:00,15.3,0.4,23.3,42.5,218
2019-08-23 09:00:00,15.7,0.0,22.8,41.8,218
2019-08-23 10:00:00,15.6,0.2,21.7,44.3,220
2019-08-23 11:00:00,16.0,0.5,18.2,48.6,218
2019-08-23 12:00:00,16.2,0.3,18.8,47.9,216
2019-08-23 13:00:00,16.6,0.3,17.8,47.9,216
2019-08-23 14:00:00,16.6,0.2,16.7,47.5,213
2019-08-23 15:00:00,16.5,0.0,16.9,43.6,207
2019-08-23 16:00:00,16.2,0.2,14.7,37.1,197
2019-08-23 17:00:00,15.9,0.4,12.3,31.7,185
2019-08-23 18:00:00,15.7,0.7,11.6,25.9,173
2019-08-23 19:00:00,15.4,0.4,10.6,19.4,170
2019-08-23 20:00:00,15.4,0.4,10.9,21.6,172
2019-08-23 21:00:00,15.3,0.2,11.2,22.0,174
2019-08-23 22:00:00,15.3,0.1,12.6,24.5,182
2019-08-23 23:00:00,15.5,0.0,10.7,25.2,194
2019-08-24 00:00:00,15.6,0.0,9.7,24.8,195
2019-08-24 01:00:00,15.5,0.0,8.0,23.8,185
2019-08-24 02:00:00,15.4,0.0,8.0,21.6,170
2019-08-24 03:00:00,15.3,0.0,10.5,21.2,158
2019-08-24 04:00:00,15.1,0.0,13.2,23.8,151
2019-08-24 05:00:00,15.2,0.0,15.8,27.0,156
2019-08-24 06:00:00,15.4,0.0,16.3,30.6,155
2019-08-24 07:00:00,15.6,0.0,17.0,33.8,144
2019-08-24 08:00:00,16.0,0.0,18.1,36.0,139
2019-08-24 09:00:00,16.2,0.2,18.2,38.2,141
2019-08-24 10:00:00,16.8,0.3,18.6,39.2,148
2019-08-24 11:00:00,17.6,0.1,15.0,39.2,145
2019-08-24 12:00:00,18.5,0.0,16.3,42.8,155
2019-08-24 13:00:00,19.1,0.0,18.2,54.4,166
2019-08-24 14:00:00,19.5,0.0,19.8,57.2,170
2019-08-24 15:00:00,19.7,0.0,21.3,54.7,174
2019-08-24 16:00:00,19.6,0.0,21.0,53.6,173
2019-08-24 17:00:00,19.8,0.0,21.1,52.9,172
2019-08-24 18:00:00,19.5,0.0,21.1,48.6,172
2019-08-24 19:00:00,19.0,0.0,20.2,47.5,169
2019-08-24 20:00:00,18.6,0.0,19.6,40.7,166
2019-08-24 21:00:00,18.2,0.0,18.6,40.0,165
2019-08-24 22:00:00,18.2,0.0,18.3,38.2,164
2019-08-24 23:00:00,18.2,0.0,16.5,37.8,164
2019-08-25 00:00:00,18.1,0.0,17.9,39.2,165
2019-08-25 01:00:00,18.1,0.0,18.9,39.6,166
2019-08-25 02:00:00,18.0,0.0,19.3,40.0,166
2019-08-25 03:00:00,18.1,0.0,18.8,40.0,168
2019-08-25 04:00:00,18.1,0.0,17.9,39.2,171
2019-08-25 05:00:00,17.9,0.0,15.7,36.7,169
2019-08-25 06:00:00,17.7,0.0,14.1,31.3,165
2019-08-25 07:00:00,17.6,0.0,13.4,27.7,160
2019-08-25 08:00:00,18.5,0.0,13.6,28.1,158
2019-08-25 09:00:00,19.5,0.0,14.2,30.6,164
2019-08-25 10:00:00,19.9,0.0,18.4,35.3,178
2019-08-25 11:00:00,20.6,0.2,17.9,42.1,190
2019-08-25 12:00:00,20.9,0.3,17.5,42.8,199
2019-08-25 13:00:00,21.0,0.2,17.6,43.2,203
2019-08-25 14:00:00,20.9,0.0,16.2,42.5,201
2019-08-25 15:00:00,21.1,0.0,16.3,42.1,198
2019-08-25 16:00:00,20.7,0.0,14.1,40.7,195
2019-08-25 17:00:00,20.2,0.0,13.4,36.7,186
2019-08-25 18:00:00,19.7,0.0,11.9,32.4,182
2019-08-25 19:00:00,18.9,0.0,12.8,28.1,170
2019-08-25 20:00:00,17.3,0.0,12.0,26.3,164
2019-08-25 21:00:00,16.7,0.0,12.1,24.1,157
2019-08-25 22:00:00,16.6,0.0,11.4,24.1,152
2019-08-25 23:00:00,16.9,0.0,12.5,25.2,139
2019-08-26 00:00:00,16.9,0.0,13.5,28.4,136
2019-08-26 01:00:00,16.9,0.0,13.0,29.2,134
2019-08-26 02:00:00,16.6,0.0,13.5,28.8,134
2019-08-26 03:00:00,16.4,0.0,13.0,28.1,134
2019-08-26 04:00:00,16.0,0.0,13.7,27.4,135
2019-08-26 05:00:00,15.8,0.0,14.0,27.0,136
2019-08-26 06:00:00,15.9,0.0,14.0,26.6,138
2019-08-26 07:00:00,16.8,0.0,15.4,28.4,143
2019-08-26 08:00:00,18.5,0.0,16.4,32.4,147
2019-08-26 09:00:00,19.6,0.0,16.8,35.3,152
2019-08-26 10:00:00,20.7,0.0,19.9,40.7,158
2019-08-26 11:00:00,22.1,0.0,20.3,49.0,160
2019-08-26 12:00:00,23.4,0.0,21.6,51.8,162
2019-08-26 13:00:00,24.2,0.0,22.3,52.9,166
2019-08-26 14:00:00,24.4,0.0,22.6,52.9,172
2019-08-26 15:00:00,24.4,0.0,21.6,51.5,176
2019-08-26 16:00:00,24.2,0.0,20.2,47.2,177
2019-08-26 17:00:00,23.7,0.0,18.0,42.1,178
2019-08-26 18:00:00,22.7,0.0,18.4,39.2,181
2019-08-26 19:00:00,21.3,0.0,16.6,38.5,180
2019-08-26 20:00:00,19.6,0.0,14.9,33.5,173
2019-08-26 21:00:00,19.1,0.0,14.0,30.2,162
2019-08-26 22:00:00,18.9,0.0,13.4,28.8,156
2019-08-26 23:00:00,18.3,0.0,14.5,27.7,150
2019-08-27 00:00:00,18.3,0.0,13.5,27.0,146
2019-08-27 01:00:00,18.0,0.0,12.8,26.3,142
2019-08-27 02:00:00,17.7,0.0,12.2,25.2,137
2019-08-27 03:00:00,17.4,0.0,11.5,24.1,136
2019-08-27 04:00:00,17.4,0.0,10.2,23.8,135
2019-08-27 05:00:00,17.2,0.0,10.2,23.4,132
2019-08-27 06:00:00,17.1,0.0,10.5,23.8,131
2019-08-27 07:00:00,17.9,0.0,10.7,24.8,135
2019-08-27 08:00:00,18.9,0.0,10.6,23.4,145
2019-08-27 09:00:00,20.2,0.0,10.9,24.1,153
2019-08-27 10:00:00,21.5,0.0,12.4,26.6,163
2019-08-27 11:00:00,22.7,0.0,15.0,31.3,169
2019-08-27 12:00:00,23.4,0.0,17.0,36.4,175
2019-08-27 13:00:00,23.6,0.0,16.7,37.4,186
2019-08-27 14:00:00,23.4,0.0,15.1,37.4,198
2019-08-27 15:00:00,23.3,0.0,14.5,35.6,203
2019-08-27 16:00:00,22.9,0.0,13.5,33.8,205
2019-08-27 17:00:00,22.5,0.0,11.6,30.2,202
2019-08-27 18:00:00,21.5,0.0,9.4,26.6,182
2019-08-27 19:00:00,20.4,0.0,9.0,21.6,164
2019-08-27 20:00:00,18.6,0.0,7.9,19.1,150
2019-08-27 21:00:00,17.7,0.0,7.6,17.6,135
2019-08-27 22:00:00,17.9,0.0,7.9,18.4,129
2019-08-27 23:00:00,18.3,0.0,6.2,18.4,111
2019-08-28 00:00:00,18.0,0.0,7.0,17.6,102
2019-08-28 01:00:00,17.9,0.0,8.7,19.1,95
2019-08-28 02:00:00,18.2,0.0,9.5,27.7,101
2019-08-28 03:00:00,19.0,0.1,11.7,30.2,108
2019-08-28 04:00:00,19.2,0.0,16.0,27.0,113
2019-08-28 05:00:00,19.4,0.0,16.1,27.4,117
2019-08-28 06:00:00,19.7,0.0,14.7,24.5,115
2019-08-28 07:00:00,19.8,0.0,13.4,30.6,114
2019-08-28 08:00:00,20.7,0.0,11.9,27.4,119
2019-08-28 09:00:00,21.9,0.0,10.8,26.3,127
2019-08-28 10:00:00,23.0,0.0,12.0,24.8,134
2019-08-28 11:00:00,24.6,0.0,9.9,30.2,136
2019-08-28 12:00:00,25.4,0.0,13.0,36.0,152
2019-08-28 13:00:00,25.9,0.0,14.3,41.8,190
2019-08-28 14:00:00,25.9,0.0,16.4,42.5,213
2019-08-28 15:00:00,24.2,0.2,18.4,47.9,215
2019-08-28 16:00:00,22.4,1.7,19.1,45.7,202
2019-08-28 17:00:00,20.8,3.6,20.5,43.6,202
2019-08-28 18:00:00,19.1,5.3,19.3,43.2,189
2019-08-28 19:00:00,18.6,2.9,19.8,40.7,170
2019-08-28 20:00:00,18.4,4.2,18.5,41.4,173
2019-08-28 21:00:00,18.2,5.4,16.7,38.2,187
2019-08-28 22:00:00,18.1,3.1,16.2,41.8,197
2019-08-28 23:00:00,17.9,2.8,11.2,41.0,186
2019-08-29 00:00:00,17.8,2.3,10.2,39.2,198
2019-08-29 01:00:00,17.4,1.4,11.9,41.8,205
2019-08-29 02:00:00,17.0,0.3,13.5,44.6,205
2019-08-29 03:00:00,16.8,0.4,14.2,32.0,196
2019-08-29 04:00:00,16.9,0.4,14.4,32.4,183
2019-08-29 05:00:00,16.6,0.4,16.6,37.1,179
2019-08-29 06:00:00,16.1,1.0,19.7,43.2,188
2019-08-29 07:00:00,15.7,1.4,20.0,46.4,198
2019-08-29 08:00:00,15.3,1.5,18.3,40.3,212
2019-08-29 09:00:00,15.3,1.4,15.8,39.6,229
2019-08-29 10:00:00,15.5,1.6,14.7,36.0,242
2019-08-29 11:00:00,15.6,0.5,12.8,34.6,260
2019-08-29 12:00:00,15.7,0.2,12.0,36.4,263
2019-08-29 13:00:00,15.8,0.0,10.9,34.2,253
2019-08-29 14:00:00,16.0,0.0,9.2,31.0,239
2019-08-29 15:00:00,16.3,0.0,9.7,29.9,219
2019-08-29 16:00:00,16.4,0.0,11.6,31.0,202
2019-08-29 17:00:00,16.5,0.0,14.2,33.5,189
2019-08-29 18:00:00,16.3,0.0,17.6,38.2,180
2019-08-29 19:00:00,15.8,0.0,19.5,39.6,175
2019-08-29 20:00:00,15.4,0.0,20.5,41.0,169
2019-08-29 21:00:00,15.2,0.1,21.4,44.6,163
2019-08-29 22:00:00,15.1,0.4,21.7,46.4,161
2019-08-29 23:00:00,15.1,0.3,19.8,50.4,155
2019-08-30 00:00:00,15.2,0.4,23.5,51.1,155
2019-08-30 01:00:00,15.4,0.5,25.7,53.3,160
2019-08-30 02:00:00,15.5,0.5,27.2,55.8,160
2019-08-30 03:00:00,15.6,0.7,28.3,57.2,168
2019-08-30 04:00:00,15.9,0.9,29.9,59.8,178
2019-08-30 05:00:00,16.0,1.3,29.0,62.6,186
2019-08-30 06:00:00,16.3,1.9,28.8,61.9,189
2019-08-30 07:00:00,16.6,1.6,27.1,59.8,185
2019-08-30 08:00:00,16.6,1.0,27.0,56.9,182
2019-08-30 09:00:00,16.2,1.3,28.8,57.2,180
2019-08-30 10:00:00,16.2,2.1,31.0,61.2,183
2019-08-30 11:00:00,16.0,2.1,30.3,64.8,183
2019-08-30 12:00:00,15.9,2.5,31.2,69.5,187
2019-08-30 13:00:00,15.9,2.0,33.4,68.8,188
2019-08-30 14:00:00,16.4,1.3,33.3,68.4,186
2019-08-30 15:00:00,16.4,1.2,34.7,65.9,184
2019-08-30 16:00:00,16.4,2.1,34.9,72.7,179
2019-08-30 17:00:00,16.4,2.2,36.7,81.7,180
2019-08-30 18:00:00,16.2,3.3,36.4,79.9,178
2019-08-30 19:00:00,16.3,4.1,34.9,77.8,178
2019-08-30 20:00:00,16.7,2.1,32.4,72.4,178
2019-08-30 21:00:00,17.1,2.1,32.1,70.6,183
2019-08-30 22:00:00,17.3,2.0,30.6,68.8,189
2019-08-30 23:00:00,17.3,2.5,28.0,62.6,198
2019-08-31 00:00:00,17.4,2.1,26.4,56.9,200
2019-08-31 01:00:00,17.3,1.7,22.6,50.8,202
2019-08-31 02:00:00,17.2,1.3,19.5,46.1,203
2019-08-31 03:00:00,17.0,1.4,17.7,40.7,200
2019-08-31 04:00:00,16.8,1.7,18.4,38.2,191
2019-08-31 05:00:00,16.7,4.2,21.3,48.6,184
2019-08-31 06:00:00,17.0,2.8,27.0,65.5,177
2019-08-31 07:00:00,17.0,0.7,32.2,70.9,174
2019-08-31 08:00:00,17.3,0.6,32.9,69.5,167
2019-08-31 09:00:00,17.4,0.0,28.4,65.5,158
2019-08-31 10:00:00,18.3,0.0,26.6,59.4,153
2019-08-31 11:00:00,19.2,0.0,26.6,59.0,152
2019-08-31 12:00:00,19.8,0.0,29.8,64.4,153
2019-08-31 13:00:00,19.8,0.0,31.9,65.9,160
2019-08-31 14:00:00,19.7,0.1,29.0,63.7,166
2019-08-31 15:00:00,19.6,0.2,31.2,73.4,169
2019-08-31 16:00:00,19.5,0.0,33.3,73.1,167
2019-08-31 17:00:00,19.1,0.0,33.7,72.0,164
2019-08-31 18:00:00,18.8,0.0,34.0,70.2,162
2019-08-31 19:00:00,18.9,0.0,34.0,69.5,162
2019-08-31 20:00:00,19.1,0.1,34.9,71.3,164
2019-08-31 21:00:00,18.5,0.2,35.1,81.4,165
2019-08-31 22:00:00,18.4,0.6,34.1,81.4,164
2019-08-31 23:00:00,17.7,2.2,31.5,86.8,166
2019-09-01 00:00:00,16.7,3.3,34.2,88.6,182
2019-09-01 01:00:00,14.6,2.3,27.1,83.5,210
2019-09-01 02:00:00,13.7,0.3,20.7,73.4,219
2019-09-01 03:00:00,13.5,0.0,17.2,48.6,206
2019-09-01 04:00:00,13.0,0.2,17.0,45.7,193
2019-09-01 05:00:00,12.6,0.6,17.1,42.5,195
2019-09-01 06:00:00,12.7,0.7,19.1,37.4,196
2019-09-01 07:00:00,12.9,0.4,19.6,37.1,194
2019-09-01 08:00:00,13.6,0.6,22.2,42.1,197
2019-09-01 09:00:00,13.7,1.2,21.7,45.0,199
2019-09-01 10:00:00,14.2,1.7,21.6,48.2,204
2019-09-01 11:00:00,14.0,1.3,17.3,49.0,211
2019-09-01 12:00:00,13.7,2.0,16.4,49.7,213
2019-09-01 13:00:00,13.5,2.5,16.6,48.2,221
2019-09-01 14:00:00,14.0,0.4,13.8,43.9,242
2019-09-01 15:00:00,13.3,1.8,14.3,38.2,280
2019-09-01 16:00:00,13.5,1.0,12.7,32.8,305
2019-09-01 17:00:00,13.0,2.5,10.7,27.0,315
2019-09-01 18:00:00,12.4,1.3,11.2,28.8,318
2019-09-01 19:00:00,11.8,0.4,11.5,29.5,319
2019-09-01 20:00:00,11.8,0.3,12.5,24.5,319
2019-09-01 21:00:00,11.6,0.0,13.2,27.4,325
2019-09-01 22:00:00,11.3,0.0,13.7,28.1,330
2019-09-01 23:00:00,11.6,0.0,13.0,28.4,332
2019-09-02 00:00:00,11.1,0.0,12.2,27.0,332
2019-09-02 01:00:00,10.9,0.0,12.2,24.8,336
2019-09-02 02:00:00,10.7,0.0,12.0,23.4,339
2019-09-02 03:00:00,10.3,0.0,11.4,21.2,332
2019-09-02 04:00:00,10.2,0.0,11.0,19.4,328
2019-09-02 05:00:00,9.9,0.0,10.0,18.0,330
2019-09-02 06:00:00,9.2,0.0,9.2,16.2,329
2019-09-02 07:00:00,10.3,0.0,8.1,13.3,328
2019-09-02 08:00:00,11.6,0.0,5.9,15.8,322
2019-09-02 09:00:00,12.2,0.0,3.8,14.4,311
2019-09-02 10:00:00,12.7,0.0,3.2,13.7,243
2019-09-02 11:00:00,13.0,0.1,5.4,17.6,266
2019-09-02 12:00:00,13.3,0.2,7.2,23.8,233
2019-09-02 13:00:00,13.5,0.2,10.2,28.4,222
2019-09-02 14:00:00,13.7,0.2,12.2,32.0,204
2019-09-02 15:00:00,13.9,0.4,15.8,34.9,197
2019-09-02 16:00:00,14.0,0.4,17.6,36.0,195
2019-09-02 17:00:00,13.9,0.0,17.5,37.1,188
2019-09-02 18:00:00,13.7,0.0,17.7,37.8,176
2019-09-02 19:00:00,13.0,0.1,18.9,38.2,167
2019-09-02 20:00:00,12.3,0.4,20.8,40.7,152
2019-09-02 21:00:00,11.8,1.1,23.1,45.4,143
2019-09-02 22:00:00,11.2,1.6,23.7,47.2,136
2019-09-02 23:00:00,11.1,2.3,19.1,47.9,122
2019-09-03 00:00:00,11.1,3.4,20.7,49.7,121
2019-09-03 01:00:00,11.6,2.7,18.9,58.7,130
2019-09-03 02:00:00,12.1,3.2,12.7,62.6,125
2019-09-03 03:00:00,12.7,1.8,7.2,52.2,108
2019-09-03 04:00:00,13.0,1.0,4.6,41.4,39
2019-09-03 05:00:00,12.2,1.2,8.8,24.8,351
2019-09-03 06:00:00,11.6,0.7,13.1,22.0,339
2019-09-03 07:00:00,11.8,0.0,14.5,27.0,337
2019-09-03 08:00:00,12.5,0.0,15.5,30.6,338
2019-09-03 09:00:00,13.1,0.0,16.9,34.6,336
2019-09-03 10:00:00,13.1,0.1,18.7,38.5,335
2019-09-03 11:00:00,13.3,0.0,16.1,38.9,333
2019-09-03 12:00:00,13.8,0.0,16.8,39.6,329
2019-09-03 13:00:00,14.0,0.0,16.9,39.2,326
2019-09-03 14:00:00,14.3,0.0,16.5,38.2,324
2019-09-03 15:00:00,14.1,0.0,15.2,36.7,324
2019-09-03 16:00:00,14.2,0.0,12.9,33.8,324
2019-09-03 17:00:00,13.9,0.0,11.1,29.9,324
2019-09-03 18:00:00,13.4,0.0,9.2,25.2,318
2019-09-03 19:00:00,12.6,0.0,5.9,19.1,313
2019-09-03 20:00:00,11.1,0.0,5.7,11.9,305
2019-09-03 21:00:00,11.5,0.0,3.2,9.0,270
2019-09-03 22:00:00,10.5,0.0,3.8,6.8,197
2019-09-03 23:00:00,10.0,0.0,5.8,9.7,150
2019-09-04 00:00:00,10.2,0.0,8.1,14.8,135
2019-09-04 01:00:00,10.1,0.0,11.7,19.8,135
2019-09-04 02:00:00,10.2,0.0,14.0,21.6,134
2019-09-04 03:00:00,10.3,0.0,13.0,22.0,136
2019-09-04 04:00:00,10.6,0.1,13.7,21.6,125
2019-09-04 05:00:00,10.9,0.2,12.0,23.8,123
2019-09-04 06:00:00,11.1,0.8,13.6,27.0,107
2019-09-04 07:00:00,10.7,1.5,16.9,28.4,101
2019-09-04 08:00:00,10.3,2.1,16.4,42.1,105
2019-09-04 09:00:00,10.6,2.8,14.2,39.6,114
2019-09-04 10:00:00,11.3,3.5,13.0,32.4,124
2019-09-04 11:00:00,11.9,3.5,6.1,28.4,87
2019-09-04 12:00:00,12.1,1.5,5.7,23.8,108
2019-09-04 13:00:00,12.6,1.9,6.5,21.6,109
2019-09-04 14:00:00,13.1,2.2,5.0,19.8,120
2019-09-04 15:00:00,13.1,2.0,2.1,19.4,149
2019-09-04 16:00:00,13.4,1.3,2.7,20.2,247
2019-09-04 17:00:00,13.3,0.6,7.9,20.5,273
2019-09-04 18:00:00,13.2,0.3,10.5,20.5,274
2019-09-04 19:00:00,12.5,0.2,11.9,20.2,273
2019-09-04 20:00:00,11.9,0.0,12.3,23.4,273
2019-09-04 21:00:00,11.9,0.0,10.1,23.0,268
2019-09-04 22:00:00,11.9,0.0,10.7,20.9,250
2019-09-04 23:00:00,11.7,0.0,9.2,16.9,259
2019-09-05 00:00:00,11.5,0.3,5.9,18.0,218
2019-09-05 01:00:00,10.6,0.5,5.8,16.2,240
2019-09-05 02:00:00,10.9,0.7,10.6,16.9,342
2019-09-05 03:00:00,10.4,0.7,15.4,19.4,349
2019-09-05 04:00:00,10.5,0.5,16.2,30.6,343
2019-09-05 05:00:00,10.5,0.5,17.4,39.2,333
2019-09-05 06:00:00,10.6,0.3,19.2,41.0,330
2019-09-05 07:00:00,10.5,0.3,21.0,41.4,329
2019-09-05 08:00:00,10.7,0.6,22.4,44.3,332
2019-09-05 09:00:00,11.4,0.5,21.9,47.9,333
2019-09-05 10:00:00,12.2,0.4,22.2,47.9,333
2019-09-05 11:00:00,12.0,0.3,23.7,48.6,330
2019-09-05 12:00:00,12.3,0.2,23.4,52.6,331
2019-09-05 13:00:00,12.7,0.2,24.9,54.7,329
2019-09-05 14:00:00,12.4,0.1,25.7,56.2,323
2019-09-05 15:00:00,12.2,0.1,25.1,56.2,322
2019-09-05 16:00:00,12.1,0.0,22.1,54.0,323
2019-09-05 17:00:00,11.7,0.0,20.4,49.3,318
2019-09-05 18:00:00,11.4,0.0,20.2,46.1,311
2019-09-05 19:00:00,11.2,0.0,16.6,41.8,312
2019-09-05 20:00:00,11.0,0.1,11.8,33.1,308
2019-09-05 21:00:00,10.9,0.1,8.6,23.8,292
2019-09-05 22:00:00,10.4,0.0,6.9,17.6,276
2019-09-05 23:00:00,9.2,0.0,6.6,13.3,221
2019-09-06 00:00:00,8.9,0.0,7.7,12.6,191
2019-09-06 01:00:00,9.3,0.0,11.7,16.6,171
2019-09-06 02:00:00,9.5,0.2,14.5,24.1,153
2019-09-06 03:00:00,9.6,0.6,17.3,31.3,149
2019-09-06 04:00:00,9.7,1.1,17.7,38.2,153
2019-09-06 05:00:00,9.7,1.1,14.9,40.7,165
2019-09-06 06:00:00,9.9,1.3,12.7,39.6,165
2019-09-06 07:00:00,10.0,1.1,13.0,36.4,152
2019-09-06 08:00:00,9.9,0.7,15.4,30.6,147
2019-09-06 09:00:00,10.3,0.8,18.1,34.2,139
2019-09-06 10:00:00,10.7,1.5,19.6,37.8,134
2019-09-06 11:00:00,11.7,0.6,18.7,43.9,124
2019-09-06 12:00:00,12.0,0.9,18.9,44.3,125
2019-09-06 13:00:00,12.3,0.5,15.6,44.6,130
2019-09-06 14:00:00,12.8,1.2,14.3,43.2,146
2019-09-06 15:00:00,13.0,0.7,12.9,37.1,162
2019-09-06 16:00:00,13.3,0.8,11.2,33.1,178
2019-09-06 17:00:00,13.5,1.6,9.9,26.6,190
2019-09-06 18:00:00,13.1,0.5,8.8,22.0,199
2019-09-06 19:00:00,12.3,0.7,7.4,15.8,194
2019-09-06 20:00:00,11.8,0.6,6.2,15.8,190
2019-09-06 21:00:00,11.5,0.4,5.1,14.0,184
2019-09-06 22:00:00,11.1,0.3,4.8,11.5,167
2019-09-06 23:00:00,11.0,0.2,1.8,9.7,90
2019-09-07 00:00:00,10.6,0.1,3.4,7.6,58
2019-09-07 01:00:00,11.0,0.2,3.9,7.2,34
2019-09-07 02:00:00,10.8,0.2,6.5,12.6,3
2019-09-07 03:00:00,10.8,0.2,9.5,19.4,351
2019-09-07 04:00:00,11.0,0.0,14.1,23.4,354
2019-09-07 05:00:00,11.2,0.0,15.2,26.3,356
2019-09-07 06:00:00,11.0,0.0,15.9,28.4,355
2019-09-07 07:00:00,11.2,0.0,17.5,33.5,352
2019-09-07 08:00:00,12.0,0.0,19.1,35.6,349
2019-09-07 09:00:00,12.8,0.0,20.5,40.0,349
2019-09-07 10:00:00,13.3,0.0,23.2,45.7,348
2019-09-07 11:00:00,14.5,0.0,19.1,49.7,356
2019-09-07 12:00:00,14.9,0.0,20.3,50.4,353
2019-09-07 13:00:00,15.6,0.0,22.5,50.8,348
2019-09-07 14:00:00,15.7,0.0,25.0,53.3,345
2019-09-07 15:00:00,15.5,0.0,26.1,55.8,345
2019-09-07 16:00:00,15.4,0.0,25.8,56.5,345
2019-09-07 17:00:00,15.0,0.0,24.9,55.1,342
2019-09-07 18:00:00,14.3,0.0,24.7,50.8,344
2019-09-07 19:00:00,13.3,0.0,23.3,49.7,347
2019-09-07 20:00:00,12.8,0.0,21.3,45.0,348
2019-09-07 21:00:00,12.0,0.0,19.1,39.6,348
2019-09-07 22:00:00,11.7,0.0,18.0,34.9,348
2019-09-07 23:00:00,11.1,0.0,13.7,32.8,360
2019-09-08 00:00:00,10.7,0.0,10.2,28.8,8
2019-09-08 01:00:00,10.5,0.0,8.4,22.7,7
2019-09-08 02:00:00,10.0,0.0,7.6,18.4,5
2019-09-08 03:00:00,9.7,0.0,7.0,16.2,12
2019-09-08 04:00:00,9.2,0.0,6.8,14.0,18
2019-09-08 05:00:00,9.1,0.0,5.9,13.3,38
2019-09-08 06:00:00,9.0,0.0,4.9,11.9,54
2019-09-08 07:00:00,10.0,0.0,3.1,10.8,54
2019-09-08 08:00:00,11.4,0.0,4.1,11.2,75
2019-09-08 09:00:00,13.0,0.0,2.5,11.5,90
2019-09-08 10:00:00,13.8,0.0,2.9,12.6,120
2019-09-08 11:00:00,16.0,0.0,5.4,16.2,176
2019-09-08 12:00:00,16.7,0.0,7.2,19.4,186
2019-09-08 13:00:00,16.5,0.0,9.0,20.9,196
2019-09-08 14:00:00,16.6,0.0,9.3,21.2,208
2019-09-08 15:00:00,16.7,0.0,7.9,20.9,231
2019-09-08 16:00:00,16.5,0.0,6.9,19.8,242
2019-09-08 17:00:00,15.9,0.0,6.0,18.7,253
2019-09-08 18:00:00,14.9,0.0,4.7,14.8,266
2019-09-08 19:00:00,13.7,0.0,4.4,9.4,279
2019-09-08 20:00:00,13.2,0.0,2.6,7.6,304
2019-09-08 21:00:00,10.6,0.0,0.8,5.8,27
2019-09-08 22:00:00,10.7,0.0,2.2,6.5,99
2019-09-08 23:00:00,10.1,0.0,4.9,7.9,73
2019-09-09 00:00:00,10.1,0.0,4.7,8.6,86
2019-09-09 01:00:00,10.7,0.0,4.0,9.0,90
2019-09-09 02:00:00,10.8,0.0,4.7,9.7,94
2019-09-09 03:00:00,10.6,0.0,6.1,11.2,93
2019-09-09 04:00:00,10.7,0.0,7.7,13.3,101
2019-09-09 05:00:00,10.4,0.0,7.6,14.0,93
2019-09-09 06:00:00,10.4,0.0,7.9,14.0,87
2019-09-09 07:00:00,11.5,0.0,8.8,15.1,81
2019-09-09 08:00:00,12.3,0.0,8.5,18.4,78
2019-09-09 09:00:00,14.1,0.0,7.3,17.6,81
2019-09-09 10:00:00,15.1,0.0,7.2,16.9,90
2019-09-09 11:00:00,16.1,0.0,7.3,16.9,79
2019-09-09 12:00:00,16.5,0.0,9.0,16.9,88
2019-09-09 13:00:00,16.9,0.0,8.7,16.6,95
2019-09-09 14:00:00,16.6,0.0,6.0,15.8,115
2019-09-09 15:00:00,16.9,0.0,3.6,14.8,143
2019-09-09 16:00:00,16.6,0.0,3.0,14.8,166
2019-09-09 17:00:00,16.1,0.0,2.2,12.2,171
2019-09-09 18:00:00,15.7,0.0,1.5,7.9,135
2019-09-09 19:00:00,14.6,0.1,1.8,6.5,169
2019-09-09 20:00:00,14.5,0.5,2.9,8.3,270
2019-09-09 21:00:00,14.2,0.5,4.7,8.6,302
2019-09-09 22:00:00,13.4,0.2,5.2,7.9,326
2019-09-09 23:00:00,12.1,0.0,6.2,8.3,7
2019-09-10 00:00:00,11.8,0.0,4.7,8.6,356
2019-09-10 01:00:00,12.1,0.0,5.1,9.7,356
2019-09-10 02:00:00,12.0,0.0,5.4,10.4,360
2019-09-10 03:00:00,12.0,0.0,5.4,12.6,356
2019-09-10 04:00:00,11.6,0.0,5.1,13.0,356
2019-09-10 05:00:00,11.4,0.0,5.4,13.7,356
2019-09-10 06:00:00,11.4,0.0,5.4,13.7,352
2019-09-10 07:00:00,11.5,0.0,6.5,13.7,360
2019-09-10 08:00:00,12.3,0.0,5.4,13.3,4
2019-09-10 09:00:00,13.7,0.0,5.4,13.3,340
2019-09-10 10:00:00,14.7,0.0,6.4,17.3,333
2019-09-10 11:00:00,16.1,0.0,6.9,20.2,332
2019-09-10 12:00:00,16.5,0.0,9.4,23.4,320
2019-09-10 13:00:00,16.7,0.0,11.6,25.9,324
2019-09-10 14:00:00,16.5,0.0,11.4,27.4,325
2019-09-10 15:00:00,16.3,0.0,11.2,28.1,312
2019-09-10 16:00:00,16.1,0.0,12.1,28.4,307
2019-09-10 17:00:00,15.6,0.0,10.9,27.4,304
2019-09-10 18:00:00,15.1,0.0,5.1,23.8,309
2019-09-10 19:00:00,14.3,0.0,6.2,11.2,263
2019-09-10 20:00:00,13.9,0.0,6.8,12.6,238
2019-09-10 21:00:00,13.9,0.0,8.4,14.8,205
2019-09-10 22:00:00,13.8,0.0,11.5,20.5,178
2019-09-10 23:00:00,13.4,0.0,14.6,29.5,164
2019-09-11 00:00:00,13.7,0.0,18.4,36.0,168
2019-09-11 01:00:00,13.8,0.0,22.3,42.8,171
2019-09-11 02:00:00,14.0,0.0,24.9,50.0,169
2019-09-11 03:00:00,14.0,0.0,27.7,54.4,159
2019-09-11 04:00:00,14.0,0.0,28.7,57.6,160
2019-09-11 05:00:00,13.9,0.0,30.4,63.4,159
2019-09-11 06:00:00,13.6,1.1,31.6,65.2,156
2019-09-11 07:00:00,12.8,2.2,33.0,71.3,156
2019-09-11 08:00:00,12.7,1.9,32.0,76.3,157
2019-09-11 09:00:00,12.8,2.1,31.0,76.7,162
2019-09-11 10:00:00,13.2,1.8,30.1,65.2,161
2019-09-11 11:00:00,13.5,2.2,27.5,64.8,166
2019-09-11 12:00:00,14.0,2.4,21.3,60.8,177
2019-09-11 13:00:00,14.2,2.1,16.7,49.7,186
2019-09-11 14:00:00,14.8,1.1,17.0,42.8,216
2019-09-11 15:00:00,14.6,2.2,21.7,37.8,238
2019-09-11 16:00:00,14.4,1.3,22.6,43.2,245
2019-09-11 17:00:00,14.4,0.5,18.8,44.3,241
2019-09-11 18:00:00,13.8,0.9,18.4,42.1,239
2019-09-11 19:00:00,13.3,1.3,20.1,42.1,243
2019-09-11 20:00:00,13.1,0.7,18.5,39.2,243
2019-09-11 21:00:00,13.2,0.1,16.6,35.3,240
2019-09-11 22:00:00,12.9,0.6,18.4,38.5,242
2019-09-11 23:00:00,13.2,0.3,14.9,40.3,233
2019-09-12 00:00:00,13.1,0.3,16.3,39.6,235
2019-09-12 01:00:00,13.3,0.3,16.5,40.0,238
2019-09-12 02:00:00,13.3,0.3,17.4,38.2,236
2019-09-12 03:00:00,13.1,0.7,17.3,39.6,234
2019-09-12 04:00:00,12.9,0.5,16.9,40.0,230
2019-09-12 05:00:00,13.0,0.4,18.4,40.7,228
2019-09-12 06:00:00,12.9,0.6,20.3,41.0,233
2019-09-12 07:00:00,13.0,0.7,19.3,40.7,237
2019-09-12 08:00:00,13.3,0.5,19.7,38.5,235
2019-09-12 09:00:00,13.3,0.3,21.5,41.0,235
2019-09-12 10:00:00,14.1,0.2,20.7,41.8,235
2019-09-12 11:00:00,13.8,1.0,20.4,47.5,234
2019-09-12 12:00:00,13.9,0.3,20.4,47.5,238
2019-09-12 13:00:00,13.7,1.0,20.6,47.2,237
2019-09-12 14:00:00,14.0,0.4,21.0,46.1,239
2019-09-12 15:00:00,13.2,2.2,17.7,49.0,237
2019-09-12 16:00:00,13.0,2.1,18.1,49.3,235
2019-09-12 17:00:00,13.1,0.9,20.3,48.2,237
2019-09-12 18:00:00,12.6,3.1,20.3,46.4,245
2019-09-12 19:00:00,12.2,2.1,19.6,45.7,250
2019-09-12 20:00:00,12.0,1.8,17.3,39.6,253
2019-09-12 21:00:00,11.7,1.4,17.3,38.2,258
2019-09-12 22:00:00,11.8,1.4,15.9,36.0,275
2019-09-12 23:00:00,11.7,1.2,11.3,34.6,279
2019-09-13 00:00:00,11.2,1.0,13.6,34.9,292
2019-09-13 01:00:00,11.0,1.6,11.8,34.9,308
2019-09-13 02:00:00,11.0,0.5,8.4,33.5,317
2019-09-13 03:00:00,11.1,1.4,7.5,29.9,305
2019-09-13 04:00:00,11.2,3.0,9.4,32.0,272
2019-09-13 05:00:00,10.9,4.4,10.1,32.0,270
2019-09-13 06:00:00,10.5,1.1,9.1,32.4,263
2019-09-13 07:00:00,10.6,1.0,8.8,31.3,258
2019-09-13 08:00:00,10.8,0.4,11.3,30.2,263
2019-09-13 09:00:00,11.1,1.0,11.9,36.4,270
2019-09-13 10:00:00,12.0,0.6,14.4,38.5,267
2019-09-13 11:00:00,12.6,0.4,16.9,41.4,259
2019-09-13 12:00:00,13.3,0.3,18.2,45.7,256
2019-09-13 13:00:00,12.8,2.3,21.9,48.6,256
2019-09-13 14:00:00,12.9,0.3,21.3,51.8,259
2019-09-13 15:00:00,12.7,0.2,24.5,52.6,267
2019-09-13 16:00:00,12.9,0.2,20.5,55.1,271
2019-09-13 17:00:00,12.0,0.7,25.3,54.7,275
2019-09-13 18:00:00,11.6,1.2,20.3,50.8,277
2019-09-13 19:00:00,11.3,1.2,21.3,47.5,275
2019-09-13 20:00:00,11.6,2.3,20.3,44.3,276
2019-09-13 21:00:00,11.2,1.2,17.3,44.3,274
2019-09-13 22:00:00,10.7,0.3,16.6,38.9,268
2019-09-13 23:00:00,11.1,0.4,12.6,36.4,257
2019-09-14 00:00:00,11.0,0.7,14.1,35.6,255
2019-09-14 01:00:00,11.2,0.2,13.3,32.8,257
2019-09-14 02:00:00,11.6,0.1,10.4,29.5,256
2019-09-14 03:00:00,11.7,0.2,9.2,28.4,249
2019-09-14 04:00:00,11.8,0.1,9.8,28.1,246
2019-09-14 05:00:00,11.9,0.0,7.6,25.9,245
2019-09-14 06:00:00,11.8,0.0,6.7,25.6,234
2019-09-14 07:00:00,12.0,0.1,6.6,25.9,225
2019-09-14 08:00:00,12.2,0.0,8.4,18.0,211
2019-09-14 09:00:00,13.1,0.0,11.3,23.8,207
2019-09-14 10:00:00,13.2,0.0,15.6,33.8,206
2019-09-14 11:00:00,13.0,0.2,17.0,40.3,197
2019-09-14 12:00:00,12.7,0.4,22.8,47.2,196
2019-09-14 13:00:00,12.4,1.4,29.0,57.6,194
2019-09-14 14:00:00,12.5,2.3,31.5,64.1,191
2019-09-14 15:00:00,12.5,2.0,34.6,68.0,188
2019-09-14 16:00:00,12.6,2.1,36.3,69.5,194
2019-09-14 17:00:00,12.8,4.0,36.7,74.2,191
2019-09-14 18:00:00,13.1,6.6,35.9,76.0,196
2019-09-14 19:00:00,13.6,7.5,31.7,73.1,201
2019-09-14 20:00:00,14.2,4.6,28.5,65.5,212
2019-09-14 21:00:00,14.2,4.2,34.7,74.2,239
2019-09-14 22:00:00,13.8,1.9,34.0,78.1,252
2019-09-14 23:00:00,13.7,1.1,30.6,74.9,249
2019-09-15 00:00:00,12.9,0.4,31.2,70.2,249
2019-09-15 01:00:00,12.4,0.3,31.0,66.2,252
2019-09-15 02:00:00,11.7,0.8,31.5,72.4,251
2019-09-15 03:00:00,12.2,0.0,32.8,72.0,253
2019-09-15 04:00:00,11.6,0.2,33.2,68.4,257
2019-09-15 05:00:00,11.7,0.0,31.6,72.7,255
2019-09-15 06:00:00,11.4,0.1,33.4,80.6,256
2019-09-15 07:00:00,11.3,0.3,35.0,82.8,253
2019-09-15 08:00:00,11.3,0.6,36.1,81.0,250
2019-09-15 09:00:00,11.2,0.8,40.3,85.3,250
2019-09-15 10:00:00,11.5,0.6,41.7,88.6,260
2019-09-15 11:00:00,12.1,0.6,39.1,85.3,260
2019-09-15 12:00:00,12.4,0.6,39.3,74.2,267
2019-09-15 13:00:00,12.4,0.9,39.9,77.0,277
2019-09-15 14:00:00,12.1,1.5,42.3,77.8,284
2019-09-15 15:00:00,12.1,1.9,38.4,89.6,289
2019-09-15 16:00:00,11.8,2.6,39.3,89.6,294
2019-09-15 17:00:00,11.8,2.4,37.7,88.6,296
2019-09-15 18:00:00,11.7,1.0,37.7,84.2,299
2019-09-15 19:00:00,11.4,1.0,34.5,79.2,299
2019-09-15 20:00:00,11.3,0.1,31.6,71.3,299
2019-09-15 21:00:00,11.1,0.0,29.0,62.6,300
2019-09-15 22:00:00,10.9,0.0,26.6,56.5,303
2019-09-15 23:00:00,10.9,0.0,17.7,51.1,303
2019-09-16 00:00:00,10.5,0.0,15.1,45.4,310
2019-09-16 01:00:00,10.3,0.3,12.0,40.7,311
2019-09-16 02:00:00,10.1,0.2,13.6,36.4,307
2019-09-16 03:00:00,9.9,0.3,13.3,33.5,308
2019-09-16 04:00:00,9.5,0.2,14.7,31.0,306
2019-09-16 05:00:00,9.2,0.7,16.5,34.6,306
2019-09-16 06:00:00,8.8,0.5,14.3,30.6,309
2019-09-16 07:00:00,9.0,0.0,11.0,33.5,311
2019-09-16 08:00:00,9.7,0.1,7.3,27.7,303
2019-09-16 09:00:00,10.5,0.2,6.1,25.9,267
2019-09-16 10:00:00,11.0,0.3,8.2,28.4,241
2019-09-16 11:00:00,10.8,0.5,12.4,32.0,244
2019-09-16 12:00:00,11.0,1.2,13.4,37.1,243
2019-09-16 13:00:00,11.1,1.0,15.2,38.5,248
2019-09-16 14:00:00,11.4,0.4,15.6,38.2,255
2019-09-16 15:00:00,10.8,2.0,12.9,40.0,257
2019-09-16 16:00:00,11.0,0.7,15.5,41.4,266
2019-09-16 17:00:00,10.2,3.4,15.9,46.1,283
2019-09-16 18:00:00,9.6,0.8,13.9,42.1,291
2019-09-16 19:00:00,9.3,0.7,10.6,42.8,298
2019-09-16 20:00:00,9.3,1.9,13.5,31.0,299
2019-09-16 21:00:00,8.9,1.2,14.5,33.8,305
2019-09-16 22:00:00,8.5,2.1,17.4,36.0,304
2019-09-16 23:00:00,8.2,1.5,16.2,38.9,287
2019-09-17 00:00:00,7.7,0.7,17.2,38.9,286
2019-09-17 01:00:00,7.1,0.6,13.7,32.0,284
2019-09-17 02:00:00,6.4,0.6,10.2,28.4,288
2019-09-17 03:00:00,5.6,0.4,8.4,16.6,301
2019-09-17 04:00:00,5.7,0.3,10.9,13.0,316
2019-09-17 05:00:00,6.2,0.3,12.5,14.4,327
2019-09-17 06:00:00,5.7,0.2,12.8,17.6,328
2019-09-17 07:00:00,6.1,0.0,13.0,22.3,336
2019-09-17 08:00:00,6.8,0.0,13.2,25.9,343
2019-09-17 09:00:00,7.8,0.0,15.7,31.0,344
2019-09-17 10:00:00,8.7,0.0,17.3,33.8,348
2019-09-17 11:00:00,9.7,0.0,13.0,40.3,354
2019-09-17 12:00:00,10.6,0.0,14.9,46.1,340
2019-09-17 13:00:00,10.6,0.0,19.2,48.2,334
2019-09-17 14:00:00,10.3,0.0,22.5,51.8,333
2019-09-17 15:00:00,10.2,0.2,26.9,58.7,337
2019-09-17 16:00:00,10.6,0.3,27.9,63.4,340
2019-09-17 17:00:00,10.5,0.2,28.4,63.4,340
2019-09-17 18:00:00,10.4,0.2,27.0,60.8,339
2019-09-17 19:00:00,10.3,0.1,25.3,58.3,337
2019-09-17 20:00:00,10.1,0.2,25.1,50.4,335
2019-09-17 21:00:00,10.0,0.1,23.7,49.0,332
2019-09-17 22:00:00,9.9,0.1,23.4,46.4,329
2019-09-17 23:00:00,9.7,0.1,18.4,44.3,325
2019-09-18 00:00:00,9.4,0.4,15.6,44.3,322
2019-09-18 01:00:00,9.1,0.2,16.9,41.8,322
2019-09-18 02:00:00,9.0,0.3,16.6,38.2,326
2019-09-18 03:00:00,8.9,0.2,17.7,36.4,327
2019-09-18 04:00:00,8.6,0.1,17.9,32.4,332
2019-09-18 05:00:00,8.6,0.1,17.8,28.1,339
2019-09-18 06:00:00,8.5,0.0,17.1,30.6,342
2019-09-18 07:00:00,8.8,0.0,17.0,31.7,343
2019-09-18 08:00:00,9.4,0.0,17.8,35.3,342
2019-09-18 09:00:00,10.5,0.0,19.3,40.0,339
2019-09-18 10:00:00,11.1,0.1,21.7,43.2,339
2019-09-18 11:00:00,11.3,0.0,18.0,46.1,334
2019-09-18 12:00:00,11.3,0.0,19.7,47.9,332
2019-09-18 13:00:00,11.8,0.0,22.4,49.3,334
2019-09-18 14:00:00,11.6,0.0,23.6,49.7,339
2019-09-18 15:00:00,11.2,0.0,23.6,49.7,339
2019-09-18 16:00:00,11.2,0.0,23.0,48.2,340
2019-09-18 17:00:00,11.0,0.0,20.7,47.2,340
2019-09-18 18:00:00,10.5,0.0,20.1,43.9,339
2019-09-18 19:00:00,10.2,0.0,18.9,39.6,339
2019-09-18 20:00:00,9.7,0.0,17.4,37.4,342
2019-09-18 21:00:00,9.1,0.0,16.2,33.8,343
2019-09-18 22:00:00,8.7,0.0,15.0,31.3,343
2019-09-18 23:00:00,8.5,0.0,12.0,29.5,344
2019-09-19 00:00:00,8.2,0.0,10.9,27.0,343
2019-09-19 01:00:00,8.1,0.0,10.8,24.5,345
2019-09-19 02:00:00,7.7,0.0,10.0,22.0,345
2019-09-19 03:00:00,7.5,0.0,9.1,20.9,351
2019-09-19 04:00:00,7.2,0.0,7.9,19.4,357
2019-09-19 05:00:00,6.9,0.0,6.5,16.6,354
2019-09-19 06:00:00,6.8,0.0,5.8,14.8,7
2019-09-19 07:00:00,7.0,0.0,4.3,11.9,5
2019-09-19 08:00:00,7.9,0.0,3.3,10.1,13
2019-09-19 09:00:00,8.7,0.0,3.0,10.8,14
2019-09-19 10:00:00,9.5,0.0,2.2,10.1,9
2019-09-19 11:00:00,9.9,0.1,2.9,8.6,180
2019-09-19 12:00:00,10.0,0.2,3.4,9.7,198
2019-09-19 13:00:00,9.8,0.2,4.4,10.8,189
2019-09-19 14:00:00,9.7,0.4,7.2,15.5,198
2019-09-19 15:00:00,9.7,0.6,9.0,16.2,185
2019-09-19 16:00:00,9.6,0.4,10.5,16.9,176
2019-09-19 17:00:00,9.3,0.1,12.0,20.5,173
2019-09-19 18:00:00,9.2,0.0,13.1,23.0,171
2019-09-19 19:00:00,9.2,0.0,14.9,25.9,165
2019-09-19 20:00:00,9.4,0.0,16.9,31.0,164
2019-09-19 21:00:00,9.7,0.0,16.7,33.8,161
2019-09-19 22:00:00,9.9,0.1,14.7,34.9,152
2019-09-19 23:00:00,10.0,0.2,11.4,33.1,145
2019-09-20 00:00:00,9.9,0.2,9.8,28.8,152
2019-09-20 01:00:00,10.0,0.2,8.2,25.9,165
2019-09-20 02:00:00,10.2,0.1,6.8,22.3,177
2019-09-20 03:00:00,10.5,0.0,5.1,18.4,188
2019-09-20 04:00:00,10.6,0.0,4.9,16.2,197
2019-09-20 05:00:00,10.6,0.1,4.9,14.0,216
2019-09-20 06:00:00,10.7,0.0,5.4,12.6,250
2019-09-20 07:00:00,11.0,0.0,5.9,11.5,259
2019-09-20 08:00:00,11.4,0.0,7.2,13.7,264
2019-09-20 09:00:00,12.1,0.0,8.3,15.8,270
2019-09-20 10:00:00,12.7,0.2,10.8,20.9,270
2019-09-20 11:00:00,13.1,0.1,10.1,23.0,270
2019-09-20 12:00:00,13.3,0.0,9.1,22.7,263
2019-09-20 13:00:00,13.5,0.0,8.8,22.3,258
2019-09-20 14:00:00,13.6,0.0,8.2,21.2,255
2019-09-20 15:00:00,13.7,0.0,7.6,19.8,251
2019-09-20 16:00:00,13.4,0.0,6.8,18.0,245
2019-09-20 17:00:00,13.4,0.0,5.7,13.7,235
2019-09-20 18:00:00,12.9,0.0,3.6,9.4,217
2019-09-20 19:00:00,11.9,0.0,4.4,8.3,171
2019-09-20 20:00:00,11.2,0.0,5.5,8.6,148
2019-09-20 21:00:00,11.2,0.0,5.9,7.6,133
2019-09-20 22:00:00,10.1,0.0,6.8,9.4,122
2019-09-20 23:00:00,9.7,0.0,4.5,9.0,119
2019-09-21 00:00:00,9.7,0.0,4.1,7.9,105
2019-09-21 01:00:00,9.2,0.0,3.4,7.9,72
2019-09-21 02:00:00,8.9,0.0,3.6,9.4,45
2019-09-21 03:00:00,8.5,0.0,3.3,9.7,49
2019-09-21 04:00:00,8.4,0.0,2.9,9.0,90
2019-09-21 05:00:00,8.0,0.0,3.8,7.9,131
2019-09-21 06:00:00,7.5,0.0,3.6,6.5,143
2019-09-21 07:00:00,8.1,0.0,5.7,6.5,125
2019-09-21 08:00:00,8.6,0.0,6.1,13.7,130
2019-09-21 09:00:00,9.9,0.0,5.3,13.7,152
2019-09-21 10:00:00,11.4,0.0,5.6,14.4,165
2019-09-21 11:00:00,12.5,0.0,4.7,14.8,148
2019-09-21 12:00:00,13.6,0.0,4.6,14.8,162
2019-09-21 13:00:00,14.4,0.0,4.3,16.9,180
2019-09-21 14:00:00,14.9,0.0,4.5,17.3,194
2019-09-21 15:00:00,15.3,0.0,3.4,16.6,212
2019-09-21 16:00:00,15.3,0.0,2.6,13.3,236
2019-09-21 17:00:00,14.5,0.0,2.5,10.4,262
2019-09-21 18:00:00,12.9,0.0,3.0,8.6,284
2019-09-21 19:00:00,11.9,0.0,3.1,7.6,324
2019-09-21 20:00:00,11.3,0.0,4.1,5.4,345
2019-09-21 21:00:00,11.4,0.0,4.7,7.2,356
2019-09-21 22:00:00,11.0,0.0,5.8,8.6,7
2019-09-21 23:00:00,9.0,0.0,5.6,9.4,50
2019-09-22 00:00:00,9.0,0.0,6.0,9.0,73
2019-09-22 01:00:00,8.8,0.0,6.9,7.9,81
2019-09-22 02:00:00,8.4,0.0,6.9,8.3,81
2019-09-22 03:00:00,7.9,0.0,5.9,8.6,76
2019-09-22 04:00:00,7.5,0.0,5.6,8.3,75
2019-09-22 05:00:00,7.3,0.0,6.2,7.6,83
2019-09-22 06:00:00,7.1,0.0,5.8,7.2,97
2019-09-22 07:00:00,7.1,0.0,6.0,6.8,107
2019-09-22 08:00:00,8.5,0.0,6.3,13.7,114
2019-09-22 09:00:00,10.7,0.0,5.8,14.4,120
2019-09-22 10:00:00,12.2,0.0,4.1,14.0,135
2019-09-22 11:00:00,14.5,0.0,4.6,12.6,108
2019-09-22 12:00:00,16.0,0.0,3.1,11.9,111
2019-09-22 13:00:00,17.4,0.0,0.7,12.6,180
2019-09-22 14:00:00,18.0,0.0,1.8,13.3,217
2019-09-22 15:00:00,18.3,0.0,2.4,12.6,243
2019-09-22 16:00:00,18.0,0.0,3.3,9.7,276
2019-09-22 17:00:00,16.9,0.0,4.3,7.6,294
2019-09-22 18:00:00,14.8,0.0,4.1,7.6,308
2019-09-22 19:00:00,12.4,0.0,5.8,10.1,330
2019-09-22 20:00:00,12.7,0.0,4.1,7.9,345
2019-09-22 21:00:00,13.6,0.0,2.4,6.1,63
2019-09-22 22:00:00,12.0,0.0,3.3,7.2,84
2019-09-22 23:00:00,11.6,0.0,6.5,9.0,87
2019-09-23 00:00:00,11.2,0.0,5.0,9.0,90
2019-09-23 01:00:00,11.1,0.0,4.1,8.3,105
2019-09-23 02:00:00,10.9,0.0,4.6,7.9,108
2019-09-23 03:00:00,10.4,0.0,5.1,9.0,98
2019-09-23 04:00:00,9.9,0.0,6.8,11.2,87
2019-09-23 05:00:00,9.7,0.0,8.0,13.7,85
2019-09-23 06:00:00,9.9,0.0,9.1,16.2,83
2019-09-23 07:00:00,9.9,0.0,9.8,17.6,82
2019-09-23 08:00:00,11.2,0.0,10.2,19.4,82
2019-09-23 09:00:00,13.1,0.0,9.0,19.8,88
2019-09-23 10:00:00,15.1,0.0,6.2,18.7,100
2019-09-23 11:00:00,16.8,0.0,4.2,16.2,121
2019-09-23 12:00:00,17.7,0.0,3.7,13.3,191
2019-09-23 13:00:00,18.1,0.0,4.6,15.8,231
2019-09-23 14:00:00,18.4,0.0,4.2,15.8,250
2019-09-23 15:00:00,18.5,0.0,3.1,14.4,291
2019-09-23 16:00:00,18.2,0.0,4.6,11.2,315
2019-09-23 17:00:00,17.3,0.0,6.2,10.8,324
2019-09-23 18:00:00,15.5,0.0,5.8,9.7,330
2019-09-23 19:00:00,12.9,0.0,5.6,10.4,320
2019-09-23 20:00:00,12.3,0.0,6.9,12.6,298
2019-09-23 21:00:00,11.4,0.0,6.1,10.8,267
2019-09-23 22:00:00,11.4,0.0,5.9,11.2,256
2019-09-23 23:00:00,10.9,0.0,2.2,11.5,261
2019-09-24 00:00:00,11.9,0.0,2.9,10.4,97
2019-09-24 01:00:00,12.1,0.0,3.3,7.6,103
2019-09-24 02:00:00,11.3,0.0,5.0,6.1,90
2019-09-24 03:00:00,10.3,0.0,4.7,7.2,94
2019-09-24 04:00:00,10.1,0.0,5.4,8.3,94
2019-09-24 05:00:00,10.1,0.0,6.1,9.4,87
2019-09-24 06:00:00,9.6,0.0,7.2,9.7,84
2019-09-24 07:00:00,9.8,0.0,8.0,10.1,82
2019-09-24 08:00:00,10.8,0.0,7.2,14.8,84
2019-09-24 09:00:00,13.1,0.0,5.8,14.8,94
2019-09-24 10:00:00,14.1,0.0,4.5,13.7,119
2019-09-24 11:00:00,14.8,0.0,3.6,13.0,143
2019-09-24 12:00:00,15.7,0.0,4.3,13.3,180
2019-09-24 13:00:00,16.2,0.0,3.7,13.3,209
2019-09-24 14:00:00,16.3,0.0,1.6,12.2,243
2019-09-24 15:00:00,16.2,0.0,2.8,11.5,320
2019-09-24 16:00:00,15.7,0.0,5.1,14.0,321
2019-09-24 17:00:00,15.0,0.0,5.6,14.0,320
2019-09-24 18:00:00,14.1,0.0,3.9,13.3,326
2019-09-24 19:00:00,12.3,0.0,6.0,10.1,343
2019-09-24 20:00:00,12.8,0.0,5.7,9.4,18
2019-09-24 21:00:00,12.1,0.0,5.2,7.9,56
2019-09-24 22:00:00,11.9,0.0,3.7,7.9,79
2019-09-24 23:00:00,11.1,0.0,4.0,6.5,90
2019-09-25 00:00:00,11.0,0.0,4.3,6.8,90
2019-09-25 01:00:00,10.9,0.0,5.4,7.9,82
2019-09-25 02:00:00,10.4,0.0,6.6,10.1,81
2019-09-25 03:00:00,9.9,0.0,7.4,12.2,76
2019-09-25 04:00:00,9.8,0.0,8.2,14.0,75
2019-09-25 05:00:00,10.0,0.0,8.5,15.8,78
2019-09-25 06:00:00,10.0,0.0,8.4,16.9,80
2019-09-25 07:00:00,10.1,0.0,8.8,17.3,78
2019-09-25 08:00:00,10.7,0.0,9.5,18.0,79
2019-09-25 09:00:00,12.3,0.0,9.3,18.7,77
2019-09-25 10:00:00,13.8,0.0,8.0,18.7,80
2019-09-25 11:00:00,14.5,0.0,8.5,18.0,78
2019-09-25 12:00:00,15.3,0.0,7.6,17.3,93
2019-09-25 13:00:00,16.0,0.0,5.7,16.9,108
2019-09-25 14:00:00,16.4,0.0,3.3,14.4,103
2019-09-25 15:00:00,16.4,0.0,2.5,9.4,45
2019-09-25 16:00:00,15.9,0.0,2.6,9.0,16
2019-09-25 17:00:00,15.3,0.0,3.0,9.7,14
2019-09-25 18:00:00,14.0,0.0,2.6,8.6,34
2019-09-25 19:00:00,14.2,0.0,2.3,7.6,108
2019-09-25 20:00:00,14.3,0.0,3.6,7.2,135
2019-09-25 21:00:00,14.0,0.0,5.0,8.6,150
2019-09-25 22:00:00,12.7,0.0,5.8,9.4,150
2019-09-25 23:00:00,11.9,0.0,5.1,9.4,135
2019-09-26 00:00:00,11.4,0.0,4.6,9.0,108
2019-09-26 01:00:00,11.3,0.0,6.5,9.4,87
2019-09-26 02:00:00,10.8,0.0,8.3,12.2,85
2019-09-26 03:00:00,10.6,0.0,8.6,13.3,88
2019-09-26 04:00:00,10.5,0.0,9.0,13.7,95
2019-09-26 05:00:00,10.2,0.0,9.5,14.0,99
2019-09-26 06:00:00,10.0,0.0,10.2,15.1,98
2019-09-26 07:00:00,9.7,0.0,10.5,15.5,94
2019-09-26 08:00:00,10.7,0.0,11.2,21.6,94
2019-09-26 09:00:00,11.9,0.0,11.2,22.7,94
2019-09-26 10:00:00,13.7,0.0,11.3,23.8,97
2019-09-26 11:00:00,15.2,0.0,13.1,27.7,81
2019-09-26 12:00:00,16.1,0.0,15.1,30.6,87
2019-09-26 13:00:00,16.5,0.0,15.7,31.0,101
2019-09-26 14:00:00,17.1,0.0,16.5,32.0,106
2019-09-26 15:00:00,17.0,0.0,18.0,32.0,106
2019-09-26 16:00:00,16.7,0.0,18.2,31.7,104
2019-09-26 17:00:00,16.2,0.0,17.5,28.4,99
2019-09-26 18:00:00,15.4,0.0,17.1,27.7,97
2019-09-26 19:00:00,14.9,0.0,15.7,27.7,101
2019-09-26 20:00:00,14.6,0.0,17.5,36.4,98
2019-09-26 21:00:00,14.6,0.4,16.6,38.2,95
2019-09-26 22:00:00,14.5,0.0,18.2,41.4,99
2019-09-26 23:00:00,14.7,0.2,17.7,61.9,86
2019-09-27 00:00:00,14.6,0.4,18.8,67.3,93
2019-09-27 01:00:00,14.4,0.5,18.7,65.9,109
2019-09-27 02:00:00,14.2,0.4,17.7,42.5,117
2019-09-27 03:00:00,14.3,0.1,13.0,41.0,114
2019-09-27 04:00:00,13.8,0.0,11.4,37.1,108
2019-09-27 05:00:00,13.6,0.2,10.3,32.0,102
2019-09-27 06:00:00,13.1,0.2,8.8,26.6,102
2019-09-27 07:00:00,12.9,0.0,9.5,24.8,101
2019-09-27 08:00:00,12.9,2.7,10.5,39.6,106
2019-09-27 09:00:00,13.9,1.4,11.8,34.2,110
2019-09-27 10:00:00,15.0,0.7,13.4,26.6,121
2019-09-27 11:00:00,15.1,0.5,10.1,30.2,125
2019-09-27 12:00:00,15.6,0.0,9.6,27.4,124
2019-09-27 13:00:00,15.8,0.0,9.5,25.9,127
2019-09-27 14:00:00,16.2,0.0,9.4,23.4,130
2019-09-27 15:00:00,16.6,0.0,9.7,24.5,138
2019-09-27 16:00:00,16.1,0.1,9.2,24.5,132
2019-09-27 17:00:00,15.6,0.2,9.3,22.3,126
2019-09-27 18:00:00,15.0,0.0,8.9,20.5,117
2019-09-27 19:00:00,14.2,0.0,8.1,18.7,111
2019-09-27 20:00:00,13.8,0.4,7.6,16.9,109
2019-09-27 21:00:00,13.2,0.4,7.1,16.9,105
2019-09-27 22:00:00,12.7,0.2,6.9,15.5,99
2019-09-27 23:00:00,12.4,0.0,8.3,15.1,88
2019-09-28 00:00:00,12.2,0.0,7.7,14.8,79
2019-09-28 01:00:00,11.8,0.0,7.4,14.8,76
2019-09-28 02:00:00,11.3,0.0,7.3,15.5,79
2019-09-28 03:00:00,11.1,0.0,7.4,16.6,76
2019-09-28 04:00:00,10.6,0.0,9.1,17.3,72
2019-09-28 05:00:00,10.2,0.0,10.2,18.4,67
2019-09-28 06:00:00,10.1,0.0,10.1,19.4,63
2019-09-28 07:00:00,9.9,0.0,11.0,20.2,58
2019-09-28 08:00:00,10.6,0.0,10.6,20.5,62
2019-09-28 09:00:00,12.6,0.0,9.0,20.5,61
2019-09-28 10:00:00,14.3,0.0,8.1,19.4,58
2019-09-28 11:00:00,15.8,0.0,6.9,17.3,47
2019-09-28 12:00:00,16.3,0.1,8.2,18.0,38
2019-09-28 13:00:00,16.3,0.4,9.2,17.6,42
2019-09-28 14:00:00,16.1,0.3,7.6,20.2,25
2019-09-28 15:00:00,15.9,0.5,6.5,17.3,6
2019-09-28 16:00:00,15.5,0.4,6.5,17.6,19
2019-09-28 17:00:00,15.0,0.1,5.9,18.4,43
2019-09-28 18:00:00,14.4,0.1,6.6,18.0,61
2019-09-28 19:00:00,13.4,0.0,7.3,16.6,79
2019-09-28 20:00:00,12.9,0.1,6.2,12.2,80
2019-09-28 21:00:00,12.5,0.0,5.1,8.6,86
2019-09-28 22:00:00,12.4,0.0,4.5,8.3,104
2019-09-28 23:00:00,12.5,0.0,4.7,8.3,113
2019-09-29 00:00:00,11.8,0.0,4.1,8.6,142
2019-09-29 01:00:00,11.9,0.0,3.5,7.9,156
2019-09-29 02:00:00,11.4,0.0,2.8,7.2,140
2019-09-29 03:00:00,10.9,0.0,1.3,7.9,124
2019-09-29 04:00:00,10.2,0.0,0.5,8.6,315
2019-09-29 05:00:00,10.0,0.0,1.1,9.4,18
2019-09-29 06:00:00,9.8,0.0,2.3,9.0,39
2019-09-29 07:00:00,9.6,0.0,2.9,8.6,30
2019-09-29 08:00:00,11.3,0.0,3.5,9.0,24
2019-09-29 09:00:00,12.5,0.0,4.7,11.2,360
2019-09-29 10:00:00,13.3,0.0,5.9,13.3,349
2019-09-29 11:00:00,13.8,0.0,8.3,23.0,342
2019-09-29 12:00:00,14.2,0.0,11.9,24.8,335
2019-09-29 13:00:00,14.1,0.0,14.0,29.2,331
2019-09-29 14:00:00,13.9,0.0,15.3,33.1,330
2019-09-29 15:00:00,13.8,0.0,14.5,33.5,330
2019-09-29 16:00:00,13.5,0.0,13.9,32.4,329
2019-09-29 17:00:00,12.9,0.0,13.7,31.0,325
2019-09-29 18:00:00,12.3,0.0,13.0,29.5,326
2019-09-29 19:00:00,12.2,0.0,12.7,25.9,331
2019-09-29 20:00:00,12.1,0.0,12.2,24.8,336
2019-09-29 21:00:00,12.0,0.0,11.6,23.0,338
2019-09-29 22:00:00,12.0,0.0,11.3,22.3,338
2019-09-29 23:00:00,12.1,0.0,10.8,22.3,330
2019-09-30 00:00:00,12.2,0.0,14.8,27.7,337
2019-09-30 01:00:00,12.0,0.0,19.7,38.5,339
2019-09-30 02:00:00,11.9,0.0,24.7,49.3,339
2019-09-30 03:00:00,11.2,0.0,26.5,54.4,339
2019-09-30 04:00:00,11.0,0.0,26.2,54.4,339
2019-09-30 05:00:00,10.4,0.0,25.7,52.6,340
2019-09-30 06:00:00,9.8,0.0,25.3,52.2,340
2019-09-30 07:00:00,9.3,0.0,26.0,56.5,341
2019-09-30 08:00:00,9.2,0.0,26.8,54.4,340
2019-09-30 09:00:00,8.8,0.0,27.0,56.5,339
2019-09-30 10:00:00,8.8,0.0,26.5,57.6,338
2019-09-30 11:00:00,9.1,0.1,23.7,57.6,332
2019-09-30 12:00:00,9.1,0.2,27.2,60.5,332
2019-09-30 13:00:00,8.5,0.2,28.0,63.0,334
2019-09-30 14:00:00,8.3,0.3,28.4,63.0,331
2019-09-30 15:00:00,8.3,0.2,26.6,61.9,330
2019-09-30 16:00:00,8.1,0.3,21.2,64.1,328
2019-09-30 17:00:00,7.5,0.3,20.0,63.0,322
2019-09-30 18:00:00,7.3,0.2,18.4,51.1,320
2019-09-30 19:00:00,7.0,0.6,17.6,47.2,319
2019-09-30 20:00:00,7.0,0.3,16.6,40.0,318
2019-09-30 21:00:00,7.2,0.2,13.2,38.5,315
2019-09-30 22:00:00,7.2,0.2,10.7,32.0,312
2019-09-30 23:00:00,7.5,0.2,13.8,28.4,321
2019-10-01 00:00:00,7.6,0.2,12.5,31.0,314
2019-10-01 01:00:00,7.5,0.8,14.0,37.1,316
2019-10-01 02:00:00,7.4,0.4,19.3,39.2,323
2019-10-01 03:00:00,7.4,0.3,19.1,40.0,328
2019-10-01 04:00:00,7.4,0.2,18.1,38.5,329
2019-10-01 05:00:00,7.4,0.2,15.5,36.0,335
2019-10-01 06:00:00,7.1,0.2,13.2,33.8,334
2019-10-01 07:00:00,7.1,0.2,13.7,31.0,333
2019-10-01 08:00:00,7.3,0.4,14.3,33.5,335
2019-10-01 09:00:00,7.9,0.4,14.8,38.5,334
2019-10-01 10:00:00,8.4,0.2,13.4,39.2,329
2019-10-01 11:00:00,8.6,0.2,11.6,36.4,334
2019-10-01 12:00:00,8.9,0.2,12.3,34.2,322
2019-10-01 13:00:00,8.9,0.3,13.4,36.4,324
2019-10-01 14:00:00,8.4,0.3,14.3,37.4,321
2019-10-01 15:00:00,8.4,0.2,17.6,38.2,319
2019-10-01 16:00:00,8.3,0.2,15.5,39.6,316
2019-10-01 17:00:00,8.3,0.2,15.0,36.4,312
2019-10-01 18:00:00,8.3,0.2,17.8,32.4,317
2019-10-01 19:00:00,8.2,0.2,16.8,26.6,325
2019-10-01 20:00:00,7.8,0.3,10.9,31.3,326
2019-10-01 21:00:00,7.8,0.1,10.7,22.7,312
2019-10-01 22:00:00,7.6,0.0,9.0,16.9,337
2019-10-01 23:00:00,7.4,0.0,7.8,15.8,347
2019-10-02 00:00:00,7.0,0.0,9.1,15.5,326
2019-10-02 01:00:00,6.9,0.0,13.6,16.6,343
2019-10-02 02:00:00,7.1,0.0,15.2,19.1,356
2019-10-02 03:00:00,7.3,0.0,15.9,24.1,354
2019-10-02 04:00:00,7.3,0.0,18.4,27.7,354
2019-10-02 05:00:00,7.6,0.0,18.7,29.9,359
2019-10-02 06:00:00,7.6,0.0,19.4,30.2,360
2019-10-02 07:00:00,7.6,0.0,17.0,30.2,6
2019-10-02 08:00:00,7.8,0.0,14.8,32.4,13
2019-10-02 09:00:00,8.8,0.0,12.6,26.6,20
2019-10-02 10:00:00,9.8,0.0,10.8,23.8,21
2019-10-02 11:00:00,10.5,0.0,8.7,22.3,45
2019-10-02 12:00:00,11.7,0.0,7.7,21.6,28
2019-10-02 13:00:00,12.7,0.0,9.2,21.2,21
2019-10-02 14:00:00,13.3,0.0,8.4,21.2,31
2019-10-02 15:00:00,13.6,0.0,6.2,22.0,10
2019-10-02 16:00:00,13.3,0.0,7.8,23.8,347
2019-10-02 17:00:00,12.5,0.0,8.6,24.1,345
2019-10-02 18:00:00,11.2,0.0,7.6,24.8,352
2019-10-02 19:00:00,9.9,0.0,9.4,24.5,358
2019-10-02 20:00:00,9.3,0.0,10.5,16.9,4
2019-10-02 21:00:00,9.1,0.0,9.4,13.3,7
2019-10-02 22:00:00,8.9,0.0,8.5,13.0,12
2019-10-02 23:00:00,7.5,0.0,6.4,12.6,27
2019-10-03 00:00:00,7.6,0.0,3.7,12.2,29
2019-10-03 01:00:00,6.5,0.0,4.1,13.0,15
2019-10-03 02:00:00,6.8,0.0,6.9,15.8,9
2019-10-03 03:00:00,7.2,0.0,7.8,19.8,13
2019-10-03 04:00:00,7.6,0.0,7.1,22.0,15
2019-10-03 05:00:00,8.1,0.0,5.8,22.7,7
2019-10-03 06:00:00,7.9,0.0,6.9,23.4,6
2019-10-03 07:00:00,7.9,0.0,6.5,23.4,360
2019-10-03 08:00:00,7.9,0.0,8.3,14.8,360
2019-10-03 09:00:00,8.8,0.0,9.0,16.9,358
2019-10-03 10:00:00,9.8,0.0,9.5,18.7,351
2019-10-03 11:00:00,10.7,0.0,9.0,25.2,323
2019-10-03 12:00:00,11.0,0.0,11.2,25.2,320
2019-10-03 13:00:00,11.5,0.0,10.7,24.1,320
2019-10-03 14:00:00,11.6,0.0,9.7,23.0,321
2019-10-03 15:00:00,11.5,0.0,8.7,22.7,318
2019-10-03 16:00:00,11.2,0.0,7.7,22.3,323
2019-10-03 17:00:00,10.8,0.0,5.2,20.2,326
2019-10-03 18:00:00,9.3,0.0,3.4,14.0,328
2019-10-03 19:00:00,9.8,0.0,1.1,10.4,72
2019-10-03 20:00:00,9.0,0.0,4.8,9.0,117
2019-10-03 21:00:00,8.0,0.0,5.3,9.7,118
2019-10-03 22:00:00,7.7,0.0,5.8,11.9,120
2019-10-03 23:00:00,7.4,0.0,6.9,13.3,129
2019-10-04 00:00:00,7.3,0.0,5.9,14.4,128
2019-10-04 01:00:00,7.1,0.0,6.0,15.1,115
2019-10-04 02:00:00,7.0,0.0,7.7,15.8,101
2019-10-04 03:00:00,7.3,0.0,9.4,18.0,92
2019-10-04 04:00:00,7.2,0.0,10.5,18.7,86
2019-10-04 05:00:00,7.1,0.0,10.5,18.7,82
2019-10-04 06:00:00,7.2,0.0,10.6,18.7,80
2019-10-04 07:00:00,7.2,0.0,10.6,18.7,80
2019-10-04 08:00:00,7.4,0.0,10.7,21.6,76
2019-10-04 09:00:00,8.6,0.0,10.7,21.2,76
2019-10-04 10:00:00,9.5,0.0,10.2,22.0,80
2019-10-04 11:00:00,10.2,0.0,10.2,24.8,72
2019-10-04 12:00:00,10.6,0.0,8.8,24.5,81
2019-10-04 13:00:00,10.8,0.0,8.3,24.1,88
2019-10-04 14:00:00,10.8,0.0,6.8,22.0,93
2019-10-04 15:00:00,10.9,0.0,5.0,18.4,90
2019-10-04 16:00:00,10.6,0.0,4.7,14.4,81
2019-10-04 17:00:00,9.9,0.0,4.7,10.8,67
2019-10-04 18:00:00,8.2,0.0,4.5,10.1,61
2019-10-04 19:00:00,7.3,0.0,4.8,11.2,63
2019-10-04 20:00:00,6.7,0.0,5.6,9.7,75
2019-10-04 21:00:00,5.9,0.0,6.1,10.1,90
2019-10-04 22:00:00,5.2,0.0,6.8,10.1,108
2019-10-04 23:00:00,4.8,0.0,5.0,10.8,120
2019-10-05 00:00:00,3.9,0.0,7.2,13.3,127
2019-10-05 01:00:00,3.7,0.0,7.9,14.8,133
2019-10-05 02:00:00,3.4,0.0,8.4,15.1,133
2019-10-05 03:00:00,3.2,0.0,8.4,15.1,137
2019-10-05 04:00:00,3.2,0.0,8.1,14.8,135
2019-10-05 05:00:00,2.9,0.0,7.5,14.0,125
2019-10-05 06:00:00,2.9,0.0,7.3,14.4,123
2019-10-05 07:00:00,2.7,0.0,7.1,14.4,120
2019-10-05 08:00:00,3.1,0.0,7.0,14.0,125
2019-10-05 09:00:00,5.0,0.0,6.9,14.4,133
2019-10-05 10:00:00,7.3,0.0,6.4,15.1,142
2019-10-05 11:00:00,8.2,0.0,6.2,15.8,159
2019-10-05 12:00:00,9.0,0.0,5.8,15.8,184
2019-10-05 13:00:00,9.6,0.0,4.7,15.1,203
2019-10-05 14:00:00,9.9,0.0,3.1,14.0,225
2019-10-05 15:00:00,9.9,0.0,3.1,12.6,216
2019-10-05 16:00:00,9.4,0.0,2.9,12.2,187
2019-10-05 17:00:00,8.2,0.0,3.4,9.4,162
2019-10-05 18:00:00,7.1,0.0,5.2,5.8,168
2019-10-05 19:00:00,6.0,0.0,4.7,6.1,157
2019-10-05 20:00:00,5.4,0.0,4.3,7.9,132
2019-10-05 21:00:00,3.6,0.0,5.2,9.4,124
2019-10-05 22:00:00,3.1,0.0,6.9,10.4,129
2019-10-05 23:00:00,3.3,0.0,6.3,11.5,121
2019-10-06 00:00:00,3.0,0.0,7.6,13.7,109
2019-10-06 01:00:00,3.1,0.0,8.6,15.1,105
2019-10-06 02:00:00,2.9,0.0,8.7,15.8,107
2019-10-06 03:00:00,2.9,0.0,8.2,15.8,113
2019-10-06 04:00:00,2.6,0.0,7.7,15.5,118
2019-10-06 05:00:00,2.6,0.0,6.9,15.1,118
2019-10-06 06:00:00,2.3,0.0,6.6,13.7,112
2019-10-06 07:00:00,2.1,0.0,6.5,12.2,109
2019-10-06 08:00:00,3.2,0.0,6.7,14.0,106
2019-10-06 09:00:00,5.2,0.0,7.1,15.5,105
2019-10-06 10:00:00,7.2,0.0,5.3,15.5,118
2019-10-06 11:00:00,8.3,0.0,4.5,14.4,119
2019-10-06 12:00:00,8.9,0.0,2.3,12.6,129
2019-10-06 13:00:00,9.4,0.0,0.4,11.9,180
2019-10-06 14:00:00,9.7,0.0,1.6,13.3,297
2019-10-06 15:00:00,9.6,0.0,3.3,14.0,311
2019-10-06 16:00:00,9.0,0.0,4.8,13.7,333
2019-10-06 17:00:00,7.6,0.0,4.6,13.3,342
2019-10-06 18:00:00,5.4,0.0,7.4,11.2,346
2019-10-06 19:00:00,4.3,0.0,8.6,12.2,345
2019-10-06 20:00:00,3.6,0.0,8.2,14.0,345
2019-10-06 21:00:00,2.7,0.0,7.2,12.6,3
2019-10-06 22:00:00,2.3,0.0,6.3,11.5,31
2019-10-06 23:00:00,1.3,0.0,4.0,10.1,85
2019-10-07 00:00:00,1.8,0.0,3.3,9.0,84
2019-10-07 01:00:00,1.1,0.0,3.6,7.9,96
2019-10-07 02:00:00,0.8,0.0,4.0,6.5,100
2019-10-07 03:00:00,1.0,0.0,5.2,6.5,102
2019-10-07 04:00:00,1.1,0.0,5.0,8.6,111
2019-10-07 05:00:00,1.2,0.0,5.2,10.1,124
2019-10-07 06:00:00,1.4,0.0,6.2,12.2,126
2019-10-07 07:00:00,1.8,0.0,7.8,15.1,124
2019-10-07 08:00:00,3.1,0.0,12.2,23.0,118
2019-10-07 09:00:00,4.9,0.0,11.5,25.2,136
2019-10-07 10:00:00,6.6,0.0,11.6,24.5,150
2019-10-07 11:00:00,7.3,0.0,12.4,29.2,154
2019-10-07 12:00:00,7.7,0.0,16.3,36.0,155
2019-10-07 13:00:00,7.8,0.0,17.6,41.4,157
2019-10-07 14:00:00,8.1,0.0,20.0,43.2,141
2019-10-07 15:00:00,8.4,0.0,20.2,45.7,141
2019-10-07 16:00:00,8.3,0.0,21.0,47.5,142
2019-10-07 17:00:00,8.2,0.0,21.0,47.2,149
2019-10-07 18:00:00,8.4,0.0,22.7,45.0,151
2019-10-07 19:00:00,8.5,0.0,23.7,45.7,152
2019-10-07 20:00:00,8.6,0.0,24.9,49.0,146
2019-10-07 21:00:00,8.5,0.2,25.6,51.8,142
2019-10-07 22:00:00,8.0,0.5,25.5,51.8,137
2019-10-07 23:00:00,7.9,0.9,23.7,51.5,126
2019-10-08 00:00:00,7.4,1.0,25.1,54.0,122
2019-10-08 01:00:00,7.3,0.7,24.6,55.1,122
2019-10-08 02:00:00,7.4,0.5,21.7,53.3,122
2019-10-08 03:00:00,7.3,0.8,21.4,46.8,119
2019-10-08 04:00:00,7.0,0.9,20.8,50.8,113
2019-10-08 05:00:00,7.0,0.4,18.1,34.2,113
2019-10-08 06:00:00,7.2,0.0,17.6,32.8,118
2019-10-08 07:00:00,7.3,0.0,17.4,32.4,124
2019-10-08 08:00:00,7.5,0.0,17.0,35.3,126
2019-10-08 09:00:00,8.2,0.0,16.8,34.2,135
2019-10-08 10:00:00,8.9,0.0,17.2,33.8,143
2019-10-08 11:00:00,9.3,0.0,16.0,33.8,136
2019-10-08 12:00:00,10.0,0.0,15.8,35.6,131
2019-10-08 13:00:00,10.4,0.0,16.5,36.7,136
2019-10-08 14:00:00,10.6,0.3,17.8,38.2,137
2019-10-08 15:00:00,10.5,0.0,18.4,37.8,140
2019-10-08 16:00:00,10.3,0.2,18.3,37.1,144
2019-10-08 17:00:00,9.9,0.2,18.2,37.8,146
2019-10-08 18:00:00,9.7,0.2,18.1,38.5,145
2019-10-08 19:00:00,9.6,0.3,18.5,40.7,143
2019-10-08 20:00:00,9.5,0.7,19.3,38.5,143
2019-10-08 21:00:00,9.3,0.5,19.7,40.0,145
2019-10-08 22:00:00,9.4,0.3,19.4,40.7,145
2019-10-08 23:00:00,8.9,0.2,17.8,40.7,137
2019-10-09 00:00:00,9.0,0.2,17.8,43.2,133
2019-10-09 01:00:00,9.1,0.2,18.1,44.3,133
2019-10-09 02:00:00,9.2,1.3,18.5,46.1,127
2019-10-09 03:00:00,9.0,1.4,19.0,47.2,123
2019-10-09 04:00:00,9.0,1.8,18.9,49.0,125
2019-10-09 05:00:00,9.0,1.2,18.7,49.0,128
2019-10-09 06:00:00,9.0,1.1,17.4,48.2,130
2019-10-09 07:00:00,9.2,0.3,17.6,47.9,131
2019-10-09 08:00:00,9.2,0.4,17.9,34.9,130
2019-10-09 09:00:00,9.5,0.2,16.9,36.0,128
2019-10-09 10:00:00,10.3,0.4,16.7,36.4,127
2019-10-09 11:00:00,10.5,0.4,14.7,36.7,126
2019-10-09 12:00:00,11.0,0.3,16.6,36.4,132
2019-10-09 13:00:00,11.3,0.5,17.1,37.4,141
2019-10-09 14:00:00,11.6,0.4,17.1,37.4,150
2019-10-09 15:00:00,11.7,0.3,18.8,39.6,154
2019-10-09 16:00:00,11.4,0.7,17.6,39.2,149
2019-10-09 17:00:00,11.0,0.8,18.7,37.1,152
2019-10-09 18:00:00,10.7,0.4,18.5,36.0,147
2019-10-09 19:00:00,10.4,0.4,18.7,37.4,146
2019-10-09 20:00:00,10.2,1.2,18.8,38.2,144
2019-10-09 21:00:00,10.3,0.4,19.5,38.9,142
2019-10-09 22:00:00,10.4,0.4,19.8,39.6,143
2019-10-09 23:00:00,10.2,0.5,18.6,41.8,144
2019-10-10 00:00:00,10.1,0.4,19.0,41.4,143
2019-10-10 01:00:00,10.0,0.3,19.5,40.3,141
2019-10-10 02:00:00,9.9,0.2,20.1,39.2,144
2019-10-10 03:00:00,9.8,0.2,20.5,40.0,141
2019-10-10 04:00:00,10.0,0.2,21.3,41.4,143
2019-10-10 05:00:00,10.3,0.2,21.7,42.8,144
2019-10-10 06:00:00,10.3,0.3,21.8,43.2,141
2019-10-10 07:00:00,10.4,0.2,22.3,43.2,141
2019-10-10 08:00:00,10.3,0.4,22.6,46.1,143
2019-10-10 09:00:00,10.4,0.5,23.9,48.2,146
2019-10-10 10:00:00,10.7,0.9,24.4,50.4,149
2019-10-10 11:00:00,10.5,1.7,20.5,50.4,149
2019-10-10 12:00:00,10.6,2.3,21.1,51.5,157
2019-10-10 13:00:00,10.7,2.5,18.2,50.4,162
2019-10-10 14:00:00,11.3,1.3,16.2,45.7,176
2019-10-10 15:00:00,11.6,0.7,16.0,41.0,194
2019-10-10 16:00:00,11.5,1.7,17.5,36.4,212
2019-10-10 17:00:00,11.2,2.0,17.7,35.3,231
2019-10-10 18:00:00,10.8,1.4,17.4,34.9,240
2019-10-10 19:00:00,10.3,0.7,17.1,34.9,240
2019-10-10 20:00:00,9.9,0.6,15.6,34.6,230
2019-10-10 21:00:00,9.7,0.1,16.0,32.8,224
2019-10-10 22:00:00,9.7,0.0,14.0,31.3,215
2019-10-10 23:00:00,9.4,0.0,10.9,30.2,174
2019-10-11 00:00:00,9.1,0.3,11.6,28.8,154
2019-10-11 01:00:00,8.9,0.3,12.3,24.5,140
2019-10-11 02:00:00,8.5,0.1,13.0,26.3,134
2019-10-11 03:00:00,8.5,0.3,13.5,28.4,124
2019-10-11 04:00:00,8.3,0.0,13.8,29.9,118
2019-10-11 05:00:00,8.1,0.0,14.0,29.9,113
2019-10-11 06:00:00,8.1,0.2,13.9,29.9,111
2019-10-11 07:00:00,8.1,0.4,15.4,29.2,111
2019-10-11 08:00:00,8.1,2.3,16.7,32.0,96
2019-10-11 09:00:00,8.5,1.3,17.7,34.2,92
2019-10-11 10:00:00,8.4,2.0,18.2,38.5,108
2019-10-11 11:00:00,8.4,2.2,15.8,39.6,125
2019-10-11 12:00:00,9.1,1.9,18.4,38.9,154
2019-10-11 13:00:00,10.4,1.5,19.5,37.4,178
2019-10-11 14:00:00,11.3,1.0,19.9,36.0,193
2019-10-11 15:00:00,11.3,0.9,20.1,36.7,204
2019-10-11 16:00:00,11.3,1.0,18.9,35.3,204
2019-10-11 17:00:00,11.0,1.2,17.8,36.7,198
2019-10-11 18:00:00,10.6,0.7,17.9,35.6,190
2019-10-11 19:00:00,10.5,0.6,17.1,32.8,188
2019-10-11 20:00:00,10.4,0.6,17.5,37.4,188
2019-10-11 21:00:00,10.1,0.7,17.6,38.5,191
2019-10-11 22:00:00,10.1,0.5,17.7,38.5,192
2019-10-11 23:00:00,10.2,0.4,10.2,37.1,188
2019-10-12 00:00:00,10.3,0.3,10.6,34.2,190
2019-10-12 01:00:00,10.4,0.2,11.4,32.8,193
2019-10-12 02:00:00,10.4,0.4,10.7,31.7,194
2019-10-12 03:00:00,10.3,0.4,10.5,29.5,186
2019-10-12 04:00:00,10.2,0.3,10.8,26.3,184
2019-10-12 05:00:00,9.9,0.3,10.1,23.8,182
2019-10-12 06:00:00,9.8,1.0,8.7,20.5,187
2019-10-12 07:00:00,9.5,0.9,5.4,18.7,200
2019-10-12 08:00:00,9.3,0.9,3.9,13.7,202
2019-10-12 09:00:00,9.9,0.6,3.9,13.3,248
2019-10-12 10:00:00,10.5,0.1,4.1,13.7,285
2019-10-12 11:00:00,11.1,0.1,6.7,16.6,344
2019-10-12 12:00:00,11.4,0.5,7.8,21.6,326
2019-10-12 13:00:00,11.5,0.2,10.7,26.3,312
2019-10-12 14:00:00,11.2,0.2,11.1,28.1,306
2019-10-12 15:00:00,11.2,0.1,12.4,29.5,306
2019-10-12 16:00:00,10.9,0.6,12.3,26.6,302
2019-10-12 17:00:00,10.3,0.7,10.1,24.8,297
2019-10-12 18:00:00,9.1,0.2,7.4,19.8,284
2019-10-12 19:00:00,8.8,0.2,8.0,14.0,275
2019-10-12 20:00:00,8.9,0.5,6.1,14.8,242
2019-10-12 21:00:00,8.0,0.4,5.7,11.9,198
2019-10-12 22:00:00,8.2,0.3,6.9,15.5,189
2019-10-12 23:00:00,8.6,0.6,6.5,14.0,186
2019-10-13 00:00:00,8.2,0.7,5.9,15.1,166
2019-10-13 01:00:00,7.9,0.5,4.9,14.4,144
2019-10-13 02:00:00,7.6,0.2,5.7,14.8,125
2019-10-13 03:00:00,7.3,0.1,5.7,16.2,125
2019-10-13 04:00:00,7.1,0.1,7.1,18.7,135
2019-10-13 05:00:00,7.0,0.3,7.5,20.2,145
2019-10-13 06:00:00,6.8,0.2,7.6,19.4,149
2019-10-13 07:00:00,7.2,0.1,7.8,18.7,146
2019-10-13 08:00:00,7.3,0.8,8.9,19.8,148
2019-10-13 09:00:00,8.1,0.4,9.5,20.9,155
2019-10-13 10:00:00,9.0,0.6,9.7,21.2,165
2019-10-13 11:00:00,10.1,0.2,6.0,23.8,163
2019-10-13 12:00:00,10.5,0.3,8.8,25.6,171
2019-10-13 13:00:00,11.1,0.5,10.2,25.9,170
2019-10-13 14:00:00,11.2,0.5,10.4,24.1,160
2019-10-13 15:00:00,10.9,0.5,11.1,23.0,155
2019-10-13 16:00:00,10.5,0.4,9.4,23.4,137
2019-10-13 17:00:00,9.8,0.6,7.9,22.0,129
2019-10-13 18:00:00,9.2,0.0,7.4,16.6,113
2019-10-13 19:00:00,8.9,0.0,6.5,13.7,93
2019-10-13 20:00:00,8.4,0.0,7.1,14.4,75
2019-10-13 21:00:00,8.1,0.0,7.7,14.4,62
2019-10-13 22:00:00,7.9,0.0,8.9,16.2,47
2019-10-13 23:00:00,8.4,0.0,9.2,16.2,45
2019-10-14 00:00:00,8.0,0.0,8.6,16.2,33
2019-10-14 01:00:00,7.7,0.0,8.6,14.4,22
2019-10-14 02:00:00,7.4,0.0,7.3,13.0,20
2019-10-14 03:00:00,6.9,0.0,8.6,12.2,22
2019-10-14 04:00:00,6.4,0.0,7.2,10.8,18
2019-10-14 05:00:00,6.1,0.0,6.0,10.4,17
2019-10-14 06:00:00,5.8,0.0,6.9,9.0,28
2019-10-14 07:00:00,5.8,0.0,3.6,6.8,37
2019-10-14 08:00:00,6.0,0.0,1.6,8.3,63
2019-10-14 09:00:00,6.8,0.0,1.9,8.3,112
2019-10-14 10:00:00,8.8,0.0,3.3,11.5,139
2019-10-14 11:00:00,10.1,0.0,4.2,13.3,149
2019-10-14 12:00:00,11.1,0.0,5.4,16.6,172
2019-10-14 13:00:00,11.7,0.0,7.6,23.8,185
2019-10-14 14:00:00,11.8,0.0,9.2,24.8,191
2019-10-14 15:00:00,11.6,0.0,9.1,24.1,187
2019-10-14 16:00:00,11.0,0.2,9.1,20.2,173
2019-10-14 17:00:00,10.4,0.3,7.8,19.1,158
2019-10-14 18:00:00,9.9,0.3,7.1,19.1,150
2019-10-14 19:00:00,9.7,0.3,7.9,20.2,150
2019-10-14 20:00:00,9.7,0.3,8.9,19.1,148
2019-10-14 21:00:00,9.7,0.6,10.5,20.2,139
2019-10-14 22:00:00,9.6,0.2,10.2,20.5,129
2019-10-14 23:00:00,9.7,0.2,10.0,19.8,128
2019-10-15 00:00:00,9.5,0.1,9.5,18.4,127
2019-10-15 01:00:00,9.4,0.1,9.5,17.3,115
2019-10-15 02:00:00,9.3,0.0,9.4,16.9,94
2019-10-15 03:00:00,9.5,0.0,9.7,17.3,88
2019-10-15 04:00:00,9.2,0.0,9.5,18.0,79
2019-10-15 05:00:00,8.9,0.0,10.0,18.0,77
2019-10-15 06:00:00,8.3,0.0,9.5,17.6,81
2019-10-15 07:00:00,8.6,0.0,8.8,16.2,81
2019-10-15 08:00:00,8.4,0.0,8.6,18.4,75
2019-10-15 09:00:00,8.9,0.0,8.4,17.6,65
2019-10-15 10:00:00,9.6,0.0,9.2,18.4,59
2019-10-15 11:00:00,10.6,0.0,9.9,19.8,46
2019-10-15 12:00:00,11.0,0.0,8.8,20.9,55
2019-10-15 13:00:00,11.4,0.6,9.0,20.9,67
2019-10-15 14:00:00,11.7,0.6,8.9,17.3,63
2019-10-15 15:00:00,11.2,0.3,10.8,19.1,60
2019-10-15 16:00:00,10.5,0.5,10.8,23.8,60
2019-10-15 17:00:00,10.2,0.3,10.5,24.1,63
2019-10-15 18:00:00,10.2,0.2,9.3,24.8,62
2019-10-15 19:00:00,10.2,0.2,10.0,24.8,60
2019-10-15 20:00:00,10.0,0.1,10.9,21.2,63
2019-10-15 21:00:00,10.0,0.3,11.1,22.3,65
2019-10-15 22:00:00,9.9,0.2,11.3,24.1,68
2019-10-15 23:00:00,10.0,0.0,9.9,23.8,80
2019-10-16 00:00:00,10.0,0.0,10.6,23.8,72
2019-10-16 01:00:00,10.3,0.0,11.6,24.1,74
2019-10-16 02:00:00,10.3,0.0,12.1,25.2,80
2019-10-16 03:00:00,10.3,0.0,11.9,24.8,85
2019-10-16 04:00:00,10.2,0.0,11.2,23.8,94
2019-10-16 05:00:00,10.4,0.0,11.3,24.1,97
2019-10-16 06:00:00,10.5,0.0,11.8,23.8,102
2019-10-16 07:00:00,10.5,0.0,12.2,24.1,109
2019-10-16 08:00:00,10.8,0.0,12.6,26.6,114
2019-10-16 09:00:00,11.1,0.0,13.2,26.6,119
2019-10-16 10:00:00,11.2,0.0,13.1,26.3,122
2019-10-16 11:00:00,11.8,0.0,12.3,27.7,128
2019-10-16 12:00:00,11.8,0.0,12.8,28.1,130
2019-10-16 13:00:00,11.9,0.1,11.5,27.7,129
2019-10-16 14:00:00,11.9,0.1,11.4,27.7,125
2019-10-16 15:00:00,12.0,0.0,11.1,27.0,126
2019-10-16 16:00:00,12.0,0.0,10.5,25.6,131
2019-10-16 17:00:00,11.8,0.0,10.4,23.4,136
2019-10-16 18:00:00,11.4,0.0,10.9,20.9,134
2019-10-16 19:00:00,11.1,0.0,10.0,19.8,131
2019-10-16 20:00:00,11.2,0.0,8.9,19.8,130
2019-10-16 21:00:00,11.2,0.0,9.1,18.7,124
2019-10-16 22:00:00,11.1,0.0,9.2,18.7,121
2019-10-16 23:00:00,10.7,0.0,9.2,18.7,116
2019-10-17 00:00:00,10.6,0.0,9.4,18.4,108
2019-10-17 01:00:00,10.6,0.0,9.8,18.4,107
2019-10-17 02:00:00,10.4,0.0,10.6,18.4,100
2019-10-17 03:00:00,10.3,0.0,10.5,19.1,94
2019-10-17 04:00:00,10.0,0.0,9.4,25.9,88
2019-10-17 05:00:00,9.5,0.1,10.1,25.2,86
2019-10-17 06:00:00,9.5,0.3,10.5,24.8,84
2019-10-17 07:00:00,9.0,1.3,12.0,22.0,83
2019-10-17 08:00:00,9.0,0.7,12.7,31.3,83
2019-10-17 09:00:00,9.6,0.6,14.0,31.3,78
2019-10-17 10:00:00,10.2,0.6,13.7,30.6,76
2019-10-17 11:00:00,10.5,0.9,10.8,35.3,75
2019-10-17 12:00:00,10.9,0.4,10.1,36.4,92
2019-10-17 13:00:00,11.4,0.0,9.1,27.0,108
2019-10-17 14:00:00,11.7,0.0,9.4,25.2,108
2019-10-17 15:00:00,11.7,0.0,11.0,26.6,109
2019-10-17 16:00:00,11.7,0.1,13.5,29.9,115
2019-10-17 17:00:00,11.3,0.2,15.4,32.0,127
2019-10-17 18:00:00,11.0,0.4,16.6,37.8,138
2019-10-17 19:00:00,10.9,0.5,16.3,39.6,152
2019-10-17 20:00:00,10.7,1.2,15.5,38.9,179
2019-10-17 21:00:00,10.6,0.8,16.1,37.1,200
2019-10-17 22:00:00,10.4,0.4,15.4,33.8,201
2019-10-17 23:00:00,10.1,0.5,10.8,30.6,182
2019-10-18 00:00:00,9.7,0.8,11.4,27.0,169
2019-10-18 01:00:00,9.4,0.7,12.6,27.4,160
2019-10-18 02:00:00,9.1,0.4,13.5,27.0,151
2019-10-18 03:00:00,8.7,0.3,14.1,26.6,148
2019-10-18 04:00:00,8.6,0.3,13.3,24.8,142
2019-10-18 05:00:00,8.3,0.0,12.3,23.8,130
2019-10-18 06:00:00,8.1,0.0,11.0,23.4,122
2019-10-18 07:00:00,7.8,0.0,10.3,23.0,115
2019-10-18 08:00:00,7.4,0.0,10.5,21.2,106
2019-10-18 09:00:00,7.3,0.0,10.5,21.6,94
2019-10-18 10:00:00,8.3,0.0,10.2,22.0,82
2019-10-18 11:00:00,9.9,0.0,9.0,21.6,74
2019-10-18 12:00:00,11.0,0.0,7.6,21.2,65
2019-10-18 13:00:00,11.6,0.0,6.8,20.9,65
2019-10-18 14:00:00,11.8,0.1,7.4,24.5,51
2019-10-18 15:00:00,11.2,0.7,7.7,25.2,53
2019-10-18 16:00:00,10.5,0.5,7.3,22.7,57
2019-10-18 17:00:00,10.1,0.2,6.0,24.5,57
2019-10-18 18:00:00,9.9,0.2,6.6,24.1,45
2019-10-18 19:00:00,9.7,0.3,7.9,28.4,47
2019-10-18 20:00:00,9.4,0.0,7.1,13.7,41
2019-10-18 21:00:00,9.2,0.3,8.9,13.3,32
2019-10-18 22:00:00,9.0,0.1,10.2,17.6,23
2019-10-18 23:00:00,9.4,0.2,9.2,19.1,31
2019-10-19 00:00:00,9.3,0.0,9.4,20.5,32
2019-10-19 01:00:00,9.1,0.0,10.5,20.2,41
2019-10-19 02:00:00,8.9,0.0,9.7,19.8,48
2019-10-19 03:00:00,8.4,0.0,9.4,19.1,47
2019-10-19 04:00:00,8.0,0.0,9.2,18.0,42
2019-10-19 05:00:00,7.4,0.0,7.7,16.6,53
2019-10-19 06:00:00,6.9,0.0,6.8,14.8,65
2019-10-19 07:00:00,6.5,0.0,6.3,13.3,77
2019-10-19 08:00:00,6.2,0.0,6.8,14.4,87
2019-10-19 09:00:00,7.1,0.0,7.2,15.5,96
2019-10-19 10:00:00,8.4,0.0,7.6,16.2,115
2019-10-19 11:00:00,9.9,0.0,7.4,16.9,119
2019-10-19 12:00:00,10.8,0.0,7.1,16.9,135
2019-10-19 13:00:00,11.3,0.0,6.1,16.6,135
2019-10-19 14:00:00,11.5,0.0,4.6,15.5,141
2019-10-19 15:00:00,11.5,0.0,3.6,14.0,135
2019-10-19 16:00:00,11.2,0.0,2.9,11.9,120
2019-10-19 17:00:00,9.9,0.0,2.3,9.4,39
2019-10-19 18:00:00,9.0,0.0,3.9,9.7,22
2019-10-19 19:00:00,8.4,0.0,3.1,9.7,54
2019-10-19 20:00:00,8.5,0.0,2.9,5.8,90
2019-10-19 21:00:00,8.4,0.0,4.4,7.2,81
2019-10-19 22:00:00,8.0,0.0,4.5,9.4,76
2019-10-19 23:00:00,7.6,0.0,6.7,10.1,74
2019-10-20 00:00:00,7.2,0.0,7.6,10.4,65
2019-10-20 01:00:00,6.8,0.0,7.9,10.4,60
2019-10-20 02:00:00,6.4,0.0,7.1,11.2,66
2019-10-20 03:00:00,6.3,0.0,7.6,11.9,59
2019-10-20 04:00:00,6.4,0.0,7.1,12.2,60
2019-10-20 05:00:00,6.4,0.0,6.7,12.2,54
2019-10-20 06:00:00,6.2,0.0,6.2,12.6,54
2019-10-20 07:00:00,5.8,0.0,5.8,13.0,60
2019-10-20 08:00:00,5.5,0.0,5.0,12.2,60
2019-10-20 09:00:00,5.9,0.0,5.0,11.5,69
2019-10-20 10:00:00,7.2,0.0,4.7,11.9,86
2019-10-20 11:00:00,8.5,0.0,4.6,10.8,45
2019-10-20 12:00:00,9.9,0.0,3.1,9.7,21
2019-10-20 13:00:00,10.8,0.0,3.3,8.3,347
2019-10-20 14:00:00,11.4,0.0,5.0,8.3,339
2019-10-20 15:00:00,11.4,0.0,6.8,7.2,342
2019-10-20 16:00:00,10.3,0.0,5.9,6.8,346
2019-10-20 17:00:00,9.7,0.0,9.7,5.8,345
2019-10-20 18:00:00,8.9,0.0,10.2,4.7,352
2019-10-20 19:00:00,8.6,0.0,10.5,4.0,352
2019-10-20 20:00:00,8.5,0.0,9.4,16.6,356
2019-10-20 21:00:00,8.5,0.0,8.3,14.4,355
2019-10-20 22:00:00,7.3,0.0,9.7,14.4,356
2019-10-20 23:00:00,5.8,0.0,7.9,14.8,360
2019-10-21 00:00:00,5.7,0.0,9.4,16.6,4
2019-10-21 01:00:00,4.9,0.0,8.0,16.6,10
2019-10-21 02:00:00,4.4,0.0,6.6,16.6,13
2019-10-21 03:00:00,4.3,0.0,6.2,18.0,10
2019-10-21 04:00:00,4.0,0.0,6.6,18.4,13
2019-10-21 05:00:00,3.4,0.0,5.6,15.5,15
2019-10-21 06:00:00,3.5,0.0,3.2,11.5,27
2019-10-21 07:00:00,3.9,0.0,2.6,9.7,34
2019-10-21 08:00:00,4.3,0.0,2.3,7.2,39
2019-10-21 09:00:00,5.6,0.0,2.7,9.0,67
2019-10-21 10:00:00,6.8,0.0,2.2,9.7,90
2019-10-21 11:00:00,7.8,0.0,1.9,12.2,158
2019-10-21 12:00:00,8.6,0.0,4.1,14.8,165
2019-10-21 13:00:00,8.9,0.0,6.9,21.2,186
2019-10-21 14:00:00,9.1,0.0,9.1,24.1,189
2019-10-21 15:00:00,9.2,0.0,10.8,25.2,195
2019-10-21 16:00:00,9.1,0.0,12.3,27.0,195
2019-10-21 17:00:00,9.2,0.0,14.3,30.6,192
2019-10-21 18:00:00,9.5,0.0,15.5,33.1,193
2019-10-21 19:00:00,9.4,0.0,17.4,34.9,187
2019-10-21 20:00:00,9.3,0.0,19.8,40.0,183
2019-10-21 21:00:00,9.4,0.0,22.7,45.4,183
2019-10-21 22:00:00,9.6,0.1,24.3,49.3,188
2019-10-21 23:00:00,9.8,0.2,23.9,50.8,192
2019-10-22 00:00:00,9.9,0.4,24.5,52.9,190
2019-10-22 01:00:00,9.9,0.4,24.5,54.4,194
2019-10-22 02:00:00,9.7,0.8,23.4,54.4,194
2019-10-22 03:00:00,9.5,1.4,22.7,52.2,190
2019-10-22 04:00:00,9.8,1.6,23.9,51.8,186
2019-10-22 05:00:00,10.0,1.3,25.3,54.0,185
2019-10-22 06:00:00,10.1,1.2,25.4,55.1,187
2019-10-22 07:00:00,10.5,1.0,25.7,55.8,191
2019-10-22 08:00:00,10.7,0.5,25.9,53.3,194
2019-10-22 09:00:00,11.0,0.7,26.0,53.6,194
2019-10-22 10:00:00,11.2,1.2,25.6,53.6,200
2019-10-22 11:00:00,11.2,1.7,25.4,52.6,205
2019-10-22 12:00:00,11.5,2.0,24.4,51.1,211
2019-10-22 13:00:00,11.8,2.3,24.2,50.8,221
2019-10-22 14:00:00,11.8,2.7,24.5,50.0,229
2019-10-22 15:00:00,11.7,2.7,24.0,50.8,230
2019-10-22 16:00:00,11.8,2.4,24.0,50.8,227
2019-10-22 17:00:00,11.9,1.6,22.0,50.0,230
2019-10-22 18:00:00,11.9,0.9,21.1,46.8,227
2019-10-22 19:00:00,11.8,0.4,21.4,43.6,221
2019-10-22 20:00:00,11.9,0.6,21.2,42.8,215
2019-10-22 21:00:00,12.0,0.7,21.2,42.5,212
2019-10-22 22:00:00,12.0,0.9,22.1,43.9,206
2019-10-22 23:00:00,11.9,1.5,22.1,46.8,204
2019-10-23 00:00:00,11.9,1.6,21.0,47.5,202
2019-10-23 01:00:00,11.9,1.1,19.6,45.4,193
2019-10-23 02:00:00,11.7,0.6,20.0,41.4,187
2019-10-23 03:00:00,11.6,0.1,20.1,42.8,190
2019-10-23 04:00:00,11.3,0.1,20.8,43.2,190
2019-10-23 05:00:00,11.3,0.0,21.3,40.3,184
2019-10-23 06:00:00,11.3,0.0,22.3,40.0,183
2019-10-23 07:00:00,11.3,0.0,23.9,43.2,185
2019-10-23 08:00:00,11.2,0.2,23.7,47.9,190
2019-10-23 09:00:00,11.6,0.2,22.2,47.5,188
2019-10-23 10:00:00,11.6,0.1,23.1,47.2,183
2019-10-23 11:00:00,11.6,0.1,22.9,50.4,172
2019-10-23 12:00:00,11.7,0.1,25.0,54.0,168
2019-10-23 13:00:00,11.8,0.2,24.7,55.8,167
2019-10-23 14:00:00,11.7,0.0,25.4,56.9,168
2019-10-23 15:00:00,11.6,0.2,25.3,59.4,169
2019-10-23 16:00:00,11.8,0.1,25.6,58.7,169
2019-10-23 17:00:00,11.9,0.0,27.3,58.0,168
2019-10-23 18:00:00,12.1,0.1,27.9,56.9,165
2019-10-23 19:00:00,12.0,0.2,28.3,57.6,165
2019-10-23 20:00:00,12.0,0.1,27.9,59.4,166
2019-10-23 21:00:00,12.0,0.0,28.0,60.1,164
2019-10-23 22:00:00,12.0,0.1,28.2,59.4,163
2019-10-23 23:00:00,12.2,0.2,26.1,59.0,154
2019-10-24 00:00:00,12.2,0.2,27.4,59.4,155
2019-10-24 01:00:00,12.0,0.2,29.8,60.8,160
2019-10-24 02:00:00,12.3,0.1,29.8,63.0,160
2019-10-24 03:00:00,12.1,0.3,29.5,65.5,164
2019-10-24 04:00:00,12.3,0.1,29.1,65.5,165
2019-10-24 05:00:00,12.3,0.1,27.5,62.6,158
2019-10-24 06:00:00,12.3,0.0,29.0,59.8,157
2019-10-24 07:00:00,12.4,0.0,29.3,58.7,159
2019-10-24 08:00:00,12.7,0.0,27.3,59.8,159
2019-10-24 09:00:00,12.5,0.0,27.0,57.6,164
2019-10-24 10:00:00,12.8,0.1,25.2,53.6,158
2019-10-24 11:00:00,12.5,0.1,22.3,51.5,146
2019-10-24 12:00:00,12.7,0.3,20.2,50.4,149
2019-10-24 13:00:00,12.7,0.2,18.5,46.4,147
2019-10-24 14:00:00,13.0,0.2,19.0,43.2,153
2019-10-24 15:00:00,12.8,0.7,19.5,43.2,161
2019-10-24 16:00:00,12.5,0.4,19.6,39.2,167
2019-10-24 17:00:00,12.0,0.9,18.0,32.0,168
2019-10-24 18:00:00,11.6,2.4,15.0,36.7,169
2019-10-24 19:00:00,11.7,3.2,12.6,25.9,182
2019-10-24 20:00:00,11.8,2.8,10.9,25.9,186
2019-10-24 21:00:00,11.8,2.9,10.6,22.3,204
2019-10-24 22:00:00,11.6,3.4,12.9,24.5,234
2019-10-24 23:00:00,11.2,2.9,9.7,24.8,268
2019-10-25 00:00:00,10.9,2.0,10.1,25.9,287
2019-10-25 01:00:00,10.3,1.8,13.9,27.4,295
2019-10-25 02:00:00,9.7,1.9,17.7,29.9,290
2019-10-25 03:00:00,8.8,1.0,14.7,29.5,298
2019-10-25 04:00:00,8.2,0.4,9.1,24.5,304
2019-10-25 05:00:00,7.6,0.2,7.6,15.8,278
2019-10-25 06:00:00,6.6,0.0,9.0,13.7,241
2019-10-25 07:00:00,6.2,0.0,8.7,15.8,225
2019-10-25 08:00:00,6.6,0.0,10.6,20.9,208
2019-10-25 09:00:00,7.4,0.2,16.1,31.3,207
2019-10-25 10:00:00,7.8,0.2,18.9,41.0,211
2019-10-25 11:00:00,8.0,0.5,21.5,46.8,218
2019-10-25 12:00:00,7.8,0.8,21.5,52.6,215
2019-10-25 13:00:00,8.4,0.0,24.0,56.2,216
2019-10-25 14:00:00,8.4,0.0,25.4,57.6,215
2019-10-25 15:00:00,8.2,0.0,26.3,58.0,210
2019-10-25 16:00:00,8.5,0.0,23.9,57.2,203
2019-10-25 17:00:00,8.7,0.0,22.3,52.9,203
2019-10-25 18:00:00,8.7,0.0,22.3,48.6,203
2019-10-25 19:00:00,8.6,0.0,22.7,47.2,200
2019-10-25 20:00:00,8.8,0.2,21.9,49.3,189
2019-10-25 21:00:00,8.9,0.0,20.9,47.2,180
2019-10-25 22:00:00,8.1,0.7,18.9,45.4,171
2019-10-25 23:00:00,7.4,1.2,18.6,43.2,165
2019-10-26 00:00:00,6.9,0.9,18.4,41.8,152
2019-10-26 01:00:00,6.6,0.6,18.0,36.4,151
2019-10-26 02:00:00,6.3,0.8,17.9,33.1,150
2019-10-26 03:00:00,6.1,0.9,17.2,31.0,154
2019-10-26 04:00:00,6.1,0.8,17.4,30.6,162
2019-10-26 05:00:00,6.3,0.6,16.9,31.3,168
2019-10-26 06:00:00,6.3,0.5,15.2,33.1,173
2019-10-26 07:00:00,6.3,0.3,15.1,33.1,168
2019-10-26 08:00:00,6.6,0.3,16.4,33.8,165
2019-10-26 09:00:00,7.0,0.8,17.1,36.0,165
2019-10-26 10:00:00,7.2,0.6,16.5,37.8,170
2019-10-26 11:00:00,7.1,0.5,14.4,38.5,158
2019-10-26 12:00:00,7.4,0.2,17.2,41.8,160
2019-10-26 13:00:00,7.6,0.6,19.1,42.5,164
2019-10-26 14:00:00,8.1,0.3,19.0,41.8,170
2019-10-26 15:00:00,8.0,0.6,17.4,38.9,173
2019-10-26 16:00:00,7.8,1.4,15.9,37.4,174
2019-10-26 17:00:00,7.4,0.5,14.3,36.4,170
2019-10-26 18:00:00,7.3,0.6,13.1,33.8,164
2019-10-26 19:00:00,7.2,1.1,13.2,34.6,163
2019-10-26 20:00:00,7.0,0.7,13.7,29.2,157
2019-10-26 21:00:00,7.0,0.8,14.5,30.2,153
2019-10-26 22:00:00,6.9,0.6,14.0,30.6,154
2019-10-26 23:00:00,6.2,0.5,13.6,29.9,140
2019-10-27 00:00:00,5.9,1.0,13.8,28.8,141
2019-10-27 01:00:00,5.7,0.6,14.1,28.1,130
2019-10-27 02:00:00,5.6,0.4,13.6,28.4,130
2019-10-27 03:00:00,5.7,0.3,13.3,28.1,131
2019-10-27 04:00:00,5.7,0.2,13.2,27.7,133
2019-10-27 05:00:00,5.6,0.2,13.2,26.6,135
2019-10-27 06:00:00,5.3,0.1,11.8,25.2,128
2019-10-27 07:00:00,5.3,0.0,11.3,24.8,117
2019-10-27 08:00:00,5.0,0.0,11.5,23.0,110
2019-10-27 09:00:00,5.4,0.0,11.3,22.7,107
2019-10-27 10:00:00,6.1,0.0,10.0,22.0,103
2019-10-27 11:00:00,6.7,0.0,7.2,20.9,72
2019-10-27 12:00:00,7.6,0.0,6.8,18.4,58
2019-10-27 13:00:00,8.1,0.0,5.7,16.6,35
2019-10-27 14:00:00,8.6,0.0,7.3,16.6,11
2019-10-27 15:00:00,8.5,0.0,8.7,18.4,353
2019-10-27 16:00:00,8.1,0.0,10.9,19.8,343
2019-10-27 17:00:00,7.7,0.0,10.7,19.8,346
2019-10-27 18:00:00,7.2,0.0,9.6,18.0,347
2019-10-27 19:00:00,6.9,0.0,9.3,16.9,347
2019-10-27 20:00:00,6.9,0.0,9.8,18.7,354
2019-10-27 21:00:00,6.9,0.0,11.9,22.0,357
2019-10-27 22:00:00,7.1,0.0,14.4,27.4,356
2019-10-27 23:00:00,7.0,0.0,14.1,32.4,4
2019-10-28 00:00:00,6.8,0.0,14.8,35.3,346
2019-10-28 01:00:00,6.4,0.0,15.8,37.4,343
2019-10-28 02:00:00,6.1,0.0,15.7,37.4,344
2019-10-28 03:00:00,6.1,0.0,15.0,36.7,343
2019-10-28 04:00:00,5.8,0.0,14.1,34.2,345
2019-10-28 05:00:00,5.3,0.0,12.5,30.6,348
2019-10-28 06:00:00,5.0,0.0,11.7,28.1,351
2019-10-28 07:00:00,4.7,0.0,11.2,25.6,356
2019-10-28 08:00:00,4.6,0.0,10.8,22.0,2
2019-10-28 09:00:00,4.6,0.0,10.5,20.9,6
2019-10-28 10:00:00,5.8,0.0,10.5,22.0,6
2019-10-28 11:00:00,6.8,0.0,8.5,23.4,12
2019-10-28 12:00:00,7.5,0.0,9.3,25.2,344
2019-10-28 13:00:00,7.9,0.0,11.8,26.6,340
2019-10-28 14:00:00,8.0,0.0,13.0,28.4,341
2019-10-28 15:00:00,7.7,0.0,13.6,29.2,343
2019-10-28 16:00:00,6.9,0.0,13.7,27.0,346
2019-10-28 17:00:00,6.0,0.0,14.3,24.8,350
2019-10-28 18:00:00,6.0,0.0,14.5,24.5,354
2019-10-28 19:00:00,6.1,0.0,14.4,24.5,360
2019-10-28 20:00:00,5.2,0.0,14.1,27.7,3
2019-10-28 21:00:00,5.1,0.0,14.2,26.6,7
2019-10-28 22:00:00,4.2,0.0,13.6,26.6,12
2019-10-28 23:00:00,4.5,0.0,9.9,25.6,33
2019-10-29 00:00:00,4.1,0.0,9.5,24.1,29
2019-10-29 01:00:00,3.7,0.0,9.2,23.8,31
2019-10-29 02:00:00,3.5,0.0,8.6,24.5,33
2019-10-29 03:00:00,3.3,0.0,8.3,24.5,34
2019-10-29 04:00:00,3.0,0.0,8.2,23.8,38
2019-10-29 05:00:00,2.6,0.0,8.5,23.0,36
2019-10-29 06:00:00,2.2,0.0,8.3,22.3,34
2019-10-29 07:00:00,2.2,0.0,8.2,20.9,29
2019-10-29 08:00:00,2.0,0.0,8.4,18.4,31
2019-10-29 09:00:00,2.5,0.0,8.7,16.9,30
2019-10-29 10:00:00,3.6,0.0,8.2,17.3,23
2019-10-29 11:00:00,5.1,0.0,5.6,18.4,40
2019-10-29 12:00:00,6.3,0.0,4.8,20.2,27
2019-10-29 13:00:00,7.1,0.0,5.2,21.6,12
2019-10-29 14:00:00,7.3,0.0,5.8,22.0,7
2019-10-29 15:00:00,7.0,0.0,6.1,21.6,360
2019-10-29 16:00:00,6.1,0.0,7.2,19.1,360
2019-10-29 17:00:00,4.7,0.0,9.8,18.7,6
2019-10-29 18:00:00,3.7,0.0,9.7,18.4,15
2019-10-29 19:00:00,3.1,0.0,8.7,17.3,24
2019-10-29 20:00:00,2.8,0.0,7.8,15.5,22
2019-10-29 21:00:00,2.7,0.0,6.9,12.2,28
2019-10-29 22:00:00,2.6,0.0,6.6,11.2,22
2019-10-29 23:00:00,2.1,0.0,4.6,10.1,45
2019-10-30 00:00:00,2.5,0.0,3.6,9.4,45
2019-10-30 01:00:00,2.3,0.0,3.1,9.0,69
2019-10-30 02:00:00,2.4,0.0,3.2,8.3,90
2019-10-30 03:00:00,2.4,0.0,3.4,7.9,122
2019-10-30 04:00:00,2.9,0.0,3.8,7.6,139
2019-10-30 05:00:00,3.1,0.0,3.8,9.0,163
2019-10-30 06:00:00,3.5,0.1,3.7,10.4,169
2019-10-30 07:00:00,3.5,0.2,4.0,11.2,185
2019-10-30 08:00:00,4.5,0.2,4.0,13.0,190
2019-10-30 09:00:00,4.2,0.5,2.7,11.9,203
2019-10-30 10:00:00,4.9,0.2,1.8,11.2,217
2019-10-30 11:00:00,6.1,0.2,1.8,11.9,217
2019-10-30 12:00:00,6.7,0.0,2.7,17.3,203
2019-10-30 13:00:00,7.0,0.0,3.9,19.4,214
2019-10-30 14:00:00,7.0,0.1,4.9,21.2,216
2019-10-30 15:00:00,7.0,0.3,4.6,21.2,219
2019-10-30 16:00:00,6.9,0.0,4.1,13.0,218
2019-10-30 17:00:00,6.7,0.1,5.7,13.0,215
2019-10-30 18:00:00,6.6,0.2,5.6,13.0,220
2019-10-30 19:00:00,6.7,0.3,6.6,13.7,241
2019-10-30 20:00:00,6.6,0.6,6.4,14.8,243
2019-10-30 21:00:00,6.5,0.7,6.3,13.0,246
2019-10-30 22:00:00,6.5,0.6,6.2,13.0,249
2019-10-30 23:00:00,6.4,0.5,1.8,13.3,169
2019-10-31 00:00:00,6.5,0.4,3.3,13.7,221
2019-10-31 01:00:00,6.8,0.4,5.6,14.0,243
2019-10-31 02:00:00,7.0,0.6,8.1,18.4,257
2019-10-31 03:00:00,7.0,0.4,10.1,20.9,274
2019-10-31 04:00:00,7.1,0.3,9.6,22.0,283
2019-10-31 05:00:00,6.8,0.1,9.0,20.5,286
2019-10-31 06:00:00,6.4,0.0,8.6,15.5,285
2019-10-31 07:00:00,7.1,0.0,8.7,14.0,275
2019-10-31 08:00:00,7.0,0.0,8.0,15.1,265
2019-10-31 09:00:00,6.3,0.0,7.6,13.0,273
2019-10-31 10:00:00,7.0,0.0,5.4,11.9,278
2019-10-31 11:00:00,7.8,0.0,2.6,10.8,236
2019-10-31 12:00:00,8.1,0.1,4.3,16.6,228
2019-10-31 13:00:00,8.2,0.3,5.6,17.6,225
2019-10-31 14:00:00,8.1,0.2,7.4,18.0,227
2019-10-31 15:00:00,8.0,0.3,7.7,17.3,229
2019-10-31 16:00:00,7.3,0.1,5.1,11.9,219
2019-10-31 17:00:00,6.7,0.0,6.2,9.7,190
2019-10-31 18:00:00,6.4,0.0,3.6,7.9,174
2019-10-31 19:00:00,6.0,0.0,5.6,9.7,153
2019-10-31 20:00:00,5.7,0.0,7.7,16.6,152
2019-10-31 21:00:00,5.8,0.0,9.0,18.0,151
2019-10-31 22:00:00,5.7,0.0,9.7,19.8,158
2019-10-31 23:00:00,6.0,0.0,11.0,20.9,157
2019-11-01 00:00:00,5.9,0.1,11.3,20.5,153
2019-11-01 01:00:00,5.9,0.2,12.0,19.8,147
2019-11-01 02:00:00,5.8,0.2,12.3,20.5,142
2019-11-01 03:00:00,5.8,0.1,12.3,21.2,142
2019-11-01 04:00:00,5.6,0.0,12.3,21.6,140
2019-11-01 05:00:00,5.5,0.0,12.5,22.0,136
2019-11-01 06:00:00,5.2,0.0,13.2,23.8,133
2019-11-01 07:00:00,5.2,0.0,14.0,24.8,132
2019-11-01 08:00:00,5.3,0.0,14.5,27.4,134
2019-11-01 09:00:00,5.5,0.0,14.8,28.1,131
2019-11-01 10:00:00,5.9,0.0,14.8,29.9,131
2019-11-01 11:00:00,6.0,0.0,13.1,30.6,122
2019-11-01 12:00:00,6.9,0.0,14.2,30.2,114
2019-11-01 13:00:00,7.4,0.0,14.3,29.5,108
2019-11-01 14:00:00,7.5,0.0,13.6,28.1,107
2019-11-01 15:00:00,7.5,0.0,13.7,27.0,104
2019-11-01 16:00:00,7.2,0.0,12.8,25.6,101
2019-11-01 17:00:00,6.8,0.0,11.7,23.8,99
2019-11-01 18:00:00,6.5,0.0,10.5,22.3,94
2019-11-01 19:00:00,6.3,0.0,9.4,20.9,88
2019-11-01 20:00:00,6.0,0.0,9.0,19.8,85
2019-11-01 21:00:00,5.6,0.0,8.3,18.0,88
2019-11-01 22:00:00,5.3,0.0,7.2,16.9,90
2019-11-01 23:00:00,4.7,0.0,7.1,15.5,75
2019-11-02 00:00:00,4.4,0.0,6.5,15.1,84
2019-11-02 01:00:00,4.2,0.0,5.8,14.0,86
2019-11-02 02:00:00,3.9,0.0,5.8,14.4,83
2019-11-02 03:00:00,3.6,0.0,6.3,14.4,66
2019-11-02 04:00:00,3.1,0.0,5.8,14.4,68
2019-11-02 05:00:00,3.3,0.0,6.0,13.3,73
2019-11-02 06:00:00,2.9,0.0,6.7,13.0,74
2019-11-02 07:00:00,2.9,0.0,7.3,14.8,79
2019-11-02 08:00:00,2.6,0.0,8.0,16.6,80
2019-11-02 09:00:00,3.3,0.0,8.4,16.9,80
2019-11-02 10:00:00,4.4,0.0,8.5,17.3,78
2019-11-02 11:00:00,5.3,0.0,8.0,17.3,72
2019-11-02 12:00:00,6.7,0.0,7.6,16.9,71
2019-11-02 13:00:00,7.6,0.0,7.1,16.2,66
2019-11-02 14:00:00,8.0,0.0,7.4,15.5,51
2019-11-02 15:00:00,7.7,0.0,7.6,14.4,45
2019-11-02 16:00:00,6.9,0.0,6.4,12.2,47
2019-11-02 17:00:00,5.8,0.0,6.8,13.3,58
2019-11-02 18:00:00,5.3,0.0,7.6,16.2,65
2019-11-02 19:00:00,4.8,0.0,10.0,19.1,60
2019-11-02 20:00:00,4.6,0.0,10.0,20.5,64
2019-11-02 21:00:00,4.1,0.0,8.7,19.8,73
2019-11-02 22:00:00,3.5,0.0,7.6,17.3,82
2019-11-02 23:00:00,3.5,0.0,8.4,16.6,97
2019-11-03 00:00:00,3.3,0.0,8.7,16.9,85
2019-11-03 01:00:00,3.3,0.0,9.5,17.6,79
2019-11-03 02:00:00,3.2,0.0,10.5,18.4,74
2019-11-03 03:00:00,3.1,0.0,10.8,19.8,75
2019-11-03 04:00:00,3.0,0.0,10.6,20.5,72
2019-11-03 05:00:00,3.0,0.0,10.4,21.2,70
2019-11-03 06:00:00,3.0,0.0,10.5,21.2,68
2019-11-03 07:00:00,3.3,0.0,9.9,21.2,71
2019-11-03 08:00:00,3.2,0.0,9.0,20.5,74
2019-11-03 09:00:00,3.6,0.0,9.3,19.1,74
2019-11-03 10:00:00,4.5,0.0,10.0,20.2,77
2019-11-03 11:00:00,5.8,0.0,10.1,20.2,84
2019-11-03 12:00:00,6.7,0.0,8.7,19.4,85
2019-11-03 13:00:00,7.0,0.0,7.8,18.4,77
2019-11-03 14:00:00,7.1,0.0,7.8,18.0,68
2019-11-03 15:00:00,6.7,0.0,8.5,16.9,62
2019-11-03 16:00:00,6.5,0.0,9.7,17.3,63
2019-11-03 17:00:00,6.0,0.0,9.7,16.9,63
2019-11-03 18:00:00,5.8,0.0,9.2,16.9,64
2019-11-03 19:00:00,5.4,0.0,8.4,16.9,70
2019-11-03 20:00:00,5.1,0.0,8.2,18.0,75
2019-11-03 21:00:00,4.9,0.0,8.6,17.6,75
2019-11-03 22:00:00,4.5,0.0,8.6,18.0,75
2019-11-03 23:00:00,5.2,0.0,8.7,18.0,83
2019-11-04 00:00:00,5.1,0.0,9.3,18.0,74
2019-11-04 01:00:00,5.0,0.0,10.8,19.4,69
2019-11-04 02:00:00,4.9,0.0,11.2,21.2,69
2019-11-04 03:00:00,4.4,0.0,10.7,22.3,70
2019-11-04 04:00:00,3.8,0.0,9.7,22.0,68
2019-11-04 05:00:00,3.5,0.0,8.6,20.2,68
2019-11-04 06:00:00,3.3,0.0,7.8,17.3,68
2019-11-04 07:00:00,3.2,0.0,8.3,15.8,72
2019-11-04 08:00:00,3.1,0.0,9.4,18.4,67
2019-11-04 09:00:00,3.3,0.0,10.5,19.4,63
2019-11-04 10:00:00,4.0,0.0,10.3,20.9,65
2019-11-04 11:00:00,5.4,0.0,7.9,20.5,66
2019-11-04 12:00:00,6.4,0.0,6.6,19.1,61
2019-11-04 13:00:00,7.0,0.0,7.0,16.9,69
2019-11-04 14:00:00,6.9,0.0,6.8,15.8,72
2019-11-04 15:00:00,6.7,0.0,5.4,13.7,70
2019-11-04 16:00:00,6.4,0.0,5.5,11.5,58
2019-11-04 17:00:00,5.5,0.0,6.2,12.6,54
2019-11-04 18:00:00,5.0,0.0,6.5,14.0,56
2019-11-04 19:00:00,4.6,0.0,6.8,14.4,58
2019-11-04 20:00:00,4.4,0.0,6.8,14.0,58
2019-11-04 21:00:00,3.8,0.0,6.0,13.3,65
2019-11-04 22:00:00,3.5,0.0,5.2,12.6,65
2019-11-04 23:00:00,3.6,0.0,6.2,11.5,69
2019-11-05 00:00:00,3.5,0.0,5.0,10.1,60
2019-11-05 01:00:00,3.3,0.0,4.2,9.7,59
2019-11-05 02:00:00,3.2,0.0,5.0,10.8,69
2019-11-05 03:00:00,3.0,0.0,4.8,11.2,77
2019-11-05 04:00:00,2.8,0.0,4.7,10.8,86
2019-11-05 05:00:00,2.6,0.0,4.3,10.4,95
2019-11-05 06:00:00,2.4,0.0,4.1,10.4,105
2019-11-05 07:00:00,2.0,0.0,3.9,10.4,112
2019-11-05 08:00:00,2.0,0.0,3.9,9.4,112
2019-11-05 09:00:00,2.2,0.0,4.2,9.4,110
2019-11-05 10:00:00,3.1,0.0,4.9,11.2,107
2019-11-05 11:00:00,4.8,0.0,6.6,12.2,99
2019-11-05 12:00:00,5.6,0.0,7.2,12.6,117
2019-11-05 13:00:00,6.6,0.0,6.4,11.5,128
2019-11-05 14:00:00,6.5,0.0,4.8,10.1,138
2019-11-05 15:00:00,5.7,0.0,3.7,8.3,151
2019-11-05 16:00:00,4.2,0.0,4.8,7.9,138
2019-11-05 17:00:00,4.6,0.0,4.9,8.3,126
2019-11-05 18:00:00,4.3,0.0,4.8,7.9,117
2019-11-05 19:00:00,4.1,0.0,5.4,7.9,110
2019-11-05 20:00:00,3.7,0.0,5.2,9.0,106
2019-11-05 21:00:00,2.9,0.0,4.7,9.0,99
2019-11-05 22:00:00,2.4,0.0,4.0,8.3,90
2019-11-05 23:00:00,2.0,0.0,4.7,7.2,99
2019-11-06 00:00:00,2.0,0.0,4.7,6.5,94
2019-11-06 01:00:00,2.2,0.0,4.9,7.6,107
2019-11-06 02:00:00,2.5,0.0,4.6,7.6,108
2019-11-06 03:00:00,2.6,0.0,4.2,7.9,110
2019-11-06 04:00:00,2.5,0.0,3.8,7.9,107
2019-11-06 05:00:00,2.6,0.0,4.8,8.6,117
2019-11-06 06:00:00,2.9,0.0,6.4,11.5,133
2019-11-06 07:00:00,3.0,0.0,8.5,15.1,144
2019-11-06 08:00:00,3.6,0.3,10.7,20.5,147
2019-11-06 09:00:00,3.5,0.3,12.0,22.7,147
2019-11-06 10:00:00,3.9,0.3,12.6,25.2,149
2019-11-06 11:00:00,3.9,0.4,12.6,27.7,143
2019-11-06 12:00:00,3.7,0.4,12.6,29.9,143
2019-11-06 13:00:00,3.7,0.4,12.7,32.0,145
2019-11-06 14:00:00,3.8,0.3,12.7,32.4,151
2019-11-06 15:00:00,4.0,0.2,13.2,32.8,154
2019-11-06 16:00:00,3.7,0.2,13.5,32.0,155
2019-11-06 17:00:00,3.4,0.2,13.4,32.0,156
2019-11-06 18:00:00,3.2,0.2,13.7,32.4,157
2019-11-06 19:00:00,3.3,0.2,13.9,32.8,155
2019-11-06 20:00:00,3.0,0.3,14.5,28.8,153
2019-11-06 21:00:00,3.0,0.3,14.2,29.2,150
2019-11-06 22:00:00,3.2,0.3,14.5,29.5,150
2019-11-06 23:00:00,2.6,0.3,13.0,29.9,146
2019-11-07 00:00:00,2.7,0.4,12.9,30.6,150
2019-11-07 01:00:00,2.5,0.3,12.6,31.3,149
2019-11-07 02:00:00,2.6,0.3,12.1,31.3,150
2019-11-07 03:00:00,2.5,0.4,12.2,31.3,156
2019-11-07 04:00:00,2.3,0.3,12.3,31.3,159
2019-11-07 05:00:00,2.4,0.3,12.6,31.3,160
2019-11-07 06:00:00,2.8,0.3,12.3,30.2,159
2019-11-07 07:00:00,2.8,0.2,11.1,29.5,155
2019-11-07 08:00:00,2.9,0.0,10.1,22.3,153
2019-11-07 09:00:00,3.1,0.0,10.1,20.9,153
2019-11-07 10:00:00,3.4,0.0,10.1,20.2,153
2019-11-07 11:00:00,4.2,0.0,7.1,19.8,156
2019-11-07 12:00:00,4.9,0.0,5.8,19.4,173
2019-11-07 13:00:00,5.3,0.0,5.8,18.4,176
2019-11-07 14:00:00,5.1,0.0,5.8,17.3,173
2019-11-07 15:00:00,4.7,0.0,5.2,15.5,168
2019-11-07 16:00:00,3.6,0.0,5.5,11.5,169
2019-11-07 17:00:00,2.5,0.0,1.8,11.5,191
2019-11-07 18:00:00,2.3,0.0,1.6,10.4,297
2019-11-07 19:00:00,2.5,0.0,2.4,9.4,333
2019-11-07 20:00:00,2.3,0.0,3.3,7.9,13
2019-11-07 21:00:00,2.4,0.0,4.5,9.0,29
2019-11-07 22:00:00,1.9,0.0,5.5,9.7,32
2019-11-07 23:00:00,1.5,0.0,6.2,11.5,21
2019-11-08 00:00:00,1.6,0.0,6.8,11.9,3
2019-11-08 01:00:00,1.2,0.0,7.9,11.9,16
2019-11-08 02:00:00,0.6,0.0,8.9,12.2,32
2019-11-08 03:00:00,0.9,0.0,9.9,11.9,33
2019-11-08 04:00:00,0.8,0.0,10.0,12.2,30
2019-11-08 05:00:00,0.6,0.0,9.5,13.3,29
2019-11-08 06:00:00,0.3,0.0,10.0,13.3,30
2019-11-08 07:00:00,-0.1,0.0,10.2,13.3,32
2019-11-08 08:00:00,-0.4,0.0,9.8,17.6,36
2019-11-08 09:00:00,0.0,0.0,7.3,14.4,33
2019-11-08 10:00:00,1.3,0.0,8.1,16.2,32
2019-11-08 11:00:00,2.4,0.0,5.4,18.4,37
2019-11-08 12:00:00,3.3,0.0,6.3,18.7,31
2019-11-08 13:00:00,3.8,0.0,7.0,18.7,35
2019-11-08 14:00:00,3.6,0.0,6.2,18.0,36
2019-11-08 15:00:00,2.8,0.0,6.1,17.3,40
2019-11-08 16:00:00,1.2,0.0,8.2,16.2,41
2019-11-08 17:00:00,-0.4,0.0,8.7,16.2,42
2019-11-08 18:00:00,-0.8,0.0,8.7,15.8,45
2019-11-08 19:00:00,-1.3,0.0,8.7,15.1,48
2019-11-08 20:00:00,-1.6,0.0,8.4,14.4,50
2019-11-08 21:00:00,-1.6,0.0,8.1,13.3,58
2019-11-08 22:00:00,-1.7,0.0,7.7,13.0,62
2019-11-08 23:00:00,-2.0,0.0,8.1,12.6,77
2019-11-09 00:00:00,-2.2,0.0,8.2,12.6,75
2019-11-09 01:00:00,-2.0,0.0,8.4,12.6,70
2019-11-09 02:00:00,-2.1,0.0,8.3,12.6,72
2019-11-09 03:00:00,-2.0,0.0,8.6,12.6,75
2019-11-09 04:00:00,-2.0,0.0,8.6,12.6,75
2019-11-09 05:00:00,-2.2,0.0,8.0,12.2,72
2019-11-09 06:00:00,-2.1,0.0,8.2,12.2,67
2019-11-09 07:00:00,-1.8,0.0,7.9,12.2,66
2019-11-09 08:00:00,-1.5,0.0,8.1,14.4,69
2019-11-09 09:00:00,-0.9,0.0,7.6,12.2,65
2019-11-09 10:00:00,0.8,0.0,4.5,11.5,61
2019-11-09 11:00:00,2.2,0.0,5.8,11.9,68
2019-11-09 12:00:00,2.9,0.0,4.9,12.6,54
2019-11-09 13:00:00,3.4,0.0,4.8,12.2,42
2019-11-09 14:00:00,3.4,0.0,5.2,11.5,34
2019-11-09 15:00:00,3.0,0.0,5.2,10.8,34
2019-11-09 16:00:00,1.8,0.0,7.3,10.4,33
2019-11-09 17:00:00,1.1,0.0,8.0,11.2,36
2019-11-09 18:00:00,1.1,0.0,8.2,10.8,38
2019-11-09 19:00:00,1.0,0.0,8.2,10.4,41
2019-11-09 20:00:00,1.0,0.0,7.9,13.7,47
2019-11-09 21:00:00,0.9,0.0,7.7,11.5,53
2019-11-09 22:00:00,1.0,0.0,6.8,11.2,58
2019-11-09 23:00:00,1.0,0.0,7.4,11.5,67
2019-11-10 00:00:00,0.9,0.0,7.7,11.2,53
2019-11-10 01:00:00,0.8,0.0,6.9,11.2,43
2019-11-10 02:00:00,0.7,0.0,6.4,11.2,43
2019-11-10 03:00:00,0.7,0.0,6.9,11.9,43
2019-11-10 04:00:00,0.8,0.0,6.4,12.2,47
2019-11-10 05:00:00,0.2,0.0,6.1,12.6,50
2019-11-10 06:00:00,-0.1,0.0,5.9,13.0,52
2019-11-10 07:00:00,-0.1,0.0,5.7,13.3,55
2019-11-10 08:00:00,-0.4,0.0,5.3,12.6,62
2019-11-10 09:00:00,-0.5,0.0,5.3,11.2,62
2019-11-10 10:00:00,0.4,0.0,5.8,12.2,68
2019-11-10 11:00:00,1.5,0.0,4.4,14.0,81
2019-11-10 12:00:00,2.0,0.0,3.4,14.0,72
2019-11-10 13:00:00,2.2,0.0,2.6,13.7,56
2019-11-10 14:00:00,2.1,0.0,2.6,12.2,56
2019-11-10 15:00:00,1.3,0.0,3.5,10.1,66
2019-11-10 16:00:00,-0.5,0.0,3.7,9.4,61
2019-11-10 17:00:00,-1.1,0.0,4.0,10.1,63
2019-11-10 18:00:00,-1.1,0.0,4.8,9.7,77
2019-11-10 19:00:00,-0.8,0.0,5.8,9.7,97
2019-11-10 20:00:00,-0.5,0.0,4.8,10.8,103
2019-11-10 21:00:00,-0.4,0.0,6.3,13.7,103
2019-11-10 22:00:00,-0.8,0.0,6.4,14.4,117
2019-11-10 23:00:00,-0.4,0.0,6.3,15.1,121
2019-11-11 00:00:00,-0.6,0.0,6.5,16.6,109
2019-11-11 01:00:00,-0.6,0.0,8.0,16.9,95
2019-11-11 02:00:00,-0.8,0.0,9.7,18.7,92
2019-11-11 03:00:00,-1.1,0.0,10.1,19.4,94
2019-11-11 04:00:00,-1.1,0.0,10.4,19.8,92
2019-11-11 05:00:00,-1.8,0.0,10.8,20.9,88
2019-11-11 06:00:00,-1.8,0.0,9.8,21.2,84
2019-11-11 07:00:00,-1.7,0.0,9.0,21.2,88
2019-11-11 08:00:00,-1.5,0.0,9.4,19.1,88
2019-11-11 09:00:00,-1.3,0.0,10.1,19.8,88
2019-11-11 10:00:00,-0.6,0.0,10.4,21.2,88
2019-11-11 11:00:00,0.1,0.0,10.1,21.6,84
2019-11-11 12:00:00,1.1,0.0,9.7,21.6,86
2019-11-11 13:00:00,1.6,0.0,9.4,21.2,83
2019-11-11 14:00:00,1.5,0.0,9.0,20.5,85
2019-11-11 15:00:00,1.5,0.0,9.0,18.4,85
2019-11-11 16:00:00,1.3,0.0,9.2,19.4,79
2019-11-11 17:00:00,1.2,0.0,9.8,20.5,73
2019-11-11 18:00:00,1.3,0.0,10.5,20.5,68
2019-11-11 19:00:00,1.5,0.0,10.3,21.2,65
2019-11-11 20:00:00,1.7,0.0,10.9,19.8,63
2019-11-11 21:00:00,1.9,0.0,11.8,20.9,59
2019-11-11 22:00:00,2.3,0.0,12.7,23.8,55
2019-11-11 23:00:00,2.8,0.0,11.4,22.7,55
2019-11-12 00:00:00,3.0,0.0,13.6,22.0,40
2019-11-12 01:00:00,3.2,0.0,14.3,22.3,43
2019-11-12 02:00:00,3.0,0.0,13.3,22.0,52
2019-11-12 03:00:00,3.3,0.0,12.7,21.2,55
2019-11-12 04:00:00,3.4,0.0,13.2,21.2,55
2019-11-12 05:00:00,3.5,0.0,13.3,22.3,52
2019-11-12 06:00:00,3.9,0.0,13.1,23.4,53
2019-11-12 07:00:00,3.9,0.0,12.5,24.1,57
2019-11-12 08:00:00,3.7,0.0,12.3,24.8,58
2019-11-12 09:00:00,3.9,0.0,12.3,24.5,58
2019-11-12 10:00:00,4.6,0.0,12.7,25.2,61
2019-11-12 11:00:00,5.2,0.0,11.9,25.9,55
2019-11-12 12:00:00,5.5,0.1,12.2,25.6,56
2019-11-12 13:00:00,5.4,0.3,10.8,24.5,64
2019-11-12 14:00:00,5.2,0.3,9.0,31.3,67
2019-11-12 15:00:00,4.8,0.8,8.1,20.9,69
2019-11-12 16:00:00,4.3,0.4,8.1,20.2,69
2019-11-12 17:00:00,4.0,0.2,7.6,22.0,82
2019-11-12 18:00:00,4.0,0.1,8.6,21.6,92
2019-11-12 19:00:00,3.9,0.2,8.7,18.0,97
2019-11-12 20:00:00,3.6,0.6,8.2,18.7,105
2019-11-12 21:00:00,3.6,0.3,7.9,16.6,106
2019-11-12 22:00:00,3.6,0.5,6.8,19.4,108
2019-11-12 23:00:00,3.4,0.8,7.3,21.6,81
2019-11-13 00:00:00,3.5,0.9,6.8,24.5,72
2019-11-13 01:00:00,3.7,0.8,6.6,25.6,77
2019-11-13 02:00:00,3.9,0.8,5.8,25.6,86
2019-11-13 03:00:00,4.0,0.8,6.8,25.2,93
2019-11-13 04:00:00,4.3,0.4,7.7,24.1,101
2019-11-13 05:00:00,4.4,0.7,8.7,21.6,120
2019-11-13 06:00:00,4.8,0.5,10.2,23.0,135
2019-11-13 07:00:00,5.4,0.4,10.8,26.6,143
2019-11-13 08:00:00,5.6,0.5,12.0,26.6,147
2019-11-13 09:00:00,5.7,0.5,12.6,27.7,149
2019-11-13 10:00:00,5.9,0.3,13.8,27.4,152
2019-11-13 11:00:00,6.4,0.3,13.4,27.4,149
2019-11-13 12:00:00,6.6,0.2,13.1,27.0,148
2019-11-13 13:00:00,6.7,0.0,13.2,25.6,151
2019-11-13 14:00:00,7.0,0.0,13.0,24.8,152
2019-11-13 15:00:00,6.9,0.0,11.8,23.4,149
2019-11-13 16:00:00,6.4,0.0,9.7,22.0,149
2019-11-13 17:00:00,5.6,0.0,8.4,19.8,149
2019-11-13 18:00:00,5.1,0.0,8.4,18.7,149
2019-11-13 19:00:00,4.5,0.0,9.4,17.3,140
2019-11-13 20:00:00,3.9,0.0,8.9,18.0,133
2019-11-13 21:00:00,3.6,0.0,8.6,15.5,123
2019-11-13 22:00:00,2.8,0.0,7.6,14.8,115
2019-11-13 23:00:00,3.4,0.0,6.9,15.8,96
2019-11-14 00:00:00,3.0,0.0,7.3,16.2,81
2019-11-14 01:00:00,2.7,0.0,8.3,16.2,72
2019-11-14 02:00:00,2.4,0.0,8.9,16.2,69
2019-11-14 03:00:00,2.1,0.0,9.6,16.2,70
2019-11-14 04:00:00,2.1,0.0,10.2,16.2,67
2019-11-14 05:00:00,2.1,0.0,10.6,16.6,62
2019-11-14 06:00:00,2.2,0.0,10.6,16.6,62
2019-11-14 07:00:00,1.9,0.0,10.0,16.6,64
2019-11-14 08:00:00,1.5,0.0,8.6,19.8,68
2019-11-14 09:00:00,1.6,0.0,7.6,16.6,71
2019-11-14 10:00:00,2.4,0.0,8.0,15.8,72
2019-11-14 11:00:00,4.4,0.0,6.4,16.2,63
2019-11-14 12:00:00,5.1,0.0,5.8,15.5,68
2019-11-14 13:00:00,5.6,0.0,6.0,14.0,73
2019-11-14 14:00:00,5.9,0.0,5.9,12.6,76
2019-11-14 15:00:00,5.5,0.0,4.7,12.2,86
2019-11-14 16:00:00,4.7,0.0,5.4,11.5,90
2019-11-14 17:00:00,4.0,0.0,6.8,11.2,90
2019-11-14 18:00:00,3.9,0.0,6.8,10.4,93
2019-11-14 19:00:00,3.3,0.0,6.5,10.4,96
2019-11-14 20:00:00,3.5,0.2,6.7,11.5,106
2019-11-14 21:00:00,3.3,0.2,6.8,10.1,115
2019-11-14 22:00:00,4.1,0.2,8.4,16.9,121
2019-11-14 23:00:00,4.2,0.4,6.4,19.4,106
2019-11-15 00:00:00,3.4,0.3,5.9,19.8,104
2019-11-15 01:00:00,3.7,0.0,6.9,15.8,96
2019-11-15 02:00:00,3.6,0.0,7.2,16.2,87
2019-11-15 03:00:00,3.3,0.0,6.5,15.1,84
2019-11-15 04:00:00,3.1,0.0,6.2,13.3,80
2019-11-15 05:00:00,2.9,0.0,6.1,12.6,90
2019-11-15 06:00:00,2.0,0.0,7.2,12.2,90
2019-11-15 07:00:00,2.0,0.0,7.9,13.3,87
2019-11-15 08:00:00,1.6,0.0,8.3,16.6,85
2019-11-15 09:00:00,1.5,0.0,8.8,16.2,81
2019-11-15 10:00:00,1.7,0.0,8.7,16.9,85
2019-11-15 11:00:00,3.4,0.0,8.3,17.3,92
2019-11-15 12:00:00,4.3,0.0,6.1,16.9,90
2019-11-15 13:00:00,5.0,0.0,5.5,18.7,79
2019-11-15 14:00:00,4.8,0.0,6.0,19.1,73
2019-11-15 15:00:00,4.6,0.0,6.3,18.4,66
2019-11-15 16:00:00,3.9,0.0,6.0,15.5,65
2019-11-15 17:00:00,3.6,0.0,5.4,14.4,70
2019-11-15 18:00:00,3.4,0.0,5.3,14.4,62
2019-11-15 19:00:00,3.7,0.0,5.7,13.7,55
2019-11-15 20:00:00,3.6,0.0,4.8,13.7,77
2019-11-15 21:00:00,3.7,0.0,4.7,10.4,90
2019-11-15 22:00:00,3.4,0.0,5.5,9.7,101
2019-11-15 23:00:00,3.2,0.0,6.6,10.1,103
2019-11-16 00:00:00,3.1,0.0,5.7,10.8,72
2019-11-16 01:00:00,3.2,0.0,5.6,11.9,63
2019-11-16 02:00:00,3.1,0.0,5.8,12.2,83
2019-11-16 03:00:00,3.0,0.0,6.3,11.9,77
2019-11-16 04:00:00,3.1,0.0,6.4,12.2,63
2019-11-16 05:00:00,3.0,0.0,5.8,13.7,60
2019-11-16 06:00:00,3.0,0.0,5.8,14.0,60
2019-11-16 07:00:00,2.6,0.0,6.2,14.0,54
2019-11-16 08:00:00,2.9,0.0,6.2,13.7,54
2019-11-16 09:00:00,3.0,0.0,6.3,12.6,59
2019-11-16 10:00:00,3.4,0.0,7.6,14.4,65
2019-11-16 11:00:00,4.6,0.0,7.4,15.5,67
2019-11-16 12:00:00,5.0,0.0,6.8,15.5,58
2019-11-16 13:00:00,5.3,0.0,7.4,14.8,61
2019-11-16 14:00:00,5.3,0.0,7.0,14.4,69
2019-11-16 15:00:00,5.2,0.1,5.3,13.0,62
2019-11-16 16:00:00,4.9,0.2,7.4,10.8,51
2019-11-16 17:00:00,4.4,0.2,7.1,9.7,41
2019-11-16 18:00:00,4.3,0.0,6.6,9.4,29
2019-11-16 19:00:00,4.5,0.0,6.9,9.7,28
2019-11-16 20:00:00,4.5,0.0,8.5,14.4,36
2019-11-16 21:00:00,4.3,0.0,7.3,12.2,33
2019-11-16 22:00:00,4.2,0.0,6.9,11.9,28
2019-11-16 23:00:00,2.4,0.0,6.7,11.9,36
2019-11-17 00:00:00,2.9,0.0,7.0,11.5,35
2019-11-17 01:00:00,2.2,0.0,6.9,10.8,39
2019-11-17 02:00:00,2.0,0.0,6.1,10.4,45
2019-11-17 03:00:00,2.1,0.0,5.4,10.1,48
2019-11-17 04:00:00,2.4,0.0,4.6,8.6,45
2019-11-17 05:00:00,2.3,0.0,3.2,7.9,27
2019-11-17 06:00:00,2.2,0.0,3.8,8.3,17
2019-11-17 07:00:00,2.4,0.0,5.0,8.6,21
2019-11-17 08:00:00,2.6,0.0,5.0,9.7,30
2019-11-17 09:00:00,2.6,0.0,3.9,9.4,34
2019-11-17 10:00:00,3.3,0.0,3.2,7.9,27
2019-11-17 11:00:00,4.3,0.0,3.8,7.2,41
2019-11-17 12:00:00,5.1,0.0,3.4,7.9,32
2019-11-17 13:00:00,6.0,0.0,2.6,7.9,16
2019-11-17 14:00:00,5.5,0.0,1.8,5.8,11
2019-11-17 15:00:00,5.9,0.0,1.1,5.8,360
2019-11-17 16:00:00,5.3,0.0,3.7,6.1,29
2019-11-17 17:00:00,3.9,0.0,6.2,7.2,36
2019-11-17 18:00:00,3.0,0.0,5.9,8.6,47
2019-11-17 19:00:00,3.2,0.0,6.8,8.6,58
2019-11-17 20:00:00,3.0,0.0,5.8,11.9,60
2019-11-17 21:00:00,2.3,0.0,4.6,10.1,72
2019-11-17 22:00:00,2.0,0.0,4.8,10.1,77
2019-11-17 23:00:00,1.7,0.0,5.5,10.4,67
2019-11-18 00:00:00,2.0,0.0,5.7,10.4,72
2019-11-18 01:00:00,2.4,0.0,5.6,10.8,75
2019-11-18 02:00:00,2.8,0.0,5.4,11.9,82
2019-11-18 03:00:00,3.0,0.0,5.9,13.0,79
2019-11-18 04:00:00,2.9,0.0,5.1,13.3,82
2019-11-18 05:00:00,2.8,0.0,4.4,13.0,81
2019-11-18 06:00:00,2.9,0.0,5.2,10.4,78
2019-11-18 07:00:00,3.2,0.0,5.4,9.0,90
2019-11-18 08:00:00,3.3,0.0,5.1,12.6,94
2019-11-18 09:00:00,3.4,0.0,4.0,9.4,80
2019-11-18 10:00:00,3.4,0.2,3.4,7.9,72
2019-11-18 11:00:00,4.1,0.3,5.9,9.7,79
2019-11-18 12:00:00,4.1,0.3,5.5,10.4,67
2019-11-18 13:00:00,4.4,0.3,5.4,11.5,20
2019-11-18 14:00:00,4.4,0.2,8.3,13.7,2
2019-11-18 15:00:00,4.2,0.2,10.1,15.1,360
2019-11-18 16:00:00,4.0,0.1,11.5,15.8,360
2019-11-18 17:00:00,3.9,0.1,11.5,18.0,360
2019-11-18 18:00:00,3.8,0.0,12.0,21.2,351
2019-11-18 19:00:00,3.8,0.0,12.7,23.4,352
2019-11-18 20:00:00,3.6,0.0,14.4,26.6,357
2019-11-18 21:00:00,3.8,0.0,14.8,28.4,359
2019-11-18 22:00:00,3.9,0.0,14.8,28.4,359
2019-11-18 23:00:00,4.2,0.0,13.4,29.2,8
2019-11-19 00:00:00,3.9,0.0,13.0,29.2,5
2019-11-19 01:00:00,3.7,0.0,12.3,28.4,7
2019-11-19 02:00:00,3.6,0.0,13.3,29.2,357
2019-11-19 03:00:00,3.6,0.0,16.2,31.7,356
2019-11-19 04:00:00,3.7,0.0,16.9,34.6,358
2019-11-19 05:00:00,3.8,0.0,17.7,35.3,356
2019-11-19 06:00:00,3.8,0.0,18.8,34.9,356
2019-11-19 07:00:00,3.8,0.0,19.2,34.6,354
2019-11-19 08:00:00,4.0,0.0,18.8,36.7,355
2019-11-19 09:00:00,3.9,0.0,18.1,35.3,355
2019-11-19 10:00:00,4.2,0.0,17.4,33.8,354
2019-11-19 11:00:00,4.5,0.0,14.4,33.1,359
2019-11-19 12:00:00,5.2,0.0,14.2,32.0,353
2019-11-19 13:00:00,5.6,0.0,14.3,31.7,350
2019-11-19 14:00:00,5.4,0.0,13.1,31.0,351
2019-11-19 15:00:00,5.2,0.0,12.0,28.4,353
2019-11-19 16:00:00,4.3,0.0,9.7,24.1,358
2019-11-19 17:00:00,2.7,0.0,8.3,20.9,5
2019-11-19 18:00:00,2.0,0.0,7.4,18.7,14
2019-11-19 19:00:00,1.5,0.0,5.8,16.6,30
2019-11-19 20:00:00,1.5,0.0,5.9,14.4,52
2019-11-19 21:00:00,1.0,0.0,6.3,15.1,77
2019-11-19 22:00:00,0.7,0.0,7.6,16.2,90
2019-11-19 23:00:00,-0.1,0.0,7.7,16.6,101
2019-11-20 00:00:00,-0.4,0.0,8.0,16.9,108
2019-11-20 01:00:00,-0.3,0.0,8.4,16.9,110
2019-11-20 02:00:00,-0.2,0.0,9.0,16.9,106
2019-11-20 03:00:00,-0.2,0.0,9.2,16.2,101
2019-11-20 04:00:00,-0.4,0.0,8.8,16.6,102
2019-11-20 05:00:00,-0.5,0.0,8.4,17.3,100
2019-11-20 06:00:00,-0.4,0.0,8.7,17.3,97
2019-11-20 07:00:00,-0.5,0.0,8.4,17.3,100
2019-11-20 08:00:00,0.1,0.0,7.0,18.4,102
2019-11-20 09:00:00,-0.4,0.0,6.8,15.5,108
2019-11-20 10:00:00,0.2,0.0,8.0,17.3,108
2019-11-20 11:00:00,1.5,0.0,10.7,18.7,104
2019-11-20 12:00:00,2.5,0.0,10.3,19.8,102
2019-11-20 13:00:00,3.1,0.0,10.5,19.8,96
2019-11-20 14:00:00,3.8,0.0,10.8,19.8,94
2019-11-20 15:00:00,3.9,0.0,10.8,19.1,94
2019-11-20 16:00:00,3.3,0.0,10.8,18.7,92
2019-11-20 17:00:00,3.4,0.0,10.8,18.4,92
2019-11-20 18:00:00,3.5,0.0,10.4,18.7,90
2019-11-20 19:00:00,3.2,0.0,10.4,18.7,88
2019-11-20 20:00:00,3.6,0.0,10.1,22.0,88
2019-11-20 21:00:00,3.8,0.0,9.7,19.4,90
2019-11-20 22:00:00,3.9,0.0,9.0,19.1,88
2019-11-20 23:00:00,4.1,0.0,8.8,18.4,78
2019-11-21 00:00:00,3.7,0.0,8.3,16.6,85
2019-11-21 01:00:00,3.4,0.0,7.6,14.4,85
2019-11-21 02:00:00,3.4,0.0,7.3,14.8,70
2019-11-21 03:00:00,3.5,0.0,7.4,15.8,61
2019-11-21 04:00:00,3.9,0.0,7.2,16.9,53
2019-11-21 05:00:00,4.1,0.0,6.9,17.3,51
2019-11-21 06:00:00,4.2,0.0,6.7,16.9,54
2019-11-21 07:00:00,4.7,0.0,6.5,16.2,56
2019-11-21 08:00:00,4.6,0.0,7.0,15.5,55
2019-11-21 09:00:00,4.7,0.0,6.8,14.8,58
2019-11-21 10:00:00,4.6,0.0,7.0,14.8,69
2019-11-21 11:00:00,5.8,0.0,8.6,15.5,68
2019-11-21 12:00:00,6.2,0.0,9.4,15.5,67
2019-11-21 13:00:00,6.7,0.0,9.0,15.1,67
2019-11-21 14:00:00,6.7,0.0,8.9,15.5,69
2019-11-21 15:00:00,7.0,0.0,9.4,16.2,67
2019-11-21 16:00:00,7.0,0.0,9.8,17.6,66
2019-11-21 17:00:00,6.7,0.0,10.0,18.4,69
2019-11-21 18:00:00,6.2,0.0,9.7,18.4,75
2019-11-21 19:00:00,6.3,0.0,9.1,18.0,81
2019-11-21 20:00:00,5.9,0.0,8.8,19.1,81
2019-11-21 21:00:00,5.7,0.0,8.7,17.3,83
2019-11-21 22:00:00,5.6,0.0,8.7,17.3,83
2019-11-21 23:00:00,5.8,0.0,10.0,17.3,75
2019-11-22 00:00:00,5.8,0.0,10.2,18.4,67
2019-11-22 01:00:00,5.9,0.0,10.7,19.8,70
2019-11-22 02:00:00,6.2,0.0,9.8,20.5,73
2019-11-22 03:00:00,6.7,0.2,10.0,20.2,64
2019-11-22 04:00:00,6.8,0.0,10.3,19.8,61
2019-11-22 05:00:00,7.0,0.0,10.0,19.4,60
2019-11-22 06:00:00,7.0,0.0,9.8,19.1,62
2019-11-22 07:00:00,6.7,0.0,9.8,19.1,62
2019-11-22 08:00:00,6.2,0.0,10.1,20.5,63
2019-11-22 09:00:00,6.3,0.0,9.8,19.8,66
2019-11-22 10:00:00,6.1,0.0,9.6,19.4,70
2019-11-22 11:00:00,7.5,0.0,8.2,18.7,61
2019-11-22 12:00:00,8.2,0.0,8.1,16.6,69
2019-11-22 13:00:00,8.5,0.2,8.3,15.8,72
2019-11-22 14:00:00,8.7,0.2,8.9,14.8,76
2019-11-22 15:00:00,8.3,0.2,7.8,14.4,77
2019-11-22 16:00:00,8.1,0.0,7.6,15.1,82
2019-11-22 17:00:00,7.8,0.0,7.6,16.6,82
2019-11-22 18:00:00,7.8,0.1,7.1,16.2,75
2019-11-22 19:00:00,7.6,0.0,6.8,15.5,72
2019-11-22 20:00:00,7.6,0.1,8.2,16.2,67
2019-11-22 21:00:00,7.7,0.2,10.0,19.1,64
2019-11-22 22:00:00,7.5,0.1,10.5,20.9,68
2019-11-22 23:00:00,7.6,0.0,10.0,20.9,77
2019-11-23 00:00:00,7.3,0.0,10.6,20.5,80
2019-11-23 01:00:00,7.2,0.1,10.9,20.2,81
2019-11-23 02:00:00,6.9,0.1,11.2,21.2,84
2019-11-23 03:00:00,6.8,0.1,11.6,37.4,85
2019-11-23 04:00:00,6.9,0.0,12.2,24.1,88
2019-11-23 05:00:00,6.8,0.0,11.5,24.8,94
2019-11-23 06:00:00,6.6,0.0,10.4,24.1,90
2019-11-23 07:00:00,6.4,0.0,10.1,22.3,86
2019-11-23 08:00:00,5.9,0.0,9.8,19.8,84
2019-11-23 09:00:00,5.6,0.0,9.9,19.1,80
2019-11-23 10:00:00,5.7,0.0,10.4,19.8,76
2019-11-23 11:00:00,6.5,0.0,10.5,20.2,68
2019-11-23 12:00:00,7.4,0.0,9.8,19.4,66
2019-11-23 13:00:00,7.7,0.0,10.3,18.7,65
2019-11-23 14:00:00,7.8,0.0,10.4,18.7,70
2019-11-23 15:00:00,7.5,0.0,9.3,18.0,74
2019-11-23 16:00:00,7.0,0.0,8.5,17.6,78
2019-11-23 17:00:00,6.4,0.0,8.7,17.6,73
2019-11-23 18:00:00,6.1,0.0,8.6,17.3,68
2019-11-23 19:00:00,5.8,0.0,8.4,15.1,70
2019-11-23 20:00:00,5.6,0.0,7.4,17.3,76
2019-11-23 21:00:00,5.5,0.0,7.7,14.8,79
2019-11-23 22:00:00,5.4,0.0,7.7,15.5,79
2019-11-23 23:00:00,5.6,0.0,8.7,15.5,73
2019-11-24 00:00:00,5.4,0.0,8.4,16.2,80
2019-11-24 01:00:00,5.6,0.0,8.7,16.6,83
2019-11-24 02:00:00,5.7,0.0,9.1,16.9,83
2019-11-24 03:00:00,5.8,0.0,9.8,16.9,82
2019-11-24 04:00:00,5.9,0.0,9.5,16.9,79
2019-11-24 05:00:00,5.8,0.0,9.1,16.6,81
2019-11-24 06:00:00,5.9,0.0,8.7,15.8,83
2019-11-24 07:00:00,6.0,0.0,7.2,15.8,90
2019-11-24 08:00:00,5.8,0.0,5.9,15.5,101
2019-11-24 09:00:00,6.0,0.0,6.5,14.0,96
2019-11-24 10:00:00,6.2,0.0,6.6,15.1,99
2019-11-24 11:00:00,6.7,0.0,7.3,15.1,99
2019-11-24 12:00:00,7.1,0.0,7.2,14.0,93
2019-11-24 13:00:00,7.6,0.0,6.9,13.0,84
2019-11-24 14:00:00,7.7,0.0,8.1,16.2,77
2019-11-24 15:00:00,7.7,0.0,8.7,18.4,73
2019-11-24 16:00:00,7.5,0.0,7.9,18.0,74
2019-11-24 17:00:00,7.6,0.0,7.8,15.8,77
2019-11-24 18:00:00,7.1,0.0,7.3,17.3,81
2019-11-24 19:00:00,6.9,0.0,5.1,23.4,86
2019-11-24 20:00:00,6.4,0.0,3.8,22.0,107
2019-11-24 21:00:00,6.2,0.0,4.0,20.9,117
2019-11-24 22:00:00,6.3,0.0,4.5,10.1,119
2019-11-24 23:00:00,6.7,0.0,3.5,9.7,114
2019-11-25 00:00:00,6.9,0.0,3.0,9.0,104
2019-11-25 01:00:00,6.7,0.0,2.9,8.6,83
2019-11-25 02:00:00,6.6,0.1,1.9,7.2,112
2019-11-25 03:00:00,6.6,0.3,1.8,7.9,127
2019-11-25 04:00:00,6.5,0.3,2.3,10.8,108
2019-11-25 05:00:00,6.4,0.1,4.3,13.0,85
2019-11-25 06:00:00,6.4,0.0,4.7,13.7,81
2019-11-25 07:00:00,6.1,0.0,3.7,11.2,101
2019-11-25 08:00:00,6.1,0.0,3.5,7.2,114
2019-11-25 09:00:00,6.1,0.0,3.7,6.8,119
2019-11-25 10:00:00,6.2,0.0,3.5,7.2,114
2019-11-25 11:00:00,7.0,0.0,3.4,7.2,108
2019-11-25 12:00:00,7.2,0.0,5.0,9.7,90
2019-11-25 13:00:00,7.4,0.0,5.9,11.2,79
2019-11-25 14:00:00,7.5,0.0,3.7,11.5,79
2019-11-25 15:00:00,7.0,0.0,4.0,10.1,90
2019-11-25 16:00:00,6.3,0.1,3.3,7.9,103
2019-11-25 17:00:00,6.2,0.3,3.9,7.9,112
2019-11-25 18:00:00,6.0,0.4,4.0,7.2,95
2019-11-25 19:00:00,6.1,0.4,4.0,7.2,90
2019-11-25 20:00:00,5.7,0.2,4.3,7.2,85
2019-11-25 21:00:00,5.4,0.0,4.8,6.5,77
2019-11-25 22:00:00,5.4,0.0,4.1,7.9,75
2019-11-25 23:00:00,5.9,0.0,4.0,8.6,85
2019-11-26 00:00:00,5.5,0.0,3.6,8.3,90
2019-11-26 01:00:00,5.6,0.0,4.3,7.6,95
2019-11-26 02:00:00,5.3,0.0,3.2,6.1,117
2019-11-26 03:00:00,5.4,0.0,3.1,4.7,126
2019-11-26 04:00:00,5.2,0.0,2.9,4.7,97
2019-11-26 05:00:00,5.4,0.2,3.3,4.3,84
2019-11-26 06:00:00,5.3,0.3,3.8,4.7,73
2019-11-26 07:00:00,5.3,0.2,3.9,5.8,68
2019-11-26 08:00:00,5.0,0.1,4.0,7.2,63
2019-11-26 09:00:00,4.9,0.0,4.3,7.2,66
2019-11-26 10:00:00,4.9,0.0,3.7,7.2,79
2019-11-26 11:00:00,6.0,0.0,4.7,9.0,94
2019-11-26 12:00:00,6.3,0.0,4.7,9.4,99
2019-11-26 13:00:00,6.4,0.0,4.2,9.7,110
2019-11-26 14:00:00,6.5,0.1,3.4,9.4,108
2019-11-26 15:00:00,6.1,0.2,4.0,7.9,95
2019-11-26 16:00:00,5.7,0.2,4.3,7.6,85
2019-11-26 17:00:00,5.5,0.2,4.7,7.2,81
2019-11-26 18:00:00,5.5,0.1,4.6,7.9,72
2019-11-26 19:00:00,5.2,0.1,5.5,9.7,67
2019-11-26 20:00:00,4.9,0.0,6.4,9.7,63
2019-11-26 21:00:00,4.7,0.0,6.0,8.3,73
2019-11-26 22:00:00,4.6,0.1,5.4,9.4,70
2019-11-26 23:00:00,4.5,0.0,5.4,10.8,53
2019-11-27 00:00:00,3.9,0.0,6.9,11.9,51
2019-11-27 01:00:00,4.2,0.0,7.4,12.2,51
2019-11-27 02:00:00,4.3,0.0,8.0,11.9,54
2019-11-27 03:00:00,4.8,0.0,8.3,14.4,56
2019-11-27 04:00:00,4.8,0.0,8.3,15.5,56
2019-11-27 05:00:00,4.5,0.0,8.0,15.5,54
2019-11-27 06:00:00,4.5,0.0,8.1,13.3,58
2019-11-27 07:00:00,4.7,0.0,8.2,13.7,61
2019-11-27 08:00:00,4.6,0.0,7.9,16.6,66
2019-11-27 09:00:00,4.9,0.0,7.5,16.2,73
2019-11-27 10:00:00,4.9,0.0,7.3,15.5,81
2019-11-27 11:00:00,6.0,0.0,6.9,14.8,81
2019-11-27 12:00:00,6.6,0.0,6.9,14.4,62
2019-11-27 13:00:00,6.8,0.0,7.5,14.0,55
2019-11-27 14:00:00,6.9,0.1,6.5,12.6,56
2019-11-27 15:00:00,6.8,0.2,5.9,13.0,52
2019-11-27 16:00:00,6.5,0.2,6.4,13.7,43
2019-11-27 17:00:00,6.2,0.2,8.7,15.5,30
2019-11-27 18:00:00,6.1,0.2,8.9,17.3,32
2019-11-27 19:00:00,6.0,0.1,8.9,17.3,32
2019-11-27 20:00:00,5.8,0.3,9.3,17.6,28
2019-11-27 21:00:00,5.5,0.2,9.7,18.7,27
2019-11-27 22:00:00,5.0,0.2,8.5,19.1,28
2019-11-27 23:00:00,5.7,0.0,7.8,17.3,22
2019-11-28 00:00:00,5.6,0.0,7.9,17.3,24
2019-11-28 01:00:00,5.5,0.0,7.6,17.6,25
2019-11-28 02:00:00,5.0,0.0,6.5,17.6,19
2019-11-28 03:00:00,4.6,0.0,7.8,18.7,13
2019-11-28 04:00:00,4.3,0.0,9.3,22.0,13
2019-11-28 05:00:00,3.9,0.0,10.8,24.1,15
2019-11-28 06:00:00,3.7,0.0,12.8,27.4,10
2019-11-28 07:00:00,3.9,0.0,16.2,33.8,4
2019-11-28 08:00:00,3.8,0.0,19.8,34.9,360
2019-11-28 09:00:00,4.0,0.0,22.0,38.9,359
2019-11-28 10:00:00,3.9,0.0,22.7,41.4,358
2019-11-28 11:00:00,4.7,0.0,22.7,43.9,1
2019-11-28 12:00:00,5.2,0.0,24.5,47.2,359
2019-11-28 13:00:00,5.4,0.0,25.6,50.4,359
2019-11-28 14:00:00,5.4,0.0,27.0,52.9,360
2019-11-28 15:00:00,5.2,0.0,27.7,54.4,1
2019-11-28 16:00:00,5.0,0.0,28.4,55.1,1
2019-11-28 17:00:00,4.9,0.0,28.4,55.4,1
2019-11-28 18:00:00,4.9,0.0,28.4,55.4,360
2019-11-28 19:00:00,4.8,0.0,28.4,55.1,359
2019-11-28 20:00:00,4.7,0.0,28.5,56.5,358
2019-11-28 21:00:00,4.7,0.0,28.1,56.5,357
2019-11-28 22:00:00,4.5,0.0,28.1,55.8,357
2019-11-28 23:00:00,4.7,0.0,22.1,55.4,7
2019-11-29 00:00:00,4.4,0.0,19.9,55.1,6
2019-11-29 01:00:00,4.3,0.0,19.4,53.6,360
2019-11-29 02:00:00,4.1,0.0,20.9,50.4,358
2019-11-29 03:00:00,4.0,0.0,21.2,46.8,1
2019-11-29 04:00:00,3.8,0.0,20.5,43.6,3
2019-11-29 05:00:00,3.4,0.0,19.8,41.0,1
2019-11-29 06:00:00,3.3,0.0,17.7,37.4,356
2019-11-29 07:00:00,3.1,0.0,17.4,34.2,354
2019-11-29 08:00:00,3.3,0.1,17.0,35.3,354
2019-11-29 09:00:00,2.9,0.0,16.3,36.0,352
2019-11-29 10:00:00,2.9,0.0,16.4,37.4,351
2019-11-29 11:00:00,3.7,0.0,15.4,37.4,349
2019-11-29 12:00:00,4.6,0.1,15.0,38.2,339
2019-11-29 13:00:00,5.1,0.1,15.9,41.0,335
2019-11-29 14:00:00,4.8,0.1,18.4,41.4,334
2019-11-29 15:00:00,4.6,0.1,19.5,40.7,335
2019-11-29 16:00:00,4.4,0.0,20.3,40.0,337
2019-11-29 17:00:00,4.3,0.0,19.5,37.8,341
2019-11-29 18:00:00,4.4,0.0,17.9,37.1,341
2019-11-29 19:00:00,4.5,0.0,16.4,35.3,341
2019-11-29 20:00:00,4.2,0.1,15.6,34.9,337
2019-11-29 21:00:00,4.3,0.1,15.1,33.5,335
2019-11-29 22:00:00,4.2,0.0,15.6,32.8,334
2019-11-29 23:00:00,3.8,0.1,13.3,32.8,327
2019-11-30 00:00:00,3.8,0.1,14.4,32.0,328
2019-11-30 01:00:00,3.7,0.1,14.8,30.6,331
2019-11-30 02:00:00,3.6,0.1,14.8,28.4,334
2019-11-30 03:00:00,3.6,0.0,15.0,28.1,336
2019-11-30 04:00:00,3.5,0.0,16.0,27.7,337
2019-11-30 05:00:00,3.4,0.0,15.6,27.0,341
2019-11-30 06:00:00,3.8,0.0,13.5,27.0,344
2019-11-30 07:00:00,3.6,0.0,12.5,27.0,348
2019-11-30 08:00:00,3.6,0.1,11.4,25.2,347
2019-11-30 09:00:00,3.3,0.1,10.3,23.0,348
2019-11-30 10:00:00,3.6,0.0,10.4,22.3,346
2019-11-30 11:00:00,3.5,0.0,8.6,23.4,358
2019-11-30 12:00:00,4.1,0.0,8.1,23.4,347
2019-11-30 13:00:00,4.2,0.0,9.0,22.7,344
2019-11-30 14:00:00,3.9,0.0,9.4,22.7,342
2019-11-30 15:00:00,3.6,0.0,8.8,22.3,348
2019-11-30 16:00:00,2.6,0.0,8.8,20.2,348
2019-11-30 17:00:00,1.7,0.0,9.6,17.6,347
2019-11-30 18:00:00,0.9,0.0,7.3,15.8,349
2019-11-30 19:00:00,1.3,0.0,3.4,15.1,342
2019-11-30 20:00:00,1.5,0.1,0.8,9.4,297
2019-11-30 21:00:00,1.5,0.1,1.8,10.8,191
2019-11-30 22:00:00,2.0,0.3,2.6,11.5,196
2019-11-30 23:00:00,2.1,0.7,3.5,12.6,246
2019-12-01 00:00:00,3.3,0.3,5.4,13.0,250
2019-12-01 01:00:00,2.9,0.2,7.0,14.0,249
2019-12-01 02:00:00,3.7,0.4,7.2,14.4,243
2019-12-01 03:00:00,3.4,0.1,5.4,12.6,217
2019-12-01 04:00:00,2.4,0.0,7.6,12.2,211
2019-12-01 05:00:00,3.1,0.0,6.6,11.9,221
2019-12-01 06:00:00,3.8,0.2,9.2,13.3,228
2019-12-01 07:00:00,3.7,0.5,8.9,18.0,223
2019-12-01 08:00:00,4.1,0.7,8.0,22.0,243
2019-12-01 09:00:00,4.2,0.3,7.6,16.6,278
2019-12-01 10:00:00,4.5,0.3,10.5,18.0,308
2019-12-01 11:00:00,5.1,0.2,9.7,18.0,312
2019-12-01 12:00:00,5.5,0.2,9.4,18.7,310
2019-12-01 13:00:00,5.6,0.3,11.9,23.8,325
2019-12-01 14:00:00,5.5,0.2,14.4,28.1,338
2019-12-01 15:00:00,5.2,0.2,14.6,28.4,340
2019-12-01 16:00:00,4.8,0.2,14.8,24.8,334
2019-12-01 17:00:00,4.7,0.3,14.3,26.3,332
2019-12-01 18:00:00,4.7,0.2,13.8,32.8,327
2019-12-01 19:00:00,4.8,0.1,13.9,33.8,329
2019-12-01 20:00:00,4.6,0.1,12.7,27.7,335
2019-12-01 21:00:00,4.1,0.1,10.7,26.3,340
2019-12-01 22:00:00,4.2,0.0,9.4,22.3,342
2019-12-01 23:00:00,3.4,0.0,8.7,22.3,343
2019-12-02 00:00:00,3.4,0.0,12.2,25.2,346
2019-12-02 01:00:00,3.3,0.0,12.2,28.8,346
2019-12-02 02:00:00,3.2,0.0,13.8,29.5,345
2019-12-02 03:00:00,3.3,0.0,14.8,29.2,346
2019-12-02 04:00:00,3.6,0.0,14.4,28.1,347
2019-12-02 05:00:00,3.4,0.0,13.6,27.4,348
2019-12-02 06:00:00,3.5,0.0,12.0,27.0,351
2019-12-02 07:00:00,3.2,0.0,9.9,25.2,350
2019-12-02 08:00:00,2.9,0.0,8.7,22.0,353
2019-12-02 09:00:00,2.8,0.0,8.0,19.1,8
2019-12-02 10:00:00,2.7,0.0,8.0,16.9,5
2019-12-02 11:00:00,3.4,0.0,6.2,16.2,7
2019-12-02 12:00:00,4.1,0.0,5.9,18.4,11
2019-12-02 13:00:00,4.4,0.0,6.5,18.4,354
2019-12-02 14:00:00,4.6,0.0,4.7,15.8,356
2019-12-02 15:00:00,3.9,0.0,1.5,12.2,104
2019-12-02 16:00:00,3.3,0.0,3.6,10.4,127
2019-12-02 17:00:00,2.9,0.0,4.4,13.0,145
2019-12-02 18:00:00,2.5,0.0,7.2,15.5,153
2019-12-02 19:00:00,2.8,0.0,8.7,19.4,150
2019-12-02 20:00:00,3.4,0.0,11.0,20.5,148
2019-12-02 21:00:00,3.8,0.0,13.7,25.2,150
2019-12-02 22:00:00,3.9,0.0,15.1,29.2,155
2019-12-02 23:00:00,3.9,0.0,17.2,32.8,147
2019-12-03 00:00:00,3.8,0.1,18.8,34.9,144
2019-12-03 01:00:00,3.7,0.1,20.5,36.0,146
2019-12-03 02:00:00,4.1,0.2,21.1,37.1,147
2019-12-03 03:00:00,4.4,0.3,22.3,41.4,146
2019-12-03 04:00:00,4.9,0.5,22.4,42.1,143
2019-12-03 05:00:00,5.2,1.1,22.8,42.5,145
2019-12-03 06:00:00,5.6,1.1,22.4,46.1,150
2019-12-03 07:00:00,6.3,0.7,19.7,45.4,162
2019-12-03 08:00:00,6.8,0.7,13.4,43.6,188
2019-12-03 09:00:00,7.3,1.1,10.9,34.9,236
2019-12-03 10:00:00,7.8,1.0,11.3,24.8,248
2019-12-03 11:00:00,8.3,1.0,7.1,25.2,246
2019-12-03 12:00:00,8.6,1.0,9.5,28.1,233
2019-12-03 13:00:00,8.9,0.6,9.6,28.8,236
2019-12-03 14:00:00,8.9,0.3,10.1,28.8,243
2019-12-03 15:00:00,9.0,0.1,12.2,28.1,251
2019-12-03 16:00:00,9.0,0.0,12.5,27.0,252
2019-12-03 17:00:00,8.9,0.0,12.1,25.2,247
2019-12-03 18:00:00,8.7,0.2,11.9,22.0,241
2019-12-03 19:00:00,8.8,0.1,11.4,21.6,235
2019-12-03 20:00:00,8.7,0.1,11.5,22.0,226
2019-12-03 21:00:00,8.6,0.1,12.2,22.3,225
2019-12-03 22:00:00,8.5,0.0,11.0,21.6,221
2019-12-03 23:00:00,8.2,0.0,5.8,20.9,202
2019-12-04 00:00:00,8.2,0.0,5.8,18.4,187
2019-12-04 01:00:00,7.8,0.0,5.4,16.2,184
2019-12-04 02:00:00,8.0,0.0,8.7,15.5,173
2019-12-04 03:00:00,8.0,0.0,12.2,19.4,161
2019-12-04 04:00:00,7.9,0.0,15.6,25.6,157
2019-12-04 05:00:00,7.8,0.0,18.4,32.8,152
2019-12-04 06:00:00,7.6,0.0,19.5,37.4,152
2019-12-04 07:00:00,7.9,0.0,20.7,40.0,157
2019-12-04 08:00:00,7.8,0.0,22.1,44.6,168
2019-12-04 09:00:00,8.0,0.0,24.0,49.7,167
2019-12-04 10:00:00,8.6,0.0,25.6,51.5,166
2019-12-04 11:00:00,8.5,0.0,26.0,54.0,163
2019-12-04 12:00:00,8.5,0.0,27.9,58.3,163
2019-12-04 13:00:00,8.8,0.1,29.5,60.8,164
2019-12-04 14:00:00,9.0,0.3,30.9,61.2,168
2019-12-04 15:00:00,8.7,0.4,31.5,61.6,174
2019-12-04 16:00:00,8.9,0.3,35.0,62.6,183
2019-12-04 17:00:00,9.1,0.4,35.6,66.6,188
2019-12-04 18:00:00,9.1,0.4,35.4,66.6,195
2019-12-04 19:00:00,9.1,0.9,34.1,65.9,205
2019-12-04 20:00:00,9.3,1.6,31.9,68.4,221
2019-12-04 21:00:00,9.3,1.5,29.7,63.0,232
2019-12-04 22:00:00,9.1,1.0,29.1,60.5,236
2019-12-04 23:00:00,8.8,0.7,29.1,59.0,234
2019-12-05 00:00:00,8.6,0.4,26.8,58.3,228
2019-12-05 01:00:00,7.9,0.6,25.0,58.0,220
2019-12-05 02:00:00,8.1,0.5,26.3,58.3,220
2019-12-05 03:00:00,8.1,0.2,25.9,58.3,218
2019-12-05 04:00:00,8.1,0.2,29.2,58.7,219
2019-12-05 05:00:00,7.8,0.8,32.7,64.4,221
2019-12-05 06:00:00,7.7,1.0,33.6,67.7,218
2019-12-05 07:00:00,7.8,0.4,37.5,74.5,221
2019-12-05 08:00:00,8.0,0.7,38.7,78.8,224
2019-12-05 09:00:00,7.9,1.5,40.2,83.9,227
2019-12-05 10:00:00,7.9,1.3,42.6,88.6,229
2019-12-05 11:00:00,8.1,1.2,42.9,90.4,230
2019-12-05 12:00:00,8.0,0.9,37.5,85.0,236
2019-12-05 13:00:00,8.3,1.1,35.8,79.9,240
2019-12-05 14:00:00,8.1,1.0,34.6,76.3,234
2019-12-05 15:00:00,8.1,1.2,36.7,69.5,235
2019-12-05 16:00:00,8.2,1.2,36.6,61.9,238
2019-12-05 17:00:00,8.3,2.1,35.8,57.2,238
2019-12-05 18:00:00,8.5,1.8,33.7,51.5,233
2019-12-05 19:00:00,8.7,2.2,35.9,55.1,232
2019-12-05 20:00:00,8.6,2.0,33.9,71.3,226
2019-12-05 21:00:00,8.6,2.1,29.5,65.9,219
2019-12-05 22:00:00,8.5,2.4,22.3,57.2,211
2019-12-05 23:00:00,8.5,2.3,20.5,45.4,190
2019-12-06 00:00:00,8.3,2.2,14.8,33.8,184
2019-12-06 01:00:00,8.0,1.9,8.6,25.2,182
2019-12-06 02:00:00,7.8,1.6,6.0,20.2,197
2019-12-06 03:00:00,7.6,1.2,6.5,25.9,270
2019-12-06 04:00:00,7.2,0.4,13.2,31.7,292
2019-12-06 05:00:00,7.1,0.1,14.5,32.4,293
2019-12-06 06:00:00,7.1,0.0,12.4,29.9,278
2019-12-06 07:00:00,6.8,0.0,10.6,24.5,260
2019-12-06 08:00:00,6.7,0.0,9.8,20.5,246
2019-12-06 09:00:00,6.9,0.2,11.4,22.0,235
2019-12-06 10:00:00,6.7,0.4,12.8,25.2,232
2019-12-06 11:00:00,6.9,0.3,9.2,25.6,225
2019-12-06 12:00:00,7.1,0.4,6.5,22.3,183
2019-12-06 13:00:00,7.2,0.6,7.8,19.1,167
2019-12-06 14:00:00,7.2,0.8,6.5,18.7,174
2019-12-06 15:00:00,7.3,0.9,5.2,18.4,164
2019-12-06 16:00:00,7.1,1.0,4.6,16.2,141
2019-12-06 17:00:00,7.0,1.0,3.7,11.9,119
2019-12-06 18:00:00,6.7,0.8,3.3,7.6,96
2019-12-06 19:00:00,6.5,0.6,2.8,15.5,40
2019-12-06 20:00:00,6.3,0.7,6.5,12.6,357
2019-12-06 21:00:00,6.1,0.7,12.0,23.8,339
2019-12-06 22:00:00,5.8,0.5,14.2,28.4,336
2019-12-06 23:00:00,5.7,0.4,10.7,28.1,340
2019-12-07 00:00:00,5.6,0.3,9.4,25.9,328
2019-12-07 01:00:00,5.6,0.3,10.4,23.4,316
2019-12-07 02:00:00,5.5,0.3,10.7,24.5,312
2019-12-07 03:00:00,5.0,0.5,12.9,25.9,306
2019-12-07 04:00:00,5.0,0.2,14.1,28.4,302
2019-12-07 05:00:00,4.9,0.1,15.2,30.2,301
2019-12-07 06:00:00,4.6,0.2,16.4,33.1,310
2019-12-07 07:00:00,4.2,0.3,17.3,34.6,315
2019-12-07 08:00:00,4.4,0.2,17.1,35.3,319
2019-12-07 09:00:00,4.5,0.1,16.9,34.6,322
2019-12-07 10:00:00,4.6,0.1,17.7,33.5,321
2019-12-07 11:00:00,4.0,0.3,11.0,39.2,308
2019-12-07 12:00:00,4.6,0.2,9.0,38.9,307
2019-12-07 13:00:00,5.0,0.1,10.3,37.4,306
2019-12-07 14:00:00,4.7,0.4,8.5,35.6,298
2019-12-07 15:00:00,4.3,0.1,10.8,31.7,291
2019-12-07 16:00:00,4.2,0.3,7.9,24.1,309
2019-12-07 17:00:00,3.0,0.0,2.0,11.5,225
2019-12-07 18:00:00,3.1,0.0,4.7,9.4,184
2019-12-07 19:00:00,3.0,0.0,6.5,11.5,161
2019-12-07 20:00:00,3.2,0.0,7.2,17.3,153
2019-12-07 21:00:00,3.4,0.0,11.6,22.3,144
2019-12-07 22:00:00,3.2,0.0,15.3,28.4,137
2019-12-07 23:00:00,3.5,0.0,18.3,36.7,126
2019-12-08 00:00:00,3.6,0.0,18.7,39.2,120
2019-12-08 01:00:00,3.8,0.2,20.8,40.7,116
2019-12-08 02:00:00,3.4,0.5,23.1,45.0,113
2019-12-08 03:00:00,3.3,1.1,26.0,49.3,112
2019-12-08 04:00:00,3.9,1.8,29.5,54.0,117
2019-12-08 05:00:00,4.6,2.3,31.2,59.4,121
2019-12-08 06:00:00,5.1,2.4,32.0,63.0,126
2019-12-08 07:00:00,5.5,2.6,31.0,67.3,128
2019-12-08 08:00:00,5.9,2.2,30.1,66.2,133
2019-12-08 09:00:00,6.6,2.4,24.0,64.4,144
2019-12-08 10:00:00,7.9,3.7,16.0,58.7,189
2019-12-08 11:00:00,8.3,3.8,26.8,53.3,234
2019-12-08 12:00:00,8.3,1.8,29.6,61.2,230
2019-12-08 13:00:00,8.3,0.8,33.9,59.0,237
2019-12-08 14:00:00,8.3,1.3,29.5,61.2,237
2019-12-08 15:00:00,8.2,1.3,26.7,61.6,233
2019-12-08 16:00:00,7.6,1.7,27.7,56.9,231
2019-12-08 17:00:00,7.2,1.1,27.0,54.4,233
2019-12-08 18:00:00,7.0,0.5,24.6,50.0,232
2019-12-08 19:00:00,7.0,0.4,22.7,44.6,228
2019-12-08 20:00:00,6.8,0.5,22.9,48.2,224
2019-12-08 21:00:00,7.2,0.5,22.7,47.9,222
2019-12-08 22:00:00,7.7,0.3,22.0,45.0,220
2019-12-08 23:00:00,7.5,0.2,17.3,42.8,216
2019-12-09 00:00:00,7.9,0.3,17.7,44.3,219
2019-12-09 01:00:00,7.7,0.2,15.1,46.4,213
2019-12-09 02:00:00,7.2,0.2,16.9,45.7,220
2019-12-09 03:00:00,6.8,0.5,17.1,43.2,226
2019-12-09 04:00:00,6.6,0.5,7.8,38.5,236
2019-12-09 05:00:00,6.2,0.5,9.4,27.0,360
2019-12-09 06:00:00,5.8,0.6,22.5,51.8,353
2019-12-09 07:00:00,6.1,0.2,30.2,72.7,345
2019-12-09 08:00:00,6.0,0.0,36.9,73.4,343
2019-12-09 09:00:00,5.9,0.0,37.6,78.1,345
2019-12-09 10:00:00,5.9,0.0,37.1,77.8,346
2019-12-09 11:00:00,5.8,0.0,30.0,76.0,346
2019-12-09 12:00:00,5.6,0.0,30.4,72.7,343
2019-12-09 13:00:00,5.3,0.0,31.4,68.4,345
2019-12-09 14:00:00,4.9,0.0,31.0,66.6,342
2019-12-09 15:00:00,4.7,0.0,30.5,65.9,341
2019-12-09 16:00:00,5.0,0.0,28.6,64.8,341
2019-12-09 17:00:00,5.2,0.0,26.7,64.1,339
2019-12-09 18:00:00,5.3,0.0,26.4,62.6,336
2019-12-09 19:00:00,5.5,0.0,25.8,58.7,337
2019-12-09 20:00:00,5.0,0.0,22.4,51.5,341
2019-12-09 21:00:00,4.6,0.0,18.4,45.4,343
2019-12-09 22:00:00,4.2,0.0,17.4,36.7,333
2019-12-09 23:00:00,4.0,0.0,14.7,34.9,338
2019-12-10 00:00:00,3.3,0.0,10.6,32.4,350
2019-12-10 01:00:00,1.9,0.0,7.6,23.4,3
2019-12-10 02:00:00,1.0,0.0,2.2,15.5,360
2019-12-10 03:00:00,1.1,0.0,1.1,11.2,180
2019-12-10 04:00:00,1.6,0.0,4.2,12.2,149
2019-12-10 05:00:00,1.5,0.0,10.1,18.4,145
2019-12-10 06:00:00,1.8,0.0,14.4,28.1,143
2019-12-10 07:00:00,2.0,0.0,19.2,35.3,140
2019-12-10 08:00:00,2.2,0.0,22.7,46.4,136
2019-12-10 09:00:00,3.1,0.0,24.5,51.1,137
2019-12-10 10:00:00,3.7,0.0,27.9,58.0,142
2019-12-10 11:00:00,5.0,0.0,30.7,65.9,141
2019-12-10 12:00:00,5.6,0.0,36.7,73.1,143
2019-12-10 13:00:00,6.2,0.2,41.1,79.6,150
2019-12-10 14:00:00,6.4,0.4,43.9,83.9,149
2019-12-10 15:00:00,6.2,0.7,45.4,89.6,148
2019-12-10 16:00:00,6.0,1.4,44.9,94.0,149
2019-12-10 17:00:00,6.0,2.2,45.0,96.5,151
2019-12-10 18:00:00,5.9,2.8,45.9,96.8,154
2019-12-10 19:00:00,6.5,2.9,46.4,100.4,150
2019-12-10 20:00:00,7.3,3.1,46.6,100.1,147
2019-12-10 21:00:00,7.9,3.1,48.6,101.5,149
2019-12-10 22:00:00,8.6,2.7,48.2,103.0,150
2019-12-10 23:00:00,9.2,3.0,41.5,102.6,149
2019-12-11 00:00:00,9.4,4.2,29.6,93.6,185
2019-12-11 01:00:00,8.0,3.7,29.6,68.8,233
2019-12-11 02:00:00,7.4,1.3,28.9,59.4,219
2019-12-11 03:00:00,7.5,0.7,26.4,55.4,206
2019-12-11 04:00:00,7.2,1.4,25.9,59.8,209
2019-12-11 05:00:00,7.4,0.3,26.8,58.7,216
2019-12-11 06:00:00,7.6,0.2,25.7,54.0,217
2019-12-11 07:00:00,7.7,0.3,25.2,51.8,214
2019-12-11 08:00:00,7.9,0.2,24.6,55.8,212
2019-12-11 09:00:00,7.8,0.3,24.4,55.4,211
2019-12-11 10:00:00,7.9,0.3,25.0,53.6,207
2019-12-11 11:00:00,7.6,0.9,24.4,54.4,199
2019-12-11 12:00:00,7.5,0.1,24.1,57.6,178
2019-12-11 13:00:00,7.6,0.1,27.4,64.8,182
2019-12-11 14:00:00,7.1,1.3,30.4,73.8,185
2019-12-11 15:00:00,6.7,1.4,33.9,78.8,184
2019-12-11 16:00:00,6.6,0.7,33.5,79.6,180
2019-12-11 17:00:00,6.2,0.4,33.5,72.0,181
2019-12-11 18:00:00,5.6,1.8,34.2,77.0,182
2019-12-11 19:00:00,5.9,1.6,34.2,75.2,179
2019-12-11 20:00:00,6.0,0.2,37.1,80.6,179
2019-12-11 21:00:00,6.4,1.2,35.3,81.7,177
2019-12-11 22:00:00,6.8,0.4,39.0,82.4,175
2019-12-11 23:00:00,6.9,0.4,34.2,87.1,179
2019-12-12 00:00:00,7.4,0.3,37.8,86.0,183
2019-12-12 01:00:00,7.3,1.0,37.8,87.5,183
2019-12-12 02:00:00,7.4,0.6,35.4,86.0,184
2019-12-12 03:00:00,7.2,1.3,36.1,83.2,184
2019-12-12 04:00:00,7.0,1.2,33.6,81.0,185
2019-12-12 05:00:00,6.9,1.4,33.2,77.8,183
2019-12-12 06:00:00,6.7,1.2,30.3,74.9,178
2019-12-12 07:00:00,6.6,0.8,29.7,72.0,173
2019-12-12 08:00:00,6.5,1.1,33.4,63.7,173
2019-12-12 09:00:00,6.2,0.9,29.0,61.9,169
2019-12-12 10:00:00,5.9,0.6,27.5,59.4,169
2019-12-12 11:00:00,5.2,1.0,23.5,59.0,162
2019-12-12 12:00:00,5.1,1.3,25.1,56.9,164
2019-12-12 13:00:00,5.0,1.0,25.0,54.7,165
2019-12-12 14:00:00,4.9,0.5,22.8,53.3,164
2019-12-12 15:00:00,4.7,0.7,22.5,52.6,167
2019-12-12 16:00:00,4.6,1.5,22.3,51.1,166
2019-12-12 17:00:00,4.6,1.1,22.4,49.7,165
2019-12-12 18:00:00,4.5,1.7,22.2,50.0,160
2019-12-12 19:00:00,4.5,1.4,22.9,51.8,154
2019-12-12 20:00:00,4.8,1.1,22.6,46.1,151
2019-12-12 21:00:00,4.9,0.6,22.9,45.7,150
2019-12-12 22:00:00,5.0,0.2,22.3,45.4,146
2019-12-12 23:00:00,5.0,0.0,18.1,44.3,139
2019-12-13 00:00:00,5.2,0.0,17.6,41.8,133
2019-12-13 01:00:00,5.0,0.0,17.9,37.8,128
2019-12-13 02:00:00,4.9,0.0,17.1,35.6,125
2019-12-13 03:00:00,4.8,0.0,15.6,33.1,116
2019-12-13 04:00:00,4.5,0.0,15.0,31.7,107
2019-12-13 05:00:00,4.3,0.0,13.9,30.6,100
2019-12-13 06:00:00,4.6,0.0,13.4,31.0,98
2019-12-13 07:00:00,4.5,0.0,13.0,30.6,96
2019-12-13 08:00:00,4.6,0.0,13.0,28.8,93
2019-12-13 09:00:00,4.7,0.0,13.3,28.4,90
2019-12-13 10:00:00,4.8,0.0,13.3,28.4,90
2019-12-13 11:00:00,5.4,0.0,8.7,28.1,85
2019-12-13 12:00:00,5.6,0.0,11.5,28.8,86
2019-12-13 13:00:00,5.9,0.0,13.0,29.5,93
2019-12-13 14:00:00,5.9,0.0,13.0,29.2,93
2019-12-13 15:00:00,5.6,0.0,12.7,27.0,97
2019-12-13 16:00:00,5.0,0.0,12.1,24.1,100
2019-12-13 17:00:00,4.8,0.0,11.8,23.0,102
2019-12-13 18:00:00,4.6,0.0,11.5,23.4,104
2019-12-13 19:00:00,4.5,0.0,10.5,23.8,112
2019-12-13 20:00:00,4.1,0.0,10.1,25.9,117
2019-12-13 21:00:00,4.0,0.0,10.5,24.5,112
2019-12-13 22:00:00,3.9,0.0,11.4,26.3,103
2019-12-13 23:00:00,4.1,0.0,10.1,27.0,90
2019-12-14 00:00:00,4.1,0.0,10.5,26.6,96
2019-12-14 01:00:00,3.8,0.0,10.5,24.8,96
2019-12-14 02:00:00,3.7,0.0,10.5,23.4,98
2019-12-14 03:00:00,3.7,0.0,11.2,23.8,96
2019-12-14 04:00:00,3.9,0.0,11.2,24.8,94
2019-12-14 05:00:00,3.8,0.0,10.8,24.8,94
2019-12-14 06:00:00,3.6,0.0,10.5,25.6,94
2019-12-14 07:00:00,3.4,0.0,9.7,25.6,94
2019-12-14 08:00:00,3.6,0.0,9.4,24.8,92
2019-12-14 09:00:00,3.4,0.0,9.4,19.8,90
2019-12-14 10:00:00,3.3,0.0,9.4,19.8,92
2019-12-14 11:00:00,2.6,0.0,7.9,19.4,90
2019-12-14 12:00:00,3.4,0.0,8.0,19.4,95
2019-12-14 13:00:00,3.7,0.0,9.4,19.1,92
2019-12-14 14:00:00,3.8,0.0,9.0,18.0,95
2019-12-14 15:00:00,4.1,0.0,8.0,17.3,100
2019-12-14 16:00:00,4.0,0.0,7.7,16.9,101
2019-12-14 17:00:00,4.1,0.0,7.8,16.2,103
2019-12-14 18:00:00,4.5,0.0,8.3,15.8,108
2019-12-14 19:00:00,4.7,0.0,8.2,16.2,105
2019-12-14 20:00:00,4.7,0.0,8.6,18.0,105
2019-12-14 21:00:00,4.9,0.0,9.0,17.6,106
2019-12-14 22:00:00,4.9,0.0,8.9,31.7,111
2019-12-14 23:00:00,5.2,0.0,7.2,30.2,108
2019-12-15 00:00:00,5.1,0.0,8.1,17.3,111
2019-12-15 01:00:00,4.8,0.0,8.4,18.4,115
2019-12-15 02:00:00,4.6,0.0,8.1,30.2,122
2019-12-15 03:00:00,4.7,0.1,8.1,19.1,122
2019-12-15 04:00:00,4.5,0.3,9.7,21.2,121
2019-12-15 05:00:00,4.3,0.5,11.0,23.8,128
2019-12-15 06:00:00,4.0,0.4,13.3,26.6,131
2019-12-15 07:00:00,3.8,0.7,14.3,29.2,133
2019-12-15 08:00:00,3.7,0.6,14.8,29.9,133
2019-12-15 09:00:00,3.8,0.8,15.1,30.2,130
2019-12-15 10:00:00,4.1,0.8,15.0,29.5,136
2019-12-15 11:00:00,4.0,0.5,12.3,29.2,130
2019-12-15 12:00:00,4.2,0.3,12.2,27.7,135
2019-12-15 13:00:00,4.3,0.3,13.0,29.2,134
2019-12-15 14:00:00,4.5,0.2,13.0,29.9,138
2019-12-15 15:00:00,4.1,0.0,13.1,27.0,143
2019-12-15 16:00:00,3.6,0.1,15.9,27.4,152
2019-12-15 17:00:00,3.5,0.3,18.1,32.0,149
2019-12-15 18:00:00,3.8,0.4,19.0,37.4,143
2019-12-15 19:00:00,4.1,0.4,19.5,40.7,142
2019-12-15 20:00:00,4.4,0.4,20.3,39.2,150
2019-12-15 21:00:00,4.9,0.3,20.1,41.0,153
2019-12-15 22:00:00,4.9,0.3,21.1,43.9,150
2019-12-15 23:00:00,4.7,0.2,21.0,45.7,142
2019-12-16 00:00:00,4.5,0.3,21.5,47.5,145
2019-12-16 01:00:00,4.7,0.8,19.3,48.6,153
2019-12-16 02:00:00,5.1,0.9,16.2,48.2,176
2019-12-16 03:00:00,5.2,0.4,15.6,45.7,203
2019-12-16 04:00:00,5.3,0.6,15.1,38.9,213
2019-12-16 05:00:00,5.2,0.5,14.3,36.0,214
2019-12-16 06:00:00,5.3,0.4,14.3,36.0,208
2019-12-16 07:00:00,5.5,0.3,13.6,35.6,202
2019-12-16 08:00:00,5.6,0.5,12.3,27.7,183
2019-12-16 09:00:00,5.6,0.2,12.8,27.0,169
2019-12-16 10:00:00,5.5,0.3,12.4,27.7,158
2019-12-16 11:00:00,5.3,0.2,9.2,26.6,154
2019-12-16 12:00:00,5.4,0.0,10.7,26.3,147
2019-12-16 13:00:00,5.2,0.0,12.0,26.3,147
2019-12-16 14:00:00,5.0,0.0,11.0,24.8,142
2019-12-16 15:00:00,4.2,0.0,9.4,22.0,133
2019-12-16 16:00:00,3.8,0.0,8.7,17.6,132
2019-12-16 17:00:00,3.5,0.0,8.5,16.6,126
2019-12-16 18:00:00,2.9,0.0,8.6,16.6,123
2019-12-16 19:00:00,2.5,0.0,8.9,18.0,122
2019-12-16 20:00:00,2.0,0.0,9.4,18.0,122
2019-12-16 21:00:00,1.9,0.0,10.5,19.8,121
2019-12-16 22:00:00,2.4,0.0,11.3,21.2,121
2019-12-16 23:00:00,2.3,0.0,12.2,23.0,118
2019-12-17 00:00:00,2.1,0.0,13.3,23.4,123
2019-12-17 01:00:00,2.2,0.1,13.7,24.5,120
2019-12-17 02:00:00,2.8,0.0,14.2,27.4,120
2019-12-17 03:00:00,2.9,0.0,15.4,29.5,123
2019-12-17 04:00:00,3.5,0.1,15.7,31.0,127
2019-12-17 05:00:00,3.8,0.3,16.8,32.8,132
2019-12-17 06:00:00,4.0,0.7,18.5,35.6,143
2019-12-17 07:00:00,4.7,0.9,20.8,40.3,152
2019-12-17 08:00:00,5.0,0.3,23.7,48.6,160
2019-12-17 09:00:00,5.4,0.3,23.9,49.3,162
2019-12-17 10:00:00,5.7,0.4,24.6,49.7,162
2019-12-17 11:00:00,6.2,0.5,23.3,52.2,167
2019-12-17 12:00:00,6.1,0.5,23.4,51.1,169
2019-12-17 13:00:00,6.1,0.5,22.5,49.3,168
2019-12-17 14:00:00,6.0,0.4,22.0,44.6,170
2019-12-17 15:00:00,6.0,0.3,20.1,40.7,170
2019-12-17 16:00:00,5.7,0.2,16.4,38.5,165
2019-12-17 17:00:00,5.5,0.2,15.6,35.6,157
2019-12-17 18:00:00,5.3,0.1,13.8,32.4,147
2019-12-17 19:00:00,5.0,0.1,13.1,28.8,143
2019-12-17 20:00:00,4.7,0.2,12.5,26.3,141
2019-12-17 21:00:00,4.1,0.3,10.9,25.9,134
2019-12-17 22:00:00,3.7,0.3,9.8,23.8,126
2019-12-17 23:00:00,3.7,0.2,8.4,22.0,130
2019-12-18 00:00:00,3.5,0.4,7.2,19.4,127
2019-12-18 01:00:00,3.0,0.3,7.6,18.4,121
2019-12-18 02:00:00,3.0,0.4,7.3,18.0,123
2019-12-18 03:00:00,2.9,0.4,7.4,18.4,129
2019-12-18 04:00:00,3.1,0.4,7.7,18.4,127
2019-12-18 05:00:00,2.9,0.1,7.9,18.4,129
2019-12-18 06:00:00,3.1,0.0,8.9,18.4,130
2019-12-18 07:00:00,3.2,0.0,9.2,18.4,132
2019-12-18 08:00:00,3.5,0.2,8.7,20.5,132
2019-12-18 09:00:00,3.2,0.2,7.9,19.1,129
2019-12-18 10:00:00,3.2,0.2,7.7,17.6,131
2019-12-18 11:00:00,3.7,0.2,8.2,18.0,139
2019-12-18 12:00:00,4.4,0.2,7.8,18.7,146
2019-12-18 13:00:00,4.8,0.1,8.0,18.4,162
2019-12-18 14:00:00,4.9,0.2,7.9,18.0,164
2019-12-18 15:00:00,4.6,0.3,7.6,16.6,172
2019-12-18 16:00:00,4.1,0.2,6.6,16.2,167
2019-12-18 17:00:00,4.3,0.2,7.3,16.9,169
2019-12-18 18:00:00,4.3,0.0,8.2,19.1,165
2019-12-18 19:00:00,4.5,0.0,9.0,20.9,157
2019-12-18 20:00:00,4.7,0.2,11.0,23.0,157
2019-12-18 21:00:00,5.0,0.0,11.5,23.8,139
2019-12-18 22:00:00,4.9,0.0,13.6,25.2,130
2019-12-18 23:00:00,4.4,0.0,14.0,28.1,134
2019-12-19 00:00:00,4.5,0.0,16.3,31.0,131
2019-12-19 01:00:00,3.9,0.0,17.7,32.0,129
2019-12-19 02:00:00,3.8,0.0,17.1,32.0,120
2019-12-19 03:00:00,3.1,0.0,16.6,30.6,120
2019-12-19 04:00:00,3.4,0.0,15.9,33.1,118
2019-12-19 05:00:00,3.4,0.0,15.8,33.1,120
2019-12-19 06:00:00,3.4,0.0,17.7,33.8,114
2019-12-19 07:00:00,4.1,0.0,17.1,35.3,118
2019-12-19 08:00:00,4.6,0.0,17.3,36.4,113
2019-12-19 09:00:00,4.7,0.0,16.3,36.0,112
2019-12-19 10:00:00,4.6,0.0,15.2,34.6,112
2019-12-19 11:00:00,5.0,0.2,13.6,32.8,107
2019-12-19 12:00:00,4.9,0.5,15.1,35.3,108
2019-12-19 13:00:00,4.7,0.6,16.1,36.4,106
2019-12-19 14:00:00,4.9,1.0,18.4,37.8,102
2019-12-19 15:00:00,5.2,1.5,18.9,40.0,103
2019-12-19 16:00:00,5.5,1.0,17.5,43.9,109
2019-12-19 17:00:00,5.8,0.6,18.1,37.4,111
2019-12-19 18:00:00,6.3,0.2,18.4,37.8,116
2019-12-19 19:00:00,6.8,0.1,19.2,39.6,116
2019-12-19 20:00:00,7.2,0.3,17.3,39.2,121
2019-12-19 21:00:00,7.4,0.4,17.4,35.6,124
2019-12-19 22:00:00,7.5,0.0,17.3,34.9,121
2019-12-19 23:00:00,7.5,0.0,14.7,34.9,112
2019-12-20 00:00:00,7.6,0.0,13.9,32.0,111
2019-12-20 01:00:00,7.5,0.0,14.6,29.9,110
2019-12-20 02:00:00,7.3,0.5,15.6,41.0,109
2019-12-20 03:00:00,7.3,0.9,16.3,41.8,108
2019-12-20 04:00:00,7.6,1.7,17.0,34.9,111
2019-12-20 05:00:00,7.8,0.5,16.9,34.9,106
2019-12-20 06:00:00,8.0,0.4,16.5,34.9,106
2019-12-20 07:00:00,8.1,0.3,14.6,32.8,110
2019-12-20 08:00:00,8.1,0.3,13.5,32.0,106
2019-12-20 09:00:00,7.7,0.2,13.7,32.0,104
2019-12-20 10:00:00,7.8,0.2,14.8,43.6,108
2019-12-20 11:00:00,8.1,0.2,16.2,45.7,89
2019-12-20 12:00:00,8.3,0.4,16.6,34.9,91
2019-12-20 13:00:00,8.6,0.0,16.2,35.6,94
2019-12-20 14:00:00,8.7,0.3,15.8,46.8,91
2019-12-20 15:00:00,8.7,0.0,16.8,30.2,81
2019-12-20 16:00:00,8.8,0.0,15.9,29.9,87
2019-12-20 17:00:00,8.6,0.0,14.5,30.2,97
2019-12-20 18:00:00,8.6,0.0,14.5,29.2,96
2019-12-20 19:00:00,9.1,0.4,13.7,30.6,95
2019-12-20 20:00:00,8.8,0.2,15.8,36.4,89
2019-12-20 21:00:00,8.9,0.0,17.1,64.8,97
2019-12-20 22:00:00,8.9,0.0,16.6,40.3,117
2019-12-20 23:00:00,10.5,0.0,12.9,38.5,120
2019-12-21 00:00:00,10.4,0.0,16.4,37.8,123
2019-12-21 01:00:00,10.5,0.0,20.2,40.7,121
2019-12-21 02:00:00,10.3,0.0,22.0,41.0,125
2019-12-21 03:00:00,10.1,0.0,22.5,40.3,131
2019-12-21 04:00:00,9.8,0.0,22.7,40.0,133
2019-12-21 05:00:00,9.7,0.0,23.7,41.4,136
2019-12-21 06:00:00,9.7,0.0,24.0,43.9,140
2019-12-21 07:00:00,10.0,0.0,24.1,47.9,145
2019-12-21 08:00:00,10.0,0.0,23.8,49.0,151
2019-12-21 09:00:00,9.9,0.0,23.2,48.2,152
2019-12-21 10:00:00,9.6,0.1,23.0,49.7,151
2019-12-21 11:00:00,9.6,0.2,23.5,49.7,151
2019-12-21 12:00:00,9.4,0.3,22.5,49.3,148
2019-12-21 13:00:00,9.1,0.5,22.7,49.7,153
2019-12-21 14:00:00,8.7,0.5,21.6,49.7,150
2019-12-21 15:00:00,8.6,0.5,20.1,48.6,147
2019-12-21 16:00:00,8.3,0.2,18.6,44.6,148
2019-12-21 17:00:00,7.8,0.0,17.1,39.2,145
2019-12-21 18:00:00,7.6,0.0,16.7,34.9,143
2019-12-21 19:00:00,7.5,0.0,15.9,32.8,141
2019-12-21 20:00:00,7.2,0.0,14.3,32.0,137
2019-12-21 21:00:00,6.6,0.0,11.5,28.4,129
2019-12-21 22:00:00,6.1,0.0,9.5,23.8,119
2019-12-21 23:00:00,6.0,0.0,8.8,19.8,99
2019-12-22 00:00:00,5.6,0.0,9.4,18.7,92
2019-12-22 01:00:00,5.3,0.0,9.1,19.1,97
2019-12-22 02:00:00,5.0,0.0,8.3,19.8,95
2019-12-22 03:00:00,4.3,0.0,8.3,20.2,92
2019-12-22 04:00:00,4.0,0.0,7.9,20.2,93
2019-12-22 05:00:00,3.9,0.0,8.7,21.2,95
2019-12-22 06:00:00,4.1,0.0,8.7,22.3,95
2019-12-22 07:00:00,4.1,0.0,8.3,22.3,95
2019-12-22 08:00:00,3.9,0.1,8.6,19.1,90
2019-12-22 09:00:00,4.4,0.2,9.7,19.1,88
2019-12-22 10:00:00,4.2,0.0,9.7,19.8,88
2019-12-22 11:00:00,5.1,0.1,10.5,20.5,82
2019-12-22 12:00:00,5.6,0.0,10.9,20.5,84
2019-12-22 13:00:00,6.1,0.0,10.5,19.8,86
2019-12-22 14:00:00,5.8,0.0,9.4,18.7,94
2019-12-22 15:00:00,5.5,0.0,8.4,17.3,97
2019-12-22 16:00:00,5.1,0.0,8.0,15.5,95
2019-12-22 17:00:00,4.8,0.0,7.6,15.1,87
2019-12-22 18:00:00,4.4,0.0,7.2,15.1,84
2019-12-22 19:00:00,3.8,0.0,7.2,14.8,84
2019-12-22 20:00:00,3.5,0.0,7.2,16.2,84
2019-12-22 21:00:00,3.9,0.0,7.3,14.4,81
2019-12-22 22:00:00,3.7,0.0,6.9,14.0,81
2019-12-22 23:00:00,4.6,0.0,6.3,13.7,77
2019-12-23 00:00:00,4.5,0.0,5.1,13.3,86
2019-12-23 01:00:00,4.2,0.0,4.6,12.6,72
2019-12-23 02:00:00,4.3,0.0,5.3,12.2,62
2019-12-23 03:00:00,3.9,0.0,6.0,11.5,57
2019-12-23 04:00:00,4.0,0.0,5.7,11.2,55
2019-12-23 05:00:00,4.1,0.0,5.8,11.9,60
2019-12-23 06:00:00,3.8,0.0,6.0,13.0,73
2019-12-23 07:00:00,3.9,0.0,6.3,14.4,77
2019-12-23 08:00:00,3.9,0.0,6.6,14.4,81
2019-12-23 09:00:00,3.9,0.0,6.6,13.0,81
2019-12-23 10:00:00,4.0,0.0,6.2,12.6,80
2019-12-23 11:00:00,5.0,0.0,6.3,12.6,103
2019-12-23 12:00:00,5.5,0.0,5.1,11.9,94
2019-12-23 13:00:00,5.8,0.0,4.5,12.2,76
2019-12-23 14:00:00,5.7,0.0,5.2,11.9,65
2019-12-23 15:00:00,5.5,0.0,5.0,11.5,69
2019-12-23 16:00:00,5.1,0.1,4.7,10.8,81
2019-12-23 17:00:00,5.0,0.2,4.3,11.2,95
2019-12-23 18:00:00,5.0,0.2,4.4,11.2,99
2019-12-23 19:00:00,4.9,0.1,4.4,11.2,99
2019-12-23 20:00:00,4.9,0.3,4.3,10.8,95
2019-12-23 21:00:00,4.8,0.4,4.0,9.7,85
2019-12-23 22:00:00,4.7,0.3,4.3,9.4,85
2019-12-23 23:00:00,4.9,0.2,4.7,9.4,86
2019-12-24 00:00:00,4.8,0.2,4.3,9.7,95
2019-12-24 01:00:00,4.5,0.2,4.7,10.4,99
2019-12-24 02:00:00,4.5,0.2,5.6,11.5,105
2019-12-24 03:00:00,4.4,0.2,5.6,11.9,105
2019-12-24 04:00:00,4.4,0.3,6.0,11.9,115
2019-12-24 05:00:00,4.5,0.3,6.0,11.9,115
2019-12-24 06:00:00,4.5,0.3,6.2,11.5,126
2019-12-24 07:00:00,4.6,0.4,6.2,11.9,126
2019-12-24 08:00:00,4.6,0.5,6.5,15.8,124
2019-12-24 09:00:00,4.6,0.6,7.1,14.0,120
2019-12-24 10:00:00,4.3,0.7,7.2,15.5,117
2019-12-24 11:00:00,4.9,0.7,8.2,15.8,119
2019-12-24 12:00:00,4.9,0.6,7.6,15.1,121
2019-12-24 13:00:00,5.0,0.5,6.3,14.4,121
2019-12-24 14:00:00,5.1,0.7,5.5,14.0,113
2019-12-24 15:00:00,5.1,0.6,5.5,12.6,101
2019-12-24 16:00:00,4.8,0.4,5.4,11.9,90
2019-12-24 17:00:00,4.7,0.2,4.7,10.4,86
2019-12-24 18:00:00,4.6,0.1,4.0,9.4,80
2019-12-24 19:00:00,4.3,0.0,3.0,7.6,76
2019-12-24 20:00:00,4.4,0.1,2.1,7.9,59
2019-12-24 21:00:00,4.5,0.1,2.7,6.8,67
2019-12-24 22:00:00,4.4,0.0,2.9,6.5,60
2019-12-24 23:00:00,5.1,0.0,2.3,7.6,108
2019-12-25 00:00:00,4.9,0.0,3.9,7.9,124
2019-12-25 01:00:00,5.0,0.0,3.0,7.2,104
2019-12-25 02:00:00,4.0,0.0,3.0,7.2,104
2019-12-25 03:00:00,4.2,0.0,3.3,6.5,103
2019-12-25 04:00:00,4.4,0.0,3.2,6.8,90
2019-12-25 05:00:00,4.1,0.1,3.8,6.8,73
2019-12-25 06:00:00,4.1,0.0,3.4,6.5,72
2019-12-25 07:00:00,4.1,0.0,3.7,7.2,61
2019-12-25 08:00:00,4.0,0.0,5.0,9.0,60
2019-12-25 09:00:00,3.8,0.0,5.0,8.3,60
2019-12-25 10:00:00,3.5,0.0,4.2,8.3,59
2019-12-25 11:00:00,2.6,0.0,3.2,7.9,63
2019-12-25 12:00:00,3.2,0.0,2.4,6.8,27
2019-12-25 13:00:00,4.1,0.0,2.9,7.6,7
2019-12-25 14:00:00,4.2,0.0,5.1,9.4,4
2019-12-25 15:00:00,3.7,0.0,7.6,11.5,355
2019-12-25 16:00:00,3.2,0.0,9.0,12.6,2
2019-12-25 17:00:00,2.8,0.0,8.8,13.0,12
2019-12-25 18:00:00,3.0,0.0,7.7,12.2,11
2019-12-25 19:00:00,2.8,0.0,7.6,10.8,5
2019-12-25 20:00:00,2.2,0.0,7.9,14.4,3
2019-12-25 21:00:00,1.9,0.0,8.4,13.7,10
2019-12-25 22:00:00,1.7,0.0,7.8,13.0,13
2019-12-25 23:00:00,1.5,0.0,7.2,12.6,37
2019-12-26 00:00:00,1.6,0.0,4.7,11.9,32
2019-12-26 01:00:00,1.1,0.0,4.2,10.8,31
2019-12-26 02:00:00,1.0,0.0,5.1,10.4,39
2019-12-26 03:00:00,0.8,0.0,6.1,10.4,50
2019-12-26 04:00:00,0.4,0.0,6.0,10.4,57
2019-12-26 05:00:00,0.4,0.0,4.9,10.8,73
2019-12-26 06:00:00,0.0,0.0,3.8,9.7,73
2019-12-26 07:00:00,0.0,0.0,4.1,9.4,75
2019-12-26 08:00:00,-0.3,0.0,3.4,9.0,72
2019-12-26 09:00:00,-0.5,0.0,4.1,9.7,75
2019-12-26 10:00:00,-0.3,0.0,4.0,10.4,80
2019-12-26 11:00:00,0.3,0.0,6.1,12.2,90
2019-12-26 12:00:00,0.5,0.0,5.8,13.7,83
2019-12-26 13:00:00,0.7,0.0,5.9,13.7,79
2019-12-26 14:00:00,0.5,0.0,5.4,13.0,82
2019-12-26 15:00:00,0.0,0.0,5.2,11.9,78
2019-12-26 16:00:00,-0.5,0.0,6.8,12.6,72
2019-12-26 17:00:00,-0.9,0.0,8.0,15.8,72
2019-12-26 18:00:00,-1.0,0.0,7.9,16.9,74
2019-12-26 19:00:00,-1.1,0.0,6.8,17.3,72
2019-12-26 20:00:00,-1.3,0.0,5.2,14.0,74
2019-12-26 21:00:00,-1.6,0.0,4.4,11.9,81
2019-12-26 22:00:00,-1.6,0.0,4.7,10.1,94
2019-12-26 23:00:00,-1.6,0.0,8.4,13.0,97
2019-12-27 00:00:00,-1.8,0.0,8.8,15.1,102
2019-12-27 01:00:00,-1.7,0.0,8.8,16.2,109
2019-12-27 02:00:00,-1.4,0.0,8.7,16.9,114
2019-12-27 03:00:00,-0.9,0.0,8.5,16.9,118
2019-12-27 04:00:00,-0.6,0.0,7.4,16.9,119
2019-12-27 05:00:00,-0.5,0.0,8.5,18.0,118
2019-12-27 06:00:00,-0.2,0.0,9.8,19.4,114
2019-12-27 07:00:00,0.0,0.0,10.6,20.5,114
2019-12-27 08:00:00,0.6,0.0,11.9,24.8,119
2019-12-27 09:00:00,1.1,0.0,12.4,25.9,126
2019-12-27 10:00:00,1.3,0.0,14.6,29.5,128
2019-12-27 11:00:00,2.4,0.0,16.6,33.1,124
2019-12-27 12:00:00,3.1,0.0,16.6,33.1,129
2019-12-27 13:00:00,3.9,0.0,17.1,33.5,134
2019-12-27 14:00:00,4.4,0.0,18.8,38.5,137
2019-12-27 15:00:00,4.4,0.0,20.5,43.2,141
2019-12-27 16:00:00,3.9,0.0,21.8,44.3,141
2019-12-27 17:00:00,4.0,0.0,22.7,44.6,144
2019-12-27 18:00:00,4.2,0.0,25.5,49.3,151
2019-12-27 19:00:00,4.5,0.0,26.9,52.9,152
2019-12-27 20:00:00,4.9,0.0,29.0,59.4,152
2019-12-27 21:00:00,5.3,0.0,30.0,60.1,156
2019-12-27 22:00:00,5.4,0.1,31.4,64.4,156
2019-12-27 23:00:00,5.3,0.3,29.7,67.0,151
2019-12-28 00:00:00,4.8,0.5,30.9,67.0,151
2019-12-28 01:00:00,4.5,0.6,31.2,65.9,154
2019-12-28 02:00:00,4.4,0.5,30.8,65.9,156
2019-12-28 03:00:00,4.3,0.5,30.6,65.2,153
2019-12-28 04:00:00,4.2,0.9,29.9,63.7,153
2019-12-28 05:00:00,4.2,0.6,29.8,61.6,153
2019-12-28 06:00:00,4.2,0.9,29.5,60.8,155
2019-12-28 07:00:00,4.2,0.8,28.7,60.5,153
2019-12-28 08:00:00,4.3,0.6,28.4,58.7,151
2019-12-28 09:00:00,4.2,0.8,28.8,58.7,151
2019-12-28 10:00:00,4.1,0.9,29.7,61.2,149
2019-12-28 11:00:00,4.3,0.8,29.4,63.0,144
2019-12-28 12:00:00,4.5,0.8,32.3,64.1,145
2019-12-28 13:00:00,5.2,0.8,33.2,67.0,148
2019-12-28 14:00:00,5.7,0.2,32.7,69.1,152
2019-12-28 15:00:00,6.1,0.2,32.6,69.5,157
2019-12-28 16:00:00,6.5,0.2,31.8,69.1,158
2019-12-28 17:00:00,7.0,0.2,32.0,68.4,157
2019-12-28 18:00:00,7.3,0.2,32.1,68.4,155
2019-12-28 19:00:00,7.7,0.2,32.4,69.5,154
2019-12-28 20:00:00,8.1,0.7,31.5,65.5,158
2019-12-28 21:00:00,8.2,0.6,31.0,64.8,160
2019-12-28 22:00:00,8.5,0.4,29.7,63.0,159
2019-12-28 23:00:00,8.5,0.2,29.2,63.0,156
2019-12-29 00:00:00,8.6,0.2,30.8,62.3,159
2019-12-29 01:00:00,8.6,0.3,30.3,60.8,160
2019-12-29 02:00:00,8.8,1.0,30.9,58.3,161
2019-12-29 03:00:00,8.8,0.5,30.9,55.8,163
2019-12-29 04:00:00,8.8,0.6,31.4,55.4,167
2019-12-29 05:00:00,9.1,1.2,30.2,55.4,171
2019-12-29 06:00:00,9.3,1.9,27.0,55.1,170
2019-12-29 07:00:00,9.8,2.4,26.9,52.9,168
2019-12-29 08:00:00,10.2,1.9,28.9,64.8,169
2019-12-29 09:00:00,10.5,2.2,30.3,61.6,176
2019-12-29 10:00:00,10.7,2.3,32.4,67.3,183
2019-12-29 11:00:00,9.9,1.9,33.5,67.7,179
2019-12-29 12:00:00,9.9,2.7,31.7,64.4,183
2019-12-29 13:00:00,9.6,3.0,28.9,63.7,184
2019-12-29 14:00:00,9.6,3.1,27.7,59.4,182
2019-12-29 15:00:00,9.6,3.3,28.1,54.4,178
2019-12-29 16:00:00,9.6,2.7,27.7,52.2,179
2019-12-29 17:00:00,9.7,2.9,26.6,49.7,178
2019-12-29 18:00:00,9.8,2.8,25.2,45.0,179
2019-12-29 19:00:00,9.9,2.5,23.1,41.4,182
2019-12-29 20:00:00,9.8,2.5,21.3,47.2,182
2019-12-29 21:00:00,9.9,2.0,21.0,44.3,186
2019-12-29 22:00:00,9.8,1.8,21.1,43.6,194
2019-12-29 23:00:00,10.0,1.7,20.6,44.3,196
2019-12-30 00:00:00,10.1,1.5,22.3,47.5,203
2019-12-30 01:00:00,10.3,1.7,23.7,51.5,210
2019-12-30 02:00:00,10.4,1.8,24.9,54.0,219
2019-12-30 03:00:00,10.5,1.4,25.6,54.7,232
2019-12-30 04:00:00,10.3,1.0,25.1,54.4,243
2019-12-30 05:00:00,10.2,1.0,26.3,61.6,251
2019-12-30 06:00:00,9.8,0.6,26.7,59.8,254
2019-12-30 07:00:00,9.3,0.5,27.4,56.2,256
2019-12-30 08:00:00,9.0,0.6,25.8,58.3,258
2019-12-30 09:00:00,8.7,0.3,23.6,55.4,258
2019-12-30 10:00:00,8.8,0.3,22.5,49.0,258
2019-12-30 11:00:00,8.3,0.5,18.1,46.4,253
2019-12-30 12:00:00,8.1,0.3,19.4,46.1,255
2019-12-30 13:00:00,8.3,0.9,20.8,46.8,260
2019-12-30 14:00:00,8.3,0.6,24.2,47.9,267
2019-12-30 15:00:00,8.5,0.4,23.8,47.9,272
2019-12-30 16:00:00,8.2,0.8,23.5,47.9,275
2019-12-30 17:00:00,8.1,1.6,23.1,49.0,274
2019-12-30 18:00:00,8.1,1.7,24.8,51.5,279
2019-12-30 19:00:00,8.0,1.6,26.5,54.7,285
2019-12-30 20:00:00,7.8,1.4,25.1,55.1,286
2019-12-30 21:00:00,7.8,1.5,25.5,55.8,289
2019-12-30 22:00:00,7.4,2.2,27.1,55.4,292
2019-12-30 23:00:00,7.2,1.9,23.7,60.8,298
2019-12-31 00:00:00,6.8,0.5,27.8,63.0,320
2019-12-31 01:00:00,6.4,0.2,30.6,60.5,333
2019-12-31 02:00:00,6.5,0.1,25.7,60.1,338
2019-12-31 03:00:00,6.2,0.0,25.1,58.7,331
2019-12-31 04:00:00,5.8,0.0,25.8,58.0,330
2019-12-31 05:00:00,5.9,0.0,23.0,56.5,333
2019-12-31 06:00:00,5.5,0.0,21.4,47.5,333
2019-12-31 07:00:00,5.6,0.0,17.9,42.8,330
2019-12-31 08:00:00,5.5,0.0,15.4,35.6,327
2019-12-31 09:00:00,5.1,0.0,13.2,29.5,325
2019-12-31 10:00:00,4.3,0.0,10.2,25.2,321
2019-12-31 11:00:00,5.3,0.0,8.5,17.6,298
2019-12-31 12:00:00,5.6,0.0,7.3,17.3,279
2019-12-31 13:00:00,6.0,0.0,6.2,12.6,260
2019-12-31 14:00:00,6.0,0.0,5.9,12.2,232
2019-12-31 15:00:00,5.9,0.0,5.2,13.0,205
2019-12-31 16:00:00,5.8,0.0,6.7,14.4,196
2019-12-31 17:00:00,5.9,0.0,10.0,16.9,195
2019-12-31 18:00:00,6.1,0.2,11.6,22.7,196
2019-12-31 19:00:00,6.4,0.3,11.9,25.6,205
2019-12-31 20:00:00,6.9,0.3,13.7,28.1,215
2019-12-31 21:00:00,7.4,0.4,15.9,32.4,218
2019-12-31 22:00:00,7.7,0.3,17.7,35.3,213
2019-12-31 23:00:00,7.9,0.2,17.4,39.6,204
