time,temperature_2m,precipitation,wind_speed_10m,wind_gusts_10m,wind_direction_10m
2021-01-01 00:00:00,-0.2,0.0,5.1,12.2,8
2021-01-01 01:00:00,0.1,0.0,4.8,12.2,42
2021-01-01 02:00:00,-0.7,0.0,4.3,10.1,42
2021-01-01 03:00:00,-1.3,0.0,5.0,10.4,21
2021-01-01 04:00:00,-1.7,0.0,4.8,10.4,13
2021-01-01 05:00:00,-2.4,0.0,5.1,10.8,8
2021-01-01 06:00:00,-2.1,0.0,4.3,11.2,360
2021-01-01 07:00:00,-2.4,0.0,4.5,12.6,14
2021-01-01 08:00:00,-2.6,0.0,4.2,12.6,20
2021-01-01 09:00:00,-2.9,0.0,5.1,11.9,39
2021-01-01 10:00:00,-3.1,0.0,4.3,11.2,48
2021-01-01 11:00:00,-2.2,0.0,2.7,9.0,67
2021-01-01 12:00:00,-0.5,0.0,1.8,6.1,79
2021-01-01 13:00:00,0.7,0.0,2.6,3.6,146
2021-01-01 14:00:00,0.6,0.0,3.4,6.1,122
2021-01-01 15:00:00,1.5,0.0,2.3,5.0,108
2021-01-01 16:00:00,0.2,0.0,2.6,4.7,106
2021-01-01 17:00:00,-2.1,0.0,4.2,7.2,110
2021-01-01 18:00:00,-2.4,0.0,4.0,7.6,100
2021-01-01 19:00:00,-2.7,0.0,3.6,7.6,84
2021-01-01 20:00:00,-2.7,0.0,4.0,7.2,80
2021-01-01 21:00:00,-2.6,0.0,4.7,8.3,86
2021-01-01 22:00:00,-2.7,0.0,5.0,9.4,90
2021-01-01 23:00:00,-2.8,0.0,4.7,9.7,90
2021-01-02 00:00:00,-3.1,0.0,5.1,9.4,94
2021-01-02 01:00:00,-1.9,0.0,4.3,9.7,90
2021-01-02 02:00:00,-1.9,0.0,4.0,10.8,95
2021-01-02 03:00:00,-1.8,0.0,4.0,9.7,95
2021-01-02 04:00:00,-1.4,0.0,4.5,11.5,119
2021-01-02 05:00:00,-0.9,0.0,4.4,11.9,125
2021-01-02 06:00:00,-0.1,0.0,5.6,13.0,130
2021-01-02 07:00:00,0.2,0.0,7.3,16.6,147
2021-01-02 08:00:00,-0.7,0.0,7.7,18.0,139
2021-01-02 09:00:00,-0.8,0.0,8.4,19.4,137
2021-01-02 10:00:00,-0.7,0.0,8.5,20.2,144
2021-01-02 11:00:00,0.4,0.0,9.4,21.2,148
2021-01-02 12:00:00,1.2,0.0,9.3,22.3,144
2021-01-02 13:00:00,1.6,0.0,10.6,22.0,145
2021-01-02 14:00:00,1.6,0.0,10.0,25.2,139
2021-01-02 15:00:00,1.5,0.0,9.7,24.8,132
2021-01-02 16:00:00,1.1,0.0,9.1,24.1,124
2021-01-02 17:00:00,0.0,0.0,8.5,22.7,118
2021-01-02 18:00:00,-0.6,0.0,8.4,21.2,110
2021-01-02 19:00:00,-0.9,0.0,8.1,20.9,103
2021-01-02 20:00:00,-1.5,0.0,7.4,19.4,104
2021-01-02 21:00:00,-1.9,0.0,6.8,17.6,87
2021-01-02 22:00:00,-2.0,0.0,6.9,15.8,81
2021-01-02 23:00:00,-2.2,0.0,7.5,15.1,73
2021-01-03 00:00:00,-2.3,0.0,8.4,16.9,70
2021-01-03 01:00:00,-2.4,0.0,8.3,16.9,72
2021-01-03 02:00:00,-1.7,0.0,8.8,17.6,71
2021-01-03 03:00:00,-1.8,0.0,8.7,18.0,66
2021-01-03 04:00:00,-2.0,0.0,7.6,17.6,65
2021-01-03 05:00:00,-2.2,0.0,7.1,15.1,66
2021-01-03 06:00:00,-2.3,0.0,6.5,15.1,71
2021-01-03 07:00:00,-2.5,0.0,5.2,13.7,74
2021-01-03 08:00:00,-2.8,0.0,4.3,11.2,85
2021-01-03 09:00:00,-3.1,0.0,2.2,9.4,90
2021-01-03 10:00:00,-3.3,0.0,1.1,6.1,72
2021-01-03 11:00:00,-2.5,0.0,2.6,6.5,74
2021-01-03 12:00:00,-1.2,0.0,3.3,6.8,84
2021-01-03 13:00:00,-0.2,0.0,4.7,6.8,81
2021-01-03 14:00:00,-0.3,0.0,4.7,11.2,90
2021-01-03 15:00:00,-0.8,0.0,3.7,10.1,101
2021-01-03 16:00:00,-2.0,0.0,1.8,8.6,90
2021-01-03 17:00:00,-2.0,0.0,1.8,5.8,79
2021-01-03 18:00:00,-1.9,0.0,2.2,6.8,81
2021-01-03 19:00:00,-1.9,0.0,2.2,6.8,99
2021-01-03 20:00:00,-2.4,0.0,1.8,6.5,101
2021-01-03 21:00:00,-2.9,0.0,2.2,6.1,81
2021-01-03 22:00:00,-2.8,0.0,3.0,7.9,76
2021-01-03 23:00:00,-2.8,0.0,3.2,8.6,63
2021-01-04 00:00:00,-3.0,0.0,3.5,8.6,66
2021-01-04 01:00:00,-3.7,0.0,5.6,8.6,50
2021-01-04 02:00:00,-2.6,0.0,3.6,10.4,53
2021-01-04 03:00:00,-2.5,0.0,3.8,9.4,49
2021-01-04 04:00:00,-2.5,0.0,3.4,9.7,32
2021-01-04 05:00:00,-2.7,0.0,3.7,10.1,29
2021-01-04 06:00:00,-3.3,0.0,4.3,10.4,48
2021-01-04 07:00:00,-1.8,0.0,2.1,10.1,59
2021-01-04 08:00:00,-1.9,0.0,1.5,6.8,45
2021-01-04 09:00:00,-2.9,0.0,2.5,6.8,90
2021-01-04 10:00:00,-2.9,0.0,3.9,9.7,112
2021-01-04 11:00:00,-2.7,0.0,4.8,11.2,132
2021-01-04 12:00:00,-1.7,0.0,1.8,10.8,90
2021-01-04 13:00:00,-1.4,0.0,2.1,6.8,31
2021-01-04 14:00:00,-1.2,0.0,2.3,6.1,72
2021-01-04 15:00:00,-1.8,0.0,4.0,9.0,95
2021-01-04 16:00:00,-2.4,0.0,4.7,10.1,90
2021-01-04 17:00:00,-2.9,0.0,4.0,10.1,80
2021-01-04 18:00:00,-3.2,0.0,3.9,8.6,56
2021-01-04 19:00:00,-3.4,0.0,4.4,9.4,55
2021-01-04 20:00:00,-3.5,0.0,4.2,10.1,59
2021-01-04 21:00:00,-3.5,0.0,6.1,13.3,62
2021-01-04 22:00:00,-3.9,0.0,5.6,14.0,63
2021-01-04 23:00:00,-4.1,0.0,4.3,12.6,66
2021-01-05 00:00:00,-4.2,0.0,2.9,10.4,90
2021-01-05 01:00:00,-4.8,0.0,4.0,7.9,95
2021-01-05 02:00:00,-2.8,0.0,2.2,9.0,99
2021-01-05 03:00:00,-2.5,0.0,2.2,7.6,90
2021-01-05 04:00:00,-2.4,0.0,2.5,7.9,98
2021-01-05 05:00:00,-2.8,0.0,1.6,7.6,117
2021-01-05 06:00:00,-3.4,0.0,1.8,5.8,127
2021-01-05 07:00:00,-3.4,0.0,2.8,5.4,130
2021-01-05 08:00:00,-3.0,0.0,2.8,6.1,130
2021-01-05 09:00:00,-2.6,0.0,5.4,10.1,132
2021-01-05 10:00:00,-2.8,0.0,4.8,10.4,132
2021-01-05 11:00:00,-2.2,0.0,3.8,10.1,139
2021-01-05 12:00:00,-1.2,0.0,3.6,8.3,143
2021-01-05 13:00:00,0.1,0.0,1.5,7.6,135
2021-01-05 14:00:00,-0.3,0.0,2.2,4.3,81
2021-01-05 15:00:00,0.3,0.0,2.2,5.0,81
2021-01-05 16:00:00,-0.4,0.0,3.4,5.0,72
2021-01-05 17:00:00,-1.9,0.0,3.6,7.6,90
2021-01-05 18:00:00,-2.1,0.0,3.3,7.6,96
2021-01-05 19:00:00,-2.7,0.0,2.5,7.2,98
2021-01-05 20:00:00,-3.1,0.0,2.5,6.1,82
2021-01-05 21:00:00,-2.2,0.0,2.9,6.5,90
2021-01-05 22:00:00,-1.9,0.0,5.0,10.4,90
2021-01-05 23:00:00,-2.1,0.0,4.7,10.8,90
2021-01-06 00:00:00,-2.6,0.0,3.3,10.1,96
2021-01-06 01:00:00,-4.2,0.0,4.0,7.9,95
2021-01-06 02:00:00,-3.4,0.0,1.5,7.2,104
2021-01-06 03:00:00,-3.2,0.0,2.2,6.1,99
2021-01-06 04:00:00,-3.2,0.0,2.6,6.1,106
2021-01-06 05:00:00,-3.2,0.0,4.0,8.6,117
2021-01-06 06:00:00,-3.7,0.0,2.8,8.3,130
2021-01-06 07:00:00,-3.6,0.0,2.9,6.8,120
2021-01-06 08:00:00,-3.5,0.0,4.1,8.6,128
2021-01-06 09:00:00,-3.6,0.0,4.6,9.4,135
2021-01-06 10:00:00,-3.5,0.0,6.4,12.2,142
2021-01-06 11:00:00,-2.6,0.0,7.4,14.8,151
2021-01-06 12:00:00,-1.6,0.0,6.8,15.1,162
2021-01-06 13:00:00,-1.4,0.0,6.3,14.4,149
2021-01-06 14:00:00,-1.5,0.0,6.7,14.8,144
2021-01-06 15:00:00,-2.2,0.0,6.9,15.5,141
2021-01-06 16:00:00,-3.1,0.0,7.4,16.2,137
2021-01-06 17:00:00,-3.5,0.0,8.7,18.4,135
2021-01-06 18:00:00,-3.6,0.0,8.7,18.4,132
2021-01-06 19:00:00,-3.6,0.0,8.4,18.7,137
2021-01-06 20:00:00,-3.6,0.0,9.7,20.5,135
2021-01-06 21:00:00,-3.5,0.0,10.2,21.6,132
2021-01-06 22:00:00,-3.3,0.0,9.7,21.6,138
2021-01-06 23:00:00,-1.8,0.0,9.8,22.3,144
2021-01-07 00:00:00,-1.0,0.0,10.2,23.8,135
2021-01-07 01:00:00,-1.2,0.0,10.0,24.5,131
2021-01-07 02:00:00,-2.3,0.0,8.9,23.0,140
2021-01-07 03:00:00,-2.1,0.0,9.0,20.9,157
2021-01-07 04:00:00,-1.3,0.0,8.9,22.3,153
2021-01-07 05:00:00,-1.2,0.0,9.2,22.3,141
2021-01-07 06:00:00,-1.0,0.0,8.4,22.0,140
2021-01-07 07:00:00,-1.3,0.0,10.0,22.3,150
2021-01-07 08:00:00,-1.2,0.0,10.0,24.1,154
2021-01-07 09:00:00,-0.7,0.0,10.6,25.6,152
2021-01-07 10:00:00,-0.5,0.0,11.6,28.1,154
2021-01-07 11:00:00,-0.5,0.0,12.5,30.6,147
2021-01-07 12:00:00,-0.2,0.0,12.2,31.0,152
2021-01-07 13:00:00,0.1,0.0,12.1,30.6,157
2021-01-07 14:00:00,0.0,0.0,10.6,29.2,156
2021-01-07 15:00:00,-1.0,0.0,10.3,25.9,144
2021-01-07 16:00:00,-2.3,0.0,10.7,24.5,135
2021-01-07 17:00:00,-3.0,0.0,11.0,25.6,131
2021-01-07 18:00:00,-3.1,0.0,10.7,25.6,138
2021-01-07 19:00:00,-3.2,0.0,11.0,25.2,148
2021-01-07 20:00:00,-3.3,0.0,11.4,27.4,145
2021-01-07 21:00:00,-3.4,0.0,10.6,27.0,145
2021-01-07 22:00:00,-3.6,0.0,9.2,25.6,141
2021-01-07 23:00:00,-3.5,0.0,9.4,22.0,137
2021-01-08 00:00:00,-3.1,0.0,10.5,24.1,131
2021-01-08 01:00:00,-2.6,0.0,9.7,25.2,135
2021-01-08 02:00:00,-2.3,0.0,9.8,23.4,126
2021-01-08 03:00:00,-2.3,0.0,10.0,22.3,128
2021-01-08 04:00:00,-2.8,0.0,8.4,22.7,121
2021-01-08 05:00:00,-3.2,0.0,6.3,19.1,121
2021-01-08 06:00:00,-3.4,0.0,6.3,14.4,114
2021-01-08 07:00:00,-3.6,0.0,7.0,14.8,111
2021-01-08 08:00:00,-3.8,0.0,5.5,14.8,101
2021-01-08 09:00:00,-4.1,0.0,3.6,11.5,84
2021-01-08 10:00:00,-4.2,0.0,2.9,7.9,83
2021-01-08 11:00:00,-3.3,0.0,3.2,7.2,63
2021-01-08 12:00:00,-1.6,0.0,2.6,7.6,56
2021-01-08 13:00:00,-0.2,0.0,2.3,6.1,72
2021-01-08 14:00:00,-0.4,0.0,1.9,5.8,158
2021-01-08 15:00:00,-1.0,0.0,3.6,6.8,180
2021-01-08 16:00:00,-1.9,0.0,4.0,8.6,170
2021-01-08 17:00:00,-1.8,0.0,4.7,9.7,148
2021-01-08 18:00:00,-2.2,0.0,7.7,15.1,139
2021-01-08 19:00:00,-2.4,0.0,9.0,18.4,143
2021-01-08 20:00:00,-2.1,0.0,9.1,20.9,146
2021-01-08 21:00:00,-2.1,0.0,9.3,22.0,144
2021-01-08 22:00:00,-2.3,0.0,9.2,21.6,149
2021-01-08 23:00:00,-2.1,0.0,9.2,21.2,149
2021-01-09 00:00:00,-1.6,0.0,10.0,24.1,150
2021-01-09 01:00:00,-1.8,0.0,11.8,27.4,153
2021-01-09 02:00:00,-1.1,0.0,11.1,27.7,155
2021-01-09 03:00:00,-0.5,0.0,13.0,33.1,156
2021-01-09 04:00:00,-0.2,0.0,14.5,36.7,157
2021-01-09 05:00:00,-0.1,0.0,16.3,40.7,158
2021-01-09 06:00:00,-0.0,0.0,16.3,41.8,158
2021-01-09 07:00:00,-0.1,0.0,16.4,42.8,154
2021-01-09 08:00:00,0.1,0.1,17.1,43.9,155
2021-01-09 09:00:00,0.1,0.0,18.2,47.5,155
2021-01-09 10:00:00,0.2,0.0,19.2,49.7,157
2021-01-09 11:00:00,0.5,0.0,20.9,53.3,161
2021-01-09 12:00:00,0.5,0.1,20.9,55.1,161
2021-01-09 13:00:00,0.9,0.1,22.3,60.5,159
2021-01-09 14:00:00,1.1,0.1,21.4,56.9,155
2021-01-09 15:00:00,1.3,0.1,26.8,70.2,165
2021-01-09 16:00:00,1.5,0.2,28.9,73.4,163
2021-01-09 17:00:00,1.7,0.4,29.5,76.3,162
2021-01-09 18:00:00,1.9,0.6,30.5,79.9,163
2021-01-09 19:00:00,1.9,1.6,25.7,79.6,175
2021-01-09 20:00:00,2.1,3.8,23.9,69.1,196
2021-01-09 21:00:00,1.3,4.8,8.7,59.4,240
2021-01-09 22:00:00,0.9,1.7,12.4,30.6,306
2021-01-09 23:00:00,1.2,0.2,7.5,31.7,325
2021-01-10 00:00:00,0.6,0.0,9.2,22.0,315
2021-01-10 01:00:00,-0.4,0.1,9.0,29.5,268
2021-01-10 02:00:00,0.6,0.0,4.7,23.8,238
2021-01-10 03:00:00,1.4,0.0,5.4,18.4,217
2021-01-10 04:00:00,0.8,0.6,10.9,24.5,278
2021-01-10 05:00:00,0.8,0.5,11.5,33.1,302
2021-01-10 06:00:00,0.9,0.3,8.1,34.6,291
2021-01-10 07:00:00,-0.1,0.2,4.0,29.5,270
2021-01-10 08:00:00,0.2,1.3,4.5,20.2,209
2021-01-10 09:00:00,0.4,0.8,6.2,19.4,201
2021-01-10 10:00:00,-0.8,0.7,7.9,16.6,183
2021-01-10 11:00:00,-0.4,0.4,9.0,20.5,164
2021-01-10 12:00:00,-0.3,0.8,9.5,22.7,155
2021-01-10 13:00:00,0.3,0.4,6.4,27.7,164
2021-01-10 14:00:00,0.1,0.2,8.1,19.1,148
2021-01-10 15:00:00,-0.5,0.3,8.4,20.5,155
2021-01-10 16:00:00,-0.4,0.3,10.5,30.2,139
2021-01-10 17:00:00,0.6,0.4,9.4,31.0,173
2021-01-10 18:00:00,0.5,0.6,9.7,29.5,182
2021-01-10 19:00:00,0.8,1.0,12.2,30.6,199
2021-01-10 20:00:00,0.8,0.4,11.8,31.3,207
2021-01-10 21:00:00,0.9,0.4,11.6,33.8,248
2021-01-10 22:00:00,0.7,0.3,7.6,34.2,270
2021-01-10 23:00:00,-2.2,0.3,6.3,19.8,246
2021-01-11 00:00:00,-1.3,0.4,5.2,13.7,205
2021-01-11 01:00:00,-1.5,0.0,7.8,11.2,193
2021-01-11 02:00:00,-1.8,0.4,4.7,18.4,148
2021-01-11 03:00:00,-0.9,0.1,7.9,15.5,141
2021-01-11 04:00:00,-1.4,0.0,9.5,19.8,127
2021-01-11 05:00:00,-1.3,0.2,9.5,24.5,143
2021-01-11 06:00:00,-0.9,0.4,11.0,26.3,157
2021-01-11 07:00:00,-0.0,0.2,10.7,28.1,160
2021-01-11 08:00:00,0.3,0.8,7.3,25.9,189
2021-01-11 09:00:00,0.6,0.5,4.5,20.5,194
2021-01-11 10:00:00,0.7,0.0,0.7,17.6,90
2021-01-11 11:00:00,-1.3,0.0,5.5,7.9,113
2021-01-11 12:00:00,0.0,0.0,1.1,7.9,90
2021-01-11 13:00:00,-0.8,0.0,3.8,11.5,41
2021-01-11 14:00:00,-2.5,0.0,4.5,11.9,29
2021-01-11 15:00:00,-2.8,0.0,5.8,14.8,22
2021-01-11 16:00:00,-5.4,0.0,7.1,14.8,41
2021-01-11 17:00:00,-7.1,0.0,7.4,14.8,43
2021-01-11 18:00:00,-4.8,0.0,5.9,14.0,14
2021-01-11 19:00:00,-9.1,0.0,6.9,14.0,62
2021-01-11 20:00:00,-9.4,0.0,6.9,13.7,81
2021-01-11 21:00:00,-9.7,0.0,7.4,14.0,76
2021-01-11 22:00:00,-10.3,0.0,7.2,14.0,63
2021-01-11 23:00:00,-10.0,0.0,7.1,14.8,60
2021-01-12 00:00:00,-9.1,0.0,6.8,15.1,58
2021-01-12 01:00:00,-7.0,0.0,7.2,16.6,53
2021-01-12 02:00:00,-4.2,0.0,5.9,15.5,52
2021-01-12 03:00:00,-3.3,0.0,4.5,13.3,61
2021-01-12 04:00:00,-2.7,0.3,3.0,13.0,104
2021-01-12 05:00:00,-2.3,0.1,1.9,14.0,158
2021-01-12 06:00:00,-2.5,0.0,3.4,13.3,162
2021-01-12 07:00:00,-1.8,0.0,6.4,16.6,317
2021-01-12 08:00:00,-4.8,0.0,5.5,22.0,337
2021-01-12 09:00:00,-3.4,0.0,5.5,22.7,337
2021-01-12 10:00:00,-2.5,0.0,11.3,28.4,333
2021-01-12 11:00:00,-0.6,0.1,17.6,45.0,329
2021-01-12 12:00:00,1.1,0.1,24.1,59.8,333
2021-01-12 13:00:00,1.1,0.0,22.9,60.8,327
2021-01-12 14:00:00,1.2,0.0,22.3,59.0,326
2021-01-12 15:00:00,1.2,0.0,22.1,56.5,326
2021-01-12 16:00:00,1.1,0.0,21.1,59.4,330
2021-01-12 17:00:00,1.4,0.0,22.6,60.1,335
2021-01-12 18:00:00,1.4,0.0,22.2,56.9,333
2021-01-12 19:00:00,1.2,0.0,22.4,60.1,332
2021-01-12 20:00:00,1.3,0.0,23.2,63.0,334
2021-01-12 21:00:00,1.4,0.0,24.2,64.8,332
2021-01-12 22:00:00,1.2,0.1,22.6,64.1,329
2021-01-12 23:00:00,1.2,0.0,23.6,60.5,329
2021-01-13 00:00:00,1.1,0.0,22.1,60.1,332
2021-01-13 01:00:00,1.3,0.0,21.5,56.5,337
2021-01-13 02:00:00,0.8,0.2,18.9,54.0,339
2021-01-13 03:00:00,0.5,0.1,17.7,46.8,348
2021-01-13 04:00:00,-0.5,0.0,15.9,44.6,357
2021-01-13 05:00:00,-1.3,0.0,14.4,40.3,3
2021-01-13 06:00:00,-2.0,0.0,12.4,36.4,10
2021-01-13 07:00:00,-3.0,0.0,12.4,32.0,26
2021-01-13 08:00:00,-3.6,0.0,11.8,32.0,38
2021-01-13 09:00:00,-4.4,0.0,11.1,30.6,25
2021-01-13 10:00:00,-5.2,0.0,10.9,28.8,17
2021-01-13 11:00:00,-5.3,0.0,10.5,27.7,16
2021-01-13 12:00:00,-5.1,0.0,8.2,27.0,23
2021-01-13 13:00:00,-3.8,0.0,9.1,22.7,18
2021-01-13 14:00:00,-4.5,0.0,6.8,22.0,18
2021-01-13 15:00:00,-4.9,0.0,9.2,21.6,26
2021-01-13 16:00:00,-5.4,0.0,10.0,23.4,30
2021-01-13 17:00:00,-5.8,0.0,9.7,23.0,42
2021-01-13 18:00:00,-6.5,0.0,7.5,22.0,55
2021-01-13 19:00:00,-7.7,0.0,8.5,18.4,54
2021-01-13 20:00:00,-8.2,0.0,9.0,20.2,67
2021-01-13 21:00:00,-9.4,0.0,7.9,19.1,74
2021-01-13 22:00:00,-10.3,0.0,6.2,16.9,80
2021-01-13 23:00:00,-10.6,0.0,4.7,14.4,81
2021-01-14 00:00:00,-12.9,0.0,2.9,11.9,90
2021-01-14 01:00:00,-12.3,0.0,3.7,7.2,79
2021-01-14 02:00:00,-10.0,0.0,5.7,12.2,72
2021-01-14 03:00:00,-11.8,0.0,4.8,12.6,77
2021-01-14 04:00:00,-12.3,0.0,3.4,9.7,72
2021-01-14 05:00:00,-9.4,0.0,1.8,7.2,90
2021-01-14 06:00:00,-7.2,0.0,3.3,6.1,84
2021-01-14 07:00:00,-5.3,0.0,5.1,9.0,82
2021-01-14 08:00:00,-4.6,0.0,3.2,9.0,90
2021-01-14 09:00:00,-4.4,0.0,2.2,5.8,99
2021-01-14 10:00:00,-4.3,0.0,3.2,5.4,117
2021-01-14 11:00:00,-3.9,0.0,4.6,7.2,129
2021-01-14 12:00:00,-3.1,0.0,6.1,9.4,140
2021-01-14 13:00:00,-4.5,0.0,4.1,10.4,128
2021-01-14 14:00:00,-3.3,0.0,3.6,5.0,127
2021-01-14 15:00:00,-4.3,0.0,4.4,6.1,125
2021-01-14 16:00:00,-4.7,0.0,5.0,7.2,111
2021-01-14 17:00:00,-5.4,0.0,6.0,9.4,115
2021-01-14 18:00:00,-7.1,0.0,6.2,10.1,100
2021-01-14 19:00:00,-7.1,0.0,5.8,10.8,90
2021-01-14 20:00:00,-7.8,0.0,6.2,12.2,80
2021-01-14 21:00:00,-8.2,0.0,5.8,12.2,83
2021-01-14 22:00:00,-8.5,0.0,5.8,12.2,90
2021-01-14 23:00:00,-9.1,0.0,5.8,13.0,86
2021-01-15 00:00:00,-9.3,0.0,5.1,13.0,86
2021-01-15 01:00:00,-8.2,0.0,7.4,11.9,76
2021-01-15 02:00:00,-9.1,0.0,5.9,16.2,76
2021-01-15 03:00:00,-10.3,0.0,5.4,14.0,86
2021-01-15 04:00:00,-10.9,0.0,4.0,12.6,100
2021-01-15 05:00:00,-11.3,0.0,3.4,10.1,108
2021-01-15 06:00:00,-11.4,0.0,4.4,10.8,99
2021-01-15 07:00:00,-11.4,0.0,6.5,14.0,87
2021-01-15 08:00:00,-10.5,0.0,6.9,15.1,84
2021-01-15 09:00:00,-10.4,0.0,6.5,15.1,90
2021-01-15 10:00:00,-10.2,0.0,5.8,14.0,97
2021-01-15 11:00:00,-9.9,0.0,4.8,12.6,103
2021-01-15 12:00:00,-4.3,0.0,4.0,10.4,153
2021-01-15 13:00:00,-6.2,0.0,6.0,8.6,147
2021-01-15 14:00:00,-5.7,0.0,6.4,9.4,128
2021-01-15 15:00:00,-5.7,0.0,7.1,9.7,131
2021-01-15 16:00:00,-6.6,0.0,7.1,9.4,135
2021-01-15 17:00:00,-8.2,0.0,7.2,11.9,127
2021-01-15 18:00:00,-8.9,0.0,7.3,11.9,123
2021-01-15 19:00:00,-8.5,0.0,6.6,11.9,119
2021-01-15 20:00:00,-6.7,0.0,4.8,11.2,117
2021-01-15 21:00:00,-5.3,0.0,4.7,10.4,113
2021-01-15 22:00:00,-5.7,0.0,5.2,11.2,115
2021-01-15 23:00:00,-6.2,0.0,5.7,12.2,108
2021-01-16 00:00:00,-6.7,0.0,6.0,13.7,107
2021-01-16 01:00:00,-9.3,0.0,10.0,13.3,131
2021-01-16 02:00:00,-7.6,0.0,8.9,18.7,122
2021-01-16 03:00:00,-6.8,0.0,9.4,20.5,122
2021-01-16 04:00:00,-5.8,0.0,10.2,22.0,122
2021-01-16 05:00:00,-5.1,0.0,10.2,23.4,122
2021-01-16 06:00:00,-4.7,0.0,9.8,23.4,126
2021-01-16 07:00:00,-5.1,0.0,9.7,23.0,135
2021-01-16 08:00:00,-5.6,0.0,10.2,25.2,138
2021-01-16 09:00:00,-5.7,0.0,11.0,25.9,139
2021-01-16 10:00:00,-5.4,0.0,12.8,31.3,130
2021-01-16 11:00:00,-4.3,0.0,11.6,32.0,144
2021-01-16 12:00:00,-2.6,0.0,13.6,37.1,140
2021-01-16 13:00:00,-0.4,0.0,16.3,41.4,139
2021-01-16 14:00:00,-0.7,0.0,15.8,43.6,137
2021-01-16 15:00:00,-1.0,0.0,15.2,43.9,126
2021-01-16 16:00:00,-0.4,0.0,15.8,43.6,120
2021-01-16 17:00:00,-0.7,0.0,14.7,43.6,121
2021-01-16 18:00:00,-0.7,0.0,12.4,40.3,120
2021-01-16 19:00:00,-0.8,0.0,12.8,36.0,122
2021-01-16 20:00:00,-0.6,0.0,13.9,39.2,127
2021-01-16 21:00:00,-0.7,0.0,14.1,40.7,122
2021-01-16 22:00:00,-0.8,0.1,13.7,39.2,117
2021-01-16 23:00:00,-0.8,0.1,14.2,40.3,111
2021-01-17 00:00:00,-0.9,0.0,12.6,40.0,110
2021-01-17 01:00:00,1.5,0.0,18.1,36.0,133
2021-01-17 02:00:00,1.7,0.0,18.8,50.4,137
2021-01-17 03:00:00,1.8,0.0,20.0,53.6,141
2021-01-17 04:00:00,2.0,0.2,21.5,56.9,145
2021-01-17 05:00:00,2.2,0.2,21.8,57.6,149
2021-01-17 06:00:00,1.8,0.4,21.7,59.4,156
2021-01-17 07:00:00,1.6,0.4,21.3,58.7,158
2021-01-17 08:00:00,1.6,0.2,21.4,57.2,160
2021-01-17 09:00:00,1.5,0.1,22.1,58.3,161
2021-01-17 10:00:00,1.6,0.0,22.3,58.3,162
2021-01-17 11:00:00,1.7,0.0,22.8,60.1,162
2021-01-17 12:00:00,1.8,0.0,23.3,61.6,160
2021-01-17 13:00:00,2.2,0.0,22.2,60.5,160
2021-01-17 14:00:00,1.8,0.1,22.3,57.6,162
2021-01-17 15:00:00,1.7,0.4,21.2,56.9,162
2021-01-17 16:00:00,1.5,0.6,20.0,54.4,162
2021-01-17 17:00:00,1.5,0.6,18.8,52.2,163
2021-01-17 18:00:00,1.4,0.6,19.6,50.4,163
2021-01-17 19:00:00,1.3,1.0,18.7,50.8,161
2021-01-17 20:00:00,1.3,0.8,16.7,48.2,161
2021-01-17 21:00:00,1.4,0.5,15.6,43.6,157
2021-01-17 22:00:00,1.6,0.2,14.8,40.7,157
2021-01-17 23:00:00,1.6,0.1,15.9,40.3,152
2021-01-18 00:00:00,1.8,0.1,15.9,40.7,152
2021-01-18 01:00:00,2.0,0.1,16.2,40.7,148
2021-01-18 02:00:00,2.0,0.0,16.6,42.1,150
2021-01-18 03:00:00,2.0,0.0,17.4,43.2,146
2021-01-18 04:00:00,2.2,0.0,17.2,44.3,147
2021-01-18 05:00:00,2.1,0.0,17.7,44.6,141
2021-01-18 06:00:00,2.1,0.0,17.0,44.6,148
2021-01-18 07:00:00,2.2,0.1,16.6,44.3,146
2021-01-18 08:00:00,2.3,0.4,17.9,50.0,150
2021-01-18 09:00:00,2.2,0.6,18.8,51.5,151
2021-01-18 10:00:00,1.9,1.2,18.2,51.1,162
2021-01-18 11:00:00,2.0,0.8,18.5,47.9,159
2021-01-18 12:00:00,2.0,0.2,16.8,46.8,157
2021-01-18 13:00:00,2.2,0.1,17.6,43.2,165
2021-01-18 14:00:00,1.9,0.5,17.0,44.3,159
2021-01-18 15:00:00,1.9,0.0,15.5,42.5,155
2021-01-18 16:00:00,1.7,0.0,16.1,39.6,146
2021-01-18 17:00:00,1.7,0.0,17.4,43.6,146
2021-01-18 18:00:00,1.7,0.1,17.1,43.9,145
2021-01-18 19:00:00,1.9,0.4,18.1,45.7,149
2021-01-18 20:00:00,1.8,0.5,17.6,46.1,152
2021-01-18 21:00:00,1.7,0.4,18.0,46.4,151
2021-01-18 22:00:00,1.9,0.3,17.4,46.4,150
2021-01-18 23:00:00,2.0,0.5,17.2,45.7,151
2021-01-19 00:00:00,2.3,0.3,17.9,46.4,150
2021-01-19 01:00:00,1.9,0.3,16.6,46.1,150
2021-01-19 02:00:00,1.9,0.0,16.3,42.1,145
2021-01-19 03:00:00,2.0,0.0,15.0,41.0,145
2021-01-19 04:00:00,1.9,0.0,13.6,38.2,140
2021-01-19 05:00:00,1.5,0.1,11.7,34.6,135
2021-01-19 06:00:00,0.9,0.1,10.5,31.0,128
2021-01-19 07:00:00,1.2,0.3,10.2,31.3,132
2021-01-19 08:00:00,0.9,0.5,8.7,32.0,138
2021-01-19 09:00:00,0.5,0.3,8.2,30.2,128
2021-01-19 10:00:00,0.4,0.2,8.6,24.1,123
2021-01-19 11:00:00,0.6,0.1,8.4,24.1,121
2021-01-19 12:00:00,0.9,0.0,8.9,24.5,122
2021-01-19 13:00:00,2.0,0.0,9.4,24.5,133
2021-01-19 14:00:00,2.0,0.0,9.7,25.2,129
2021-01-19 15:00:00,1.9,0.0,10.5,25.9,128
2021-01-19 16:00:00,1.7,0.0,10.3,26.3,126
2021-01-19 17:00:00,1.0,0.0,10.0,25.6,128
2021-01-19 18:00:00,0.9,0.0,8.6,25.2,123
2021-01-19 19:00:00,-0.5,0.0,9.3,23.4,118
2021-01-19 20:00:00,-1.2,0.0,9.3,23.8,118
2021-01-19 21:00:00,-1.8,0.0,8.6,23.8,112
2021-01-19 22:00:00,-2.7,0.0,8.3,22.0,108
2021-01-19 23:00:00,-2.8,0.0,7.4,21.2,104
2021-01-20 00:00:00,-3.7,0.0,7.0,19.4,102
2021-01-20 01:00:00,-3.9,0.0,6.5,18.4,90
2021-01-20 02:00:00,-2.3,0.0,9.1,19.8,81
2021-01-20 03:00:00,-2.4,0.0,9.4,20.9,83
2021-01-20 04:00:00,-2.2,0.0,10.2,22.7,80
2021-01-20 05:00:00,-1.8,0.0,11.1,24.8,77
2021-01-20 06:00:00,-1.8,0.0,9.9,25.2,80
2021-01-20 07:00:00,-0.7,0.0,11.2,27.0,75
2021-01-20 08:00:00,0.6,0.0,12.2,30.6,71
2021-01-20 09:00:00,1.2,0.0,12.8,32.0,74
2021-01-20 10:00:00,1.3,0.0,11.4,32.0,72
2021-01-20 11:00:00,1.8,0.0,11.3,29.9,73
2021-01-20 12:00:00,2.4,0.0,10.7,30.2,70
2021-01-20 13:00:00,2.9,0.1,10.4,29.2,70
2021-01-20 14:00:00,2.4,0.1,7.7,25.6,49
2021-01-20 15:00:00,2.6,0.1,5.8,21.6,68
2021-01-20 16:00:00,2.1,0.8,11.6,29.2,83
2021-01-20 17:00:00,2.2,1.7,13.6,36.4,79
2021-01-20 18:00:00,2.4,0.1,8.7,35.3,83
2021-01-20 19:00:00,2.3,0.2,7.3,25.2,79
2021-01-20 20:00:00,2.6,0.1,10.1,27.4,88
2021-01-20 21:00:00,3.0,0.1,13.1,33.5,98
2021-01-20 22:00:00,2.8,0.3,14.1,34.2,94
2021-01-20 23:00:00,1.6,1.0,13.0,35.3,85
2021-01-21 00:00:00,1.7,1.1,13.7,36.0,85
2021-01-21 01:00:00,2.3,1.7,15.5,36.0,78
2021-01-21 02:00:00,2.4,1.3,14.3,38.5,102
2021-01-21 03:00:00,3.4,1.6,16.0,46.1,121
2021-01-21 04:00:00,3.3,1.7,15.0,43.9,120
2021-01-21 05:00:00,3.6,1.1,15.4,43.9,127
2021-01-21 06:00:00,4.1,0.9,20.1,53.3,136
2021-01-21 07:00:00,5.4,0.5,19.4,53.3,140
2021-01-21 08:00:00,5.7,0.2,19.4,50.0,137
2021-01-21 09:00:00,4.9,0.4,16.1,49.3,114
2021-01-21 10:00:00,3.8,0.0,14.3,40.7,78
2021-01-21 11:00:00,4.2,0.0,14.9,36.0,75
2021-01-21 12:00:00,5.0,0.1,15.8,38.2,73
2021-01-21 13:00:00,6.1,0.0,13.6,38.5,73
2021-01-21 14:00:00,6.4,0.2,9.4,33.8,108
2021-01-21 15:00:00,6.0,0.1,9.3,26.6,118
2021-01-21 16:00:00,4.6,0.0,11.4,31.0,108
2021-01-21 17:00:00,4.0,0.0,13.2,36.4,107
2021-01-21 18:00:00,3.1,0.0,11.2,35.6,94
2021-01-21 19:00:00,3.8,0.0,11.3,32.0,73
2021-01-21 20:00:00,2.4,0.0,14.0,34.6,61
2021-01-21 21:00:00,2.3,0.0,16.3,39.6,62
2021-01-21 22:00:00,3.1,0.0,16.9,42.8,61
2021-01-21 23:00:00,3.9,0.0,17.2,43.2,64
2021-01-22 00:00:00,4.2,0.1,15.1,43.2,62
2021-01-22 01:00:00,2.7,0.5,9.1,37.1,34
2021-01-22 02:00:00,2.9,0.5,7.4,24.1,39
2021-01-22 03:00:00,1.3,1.2,5.3,19.4,28
2021-01-22 04:00:00,1.0,2.0,4.0,18.7,27
2021-01-22 05:00:00,1.3,2.3,5.8,20.9,22
2021-01-22 06:00:00,1.4,1.1,6.1,14.4,3
2021-01-22 07:00:00,1.3,1.2,7.9,14.8,336
2021-01-22 08:00:00,1.2,1.4,7.9,19.4,360
2021-01-22 09:00:00,1.2,0.7,6.9,15.8,39
2021-01-22 10:00:00,1.3,0.3,4.5,14.4,104
2021-01-22 11:00:00,1.4,0.1,6.3,14.4,167
2021-01-22 12:00:00,1.9,0.0,5.4,15.8,172
2021-01-22 13:00:00,2.9,0.2,7.8,12.6,146
2021-01-22 14:00:00,3.7,0.1,7.9,18.4,141
2021-01-22 15:00:00,3.5,0.1,6.1,16.2,152
2021-01-22 16:00:00,2.8,0.4,5.0,15.1,201
2021-01-22 17:00:00,1.9,0.1,5.6,16.2,243
2021-01-22 18:00:00,3.0,0.3,6.4,16.2,232
2021-01-22 19:00:00,3.2,0.8,7.0,18.0,215
2021-01-22 20:00:00,3.3,1.2,10.2,22.3,252
2021-01-22 21:00:00,3.5,1.7,13.0,32.8,246
2021-01-22 22:00:00,3.7,1.4,13.8,34.9,231
2021-01-22 23:00:00,3.4,0.5,15.9,38.9,218
2021-01-23 00:00:00,3.6,1.5,21.9,53.3,213
2021-01-23 01:00:00,4.5,2.1,20.4,59.4,253
2021-01-23 02:00:00,4.1,1.8,15.5,49.3,248
2021-01-23 03:00:00,3.9,1.3,15.8,38.9,243
2021-01-23 04:00:00,3.9,0.8,19.8,47.5,241
2021-01-23 05:00:00,3.8,0.7,21.0,52.9,235
2021-01-23 06:00:00,3.3,1.2,20.7,51.8,229
2021-01-23 07:00:00,2.4,1.9,20.0,55.4,219
2021-01-23 08:00:00,2.5,1.2,12.9,49.3,207
2021-01-23 09:00:00,2.5,0.4,12.4,36.7,197
2021-01-23 10:00:00,2.6,0.4,12.3,34.2,185
2021-01-23 11:00:00,2.8,0.1,11.9,32.4,175
2021-01-23 12:00:00,2.9,0.3,12.4,31.3,172
2021-01-23 13:00:00,2.7,0.0,14.5,32.4,153
2021-01-23 14:00:00,2.6,0.0,16.1,40.3,153
2021-01-23 15:00:00,2.0,0.0,16.2,41.0,159
2021-01-23 16:00:00,1.9,0.1,15.0,39.6,156
2021-01-23 17:00:00,1.2,0.3,13.7,37.1,153
2021-01-23 18:00:00,0.8,0.2,13.1,34.2,148
2021-01-23 19:00:00,0.4,0.2,12.7,32.4,151
2021-01-23 20:00:00,0.3,0.1,13.5,32.8,151
2021-01-23 21:00:00,0.2,0.1,13.0,33.5,152
2021-01-23 22:00:00,0.2,0.0,11.7,32.4,146
2021-01-23 23:00:00,0.1,0.1,11.5,28.8,148
2021-01-24 00:00:00,-0.0,0.1,10.7,28.1,147
2021-01-24 01:00:00,0.2,0.2,12.0,27.4,147
2021-01-24 02:00:00,0.3,0.1,11.1,28.1,151
2021-01-24 03:00:00,0.3,0.0,10.8,27.0,154
2021-01-24 04:00:00,0.1,0.0,11.1,27.0,144
2021-01-24 05:00:00,0.3,0.0,10.3,27.4,144
2021-01-24 06:00:00,0.2,0.0,9.9,25.6,136
2021-01-24 07:00:00,0.5,0.0,8.8,24.5,145
2021-01-24 08:00:00,-0.0,0.0,9.2,22.3,138
2021-01-24 09:00:00,0.1,0.0,9.7,23.8,138
2021-01-24 10:00:00,0.6,0.0,9.7,24.5,138
2021-01-24 11:00:00,1.0,0.0,9.0,23.4,143
2021-01-24 12:00:00,1.4,0.0,8.8,22.0,145
2021-01-24 13:00:00,2.0,0.0,9.0,22.3,157
2021-01-24 14:00:00,2.1,0.0,8.7,24.5,163
2021-01-24 15:00:00,1.7,0.0,8.6,22.3,165
2021-01-24 16:00:00,0.7,0.0,8.4,21.2,149
2021-01-24 17:00:00,-0.4,0.0,8.9,20.9,140
2021-01-24 18:00:00,-1.1,0.0,8.7,20.5,132
2021-01-24 19:00:00,-1.8,0.0,8.5,19.4,126
2021-01-24 20:00:00,-2.2,0.0,7.7,18.4,127
2021-01-24 21:00:00,-2.4,0.0,7.2,16.6,127
2021-01-24 22:00:00,-2.8,0.0,6.7,15.8,126
2021-01-24 23:00:00,-3.3,0.0,6.6,14.0,119
2021-01-25 00:00:00,-3.5,0.0,5.8,14.0,112
2021-01-25 01:00:00,-4.5,0.0,4.0,12.2,100
2021-01-25 02:00:00,-4.3,0.0,4.8,11.9,103
2021-01-25 03:00:00,-4.4,0.0,4.0,10.8,85
2021-01-25 04:00:00,-4.4,0.0,4.9,9.7,73
2021-01-25 05:00:00,-4.2,0.0,5.2,10.8,74
2021-01-25 06:00:00,-3.8,0.0,4.7,10.4,67
2021-01-25 07:00:00,-3.5,0.0,5.2,10.4,65
2021-01-25 08:00:00,-3.2,0.0,5.2,10.8,74
2021-01-25 09:00:00,-3.2,0.0,4.4,10.8,81
2021-01-25 10:00:00,-3.1,0.0,3.3,9.4,84
2021-01-25 11:00:00,-1.3,0.0,2.9,7.6,83
2021-01-25 12:00:00,0.5,0.0,2.1,7.9,59
2021-01-25 13:00:00,0.8,0.0,2.9,8.3,360
2021-01-25 14:00:00,1.2,0.0,3.4,11.2,342
2021-01-25 15:00:00,0.7,0.0,2.5,11.2,8
2021-01-25 16:00:00,-1.0,0.0,3.6,9.0,37
2021-01-25 17:00:00,-1.6,0.0,3.0,9.0,76
2021-01-25 18:00:00,-1.9,0.0,4.3,9.4,85
2021-01-25 19:00:00,-2.3,0.0,5.6,10.1,105
2021-01-25 20:00:00,-2.5,0.0,5.2,10.1,106
2021-01-25 21:00:00,-2.1,0.0,5.6,10.4,135
2021-01-25 22:00:00,-2.5,0.0,6.3,12.2,149
2021-01-25 23:00:00,-2.9,0.0,6.3,12.6,156
2021-01-26 00:00:00,-2.9,0.0,7.2,14.8,153
2021-01-26 01:00:00,-2.4,0.0,4.8,15.8,132
2021-01-26 02:00:00,-2.2,0.0,5.6,12.2,135
2021-01-26 03:00:00,-1.6,0.0,5.6,12.6,140
2021-01-26 04:00:00,-1.1,0.1,5.0,13.3,150
2021-01-26 05:00:00,-1.2,0.2,5.3,12.6,152
2021-01-26 06:00:00,-1.3,0.3,4.6,13.0,135
2021-01-26 07:00:00,-1.3,0.5,3.6,10.8,45
2021-01-26 08:00:00,-1.0,0.4,5.2,10.4,65
2021-01-26 09:00:00,-0.7,0.1,5.1,11.5,94
2021-01-26 10:00:00,-0.6,0.0,4.5,10.4,104
2021-01-26 11:00:00,0.4,0.0,2.3,9.0,141
2021-01-26 12:00:00,1.1,0.0,1.3,6.5,236
2021-01-26 13:00:00,0.7,0.0,1.1,5.8,198
2021-01-26 14:00:00,1.1,0.0,2.9,9.0,240
2021-01-26 15:00:00,1.0,0.0,1.9,9.4,248
2021-01-26 16:00:00,0.7,0.0,2.4,5.8,153
2021-01-26 17:00:00,0.4,0.0,4.7,9.7,122
2021-01-26 18:00:00,-0.3,0.0,5.8,12.2,112
2021-01-26 19:00:00,-1.3,0.0,6.2,12.6,97
2021-01-26 20:00:00,-1.9,0.0,6.5,13.0,87
2021-01-26 21:00:00,-3.0,0.0,6.5,13.3,93
2021-01-26 22:00:00,-3.7,0.0,6.6,13.0,99
2021-01-26 23:00:00,-4.1,0.0,6.6,13.3,103
2021-01-27 00:00:00,-4.5,0.0,6.8,13.3,93
2021-01-27 01:00:00,-6.6,0.0,4.3,15.1,90
2021-01-27 02:00:00,-5.8,0.0,6.5,14.4,84
2021-01-27 03:00:00,-5.6,0.0,7.2,15.8,87
2021-01-27 04:00:00,-5.6,0.0,6.5,15.5,84
2021-01-27 05:00:00,-5.3,0.0,6.2,14.8,80
2021-01-27 06:00:00,-4.8,0.0,5.4,13.7,70
2021-01-27 07:00:00,-4.7,0.0,4.6,12.2,72
2021-01-27 08:00:00,-4.9,0.0,4.7,11.2,67
2021-01-27 09:00:00,-5.6,0.0,5.6,12.2,75
2021-01-27 10:00:00,-5.5,0.0,5.0,12.2,69
2021-01-27 11:00:00,-3.6,0.0,5.4,13.0,70
2021-01-27 12:00:00,-1.6,0.0,3.7,13.0,61
2021-01-27 13:00:00,-1.0,0.0,2.3,10.8,39
2021-01-27 14:00:00,-0.6,0.0,3.4,10.8,18
2021-01-27 15:00:00,-0.9,0.0,3.9,11.5,22
2021-01-27 16:00:00,-2.1,0.0,3.5,10.1,24
2021-01-27 17:00:00,-3.5,0.0,3.8,9.7,49
2021-01-27 18:00:00,-4.5,0.0,4.0,10.1,80
2021-01-27 19:00:00,-5.0,0.0,3.6,9.7,84
2021-01-27 20:00:00,-5.4,0.0,3.2,9.0,90
2021-01-27 21:00:00,-5.5,0.0,2.2,7.6,90
2021-01-27 22:00:00,-5.6,0.0,3.3,8.3,103
2021-01-27 23:00:00,-5.7,0.0,3.9,7.9,112
2021-01-28 00:00:00,-5.9,0.0,4.7,8.6,113
2021-01-28 01:00:00,-8.0,0.0,7.9,8.6,120
2021-01-28 02:00:00,-5.7,0.0,7.1,13.7,120
2021-01-28 03:00:00,-5.9,0.0,6.9,11.5,129
2021-01-28 04:00:00,-7.1,0.0,6.4,10.8,117
2021-01-28 05:00:00,-10.9,0.0,8.3,14.4,108
2021-01-28 06:00:00,-9.4,0.0,7.3,14.8,101
2021-01-28 07:00:00,-7.3,0.0,6.7,13.3,106
2021-01-28 08:00:00,-6.2,0.0,5.0,11.9,111
2021-01-28 09:00:00,-6.3,0.0,5.8,11.5,120
2021-01-28 10:00:00,-8.0,0.0,7.7,15.1,127
2021-01-28 11:00:00,-6.9,0.0,7.9,15.8,137
2021-01-28 12:00:00,-4.4,0.1,5.8,16.9,150
2021-01-28 13:00:00,-2.0,0.1,7.7,17.6,127
2021-01-28 14:00:00,-2.2,0.2,4.6,19.4,129
2021-01-28 15:00:00,-2.3,0.3,4.7,15.5,122
2021-01-28 16:00:00,-3.1,0.2,5.1,15.1,129
2021-01-28 17:00:00,-3.7,0.1,6.9,18.0,133
2021-01-28 18:00:00,-3.7,0.0,8.7,22.3,142
2021-01-28 19:00:00,-3.8,0.0,9.0,23.4,143
2021-01-28 20:00:00,-3.4,0.0,9.2,23.8,138
2021-01-28 21:00:00,-2.9,0.0,9.4,24.5,140
2021-01-28 22:00:00,-2.9,0.0,8.9,24.5,140
2021-01-28 23:00:00,-2.5,0.0,8.7,23.8,142
2021-01-29 00:00:00,-2.4,0.0,9.2,24.1,141
2021-01-29 01:00:00,-3.5,0.0,9.7,24.5,132
2021-01-29 02:00:00,-3.2,0.0,8.2,24.5,119
2021-01-29 03:00:00,-4.2,0.0,6.5,22.0,109
2021-01-29 04:00:00,-3.8,0.0,6.5,19.1,109
2021-01-29 05:00:00,-4.1,0.0,6.4,18.7,106
2021-01-29 06:00:00,-4.7,0.0,5.7,18.4,108
2021-01-29 07:00:00,-5.4,0.0,6.2,17.6,111
2021-01-29 08:00:00,-5.7,0.0,6.1,17.6,118
2021-01-29 09:00:00,-6.9,0.0,7.4,18.4,119
2021-01-29 10:00:00,-6.9,0.0,8.6,19.4,123
2021-01-29 11:00:00,-5.7,0.0,9.4,20.9,137
2021-01-29 12:00:00,-2.3,0.0,5.8,21.2,150
2021-01-29 13:00:00,0.4,0.0,6.9,20.5,171
2021-01-29 14:00:00,0.6,0.0,7.6,21.2,172
2021-01-29 15:00:00,0.4,0.0,6.6,19.8,171
2021-01-29 16:00:00,-0.3,0.0,6.3,15.8,167
2021-01-29 17:00:00,-1.1,0.0,7.3,16.2,147
2021-01-29 18:00:00,-1.5,0.0,8.0,18.4,144
2021-01-29 19:00:00,-1.9,0.0,9.2,21.2,138
2021-01-29 20:00:00,-2.3,0.0,9.9,23.0,136
2021-01-29 21:00:00,-2.0,0.0,9.9,23.4,136
2021-01-29 22:00:00,-2.0,0.0,9.7,24.5,138
2021-01-29 23:00:00,-1.9,0.0,9.3,24.8,144
2021-01-30 00:00:00,-1.7,0.0,9.8,25.9,156
2021-01-30 01:00:00,-1.2,0.0,9.6,25.6,146
2021-01-30 02:00:00,-1.6,0.0,8.2,23.4,139
2021-01-30 03:00:00,-1.1,0.0,8.5,20.2,144
2021-01-30 04:00:00,-0.8,0.0,8.7,21.6,150
2021-01-30 05:00:00,-0.7,0.0,9.5,22.7,155
2021-01-30 06:00:00,-0.7,0.0,10.0,24.5,159
2021-01-30 07:00:00,-1.0,0.0,10.5,24.5,158
2021-01-30 08:00:00,-1.2,0.0,10.6,24.8,152
2021-01-30 09:00:00,-0.9,0.0,10.5,26.3,153
2021-01-30 10:00:00,-0.8,0.0,10.7,27.0,147
2021-01-30 11:00:00,-0.4,0.0,9.2,26.6,135
2021-01-30 12:00:00,0.4,0.0,6.3,23.4,121
2021-01-30 13:00:00,-0.4,0.0,2.4,17.3,153
2021-01-30 14:00:00,-0.1,0.0,2.0,7.9,225
2021-01-30 15:00:00,0.1,0.0,3.1,10.1,249
2021-01-30 16:00:00,0.0,0.0,4.0,12.2,243
2021-01-30 17:00:00,-1.0,0.0,3.5,12.2,204
2021-01-30 18:00:00,-2.1,0.0,1.5,11.9,135
2021-01-30 19:00:00,-1.2,0.0,0.8,8.6,117
2021-01-30 20:00:00,-1.5,0.0,0.4,7.6,90
2021-01-30 21:00:00,-2.6,0.0,0.8,7.6,117
2021-01-30 22:00:00,-4.5,0.0,1.1,7.2,108
2021-01-30 23:00:00,-5.6,0.0,4.6,9.0,129
2021-01-31 00:00:00,-5.8,0.0,7.2,10.4,127
2021-01-31 01:00:00,-3.4,0.0,4.5,10.8,151
2021-01-31 02:00:00,-2.6,0.7,5.3,11.9,208
2021-01-31 03:00:00,-2.7,0.3,4.6,19.4,162
2021-01-31 04:00:00,-3.9,1.4,6.5,20.2,180
2021-01-31 05:00:00,-3.4,1.6,6.9,18.7,152
2021-01-31 06:00:00,-4.2,0.7,6.0,18.7,147
2021-01-31 07:00:00,-3.3,1.1,5.1,17.6,141
2021-01-31 08:00:00,-2.2,1.1,3.6,15.5,143
2021-01-31 09:00:00,-6.0,0.7,6.1,13.0,152
2021-01-31 10:00:00,-3.2,0.0,7.9,15.8,150
2021-01-31 11:00:00,-2.5,0.1,7.2,18.0,153
2021-01-31 12:00:00,-1.2,0.0,7.7,19.8,152
2021-01-31 13:00:00,-0.5,0.0,9.1,20.9,146
2021-01-31 14:00:00,-0.3,0.2,9.8,24.8,144
2021-01-31 15:00:00,-0.3,0.5,8.8,24.5,125
2021-01-31 16:00:00,-0.5,0.5,10.0,25.2,128
2021-01-31 17:00:00,-0.6,0.7,7.3,25.2,123
2021-01-31 18:00:00,-1.0,0.8,7.2,19.4,90
2021-01-31 19:00:00,-1.2,1.3,7.4,19.1,61
2021-01-31 20:00:00,-1.3,0.9,6.3,19.1,66
2021-01-31 21:00:00,-2.4,0.2,4.9,15.8,54
2021-01-31 22:00:00,-2.7,0.0,5.2,13.0,56
2021-01-31 23:00:00,-6.3,0.0,6.3,12.2,77
2021-02-01 00:00:00,-7.6,0.0,5.5,11.5,79
2021-02-01 01:00:00,-7.9,0.0,6.1,10.8,93
2021-02-01 02:00:00,-9.0,0.0,4.0,12.2,95
2021-02-01 03:00:00,-9.4,0.0,3.6,8.3,90
2021-02-01 04:00:00,-11.0,0.0,5.6,10.1,105
2021-02-01 05:00:00,-8.4,0.0,4.8,10.1,103
2021-02-01 06:00:00,-11.8,0.0,5.9,10.1,101
2021-02-01 07:00:00,-11.3,0.0,6.2,11.2,100
2021-02-01 08:00:00,-10.8,0.0,5.5,11.2,101
2021-02-01 09:00:00,-11.5,0.0,6.4,11.9,106
2021-02-01 10:00:00,-10.0,0.0,4.0,11.2,95
2021-02-01 11:00:00,-9.1,0.0,1.8,7.6,79
2021-02-01 12:00:00,-4.7,0.0,3.7,7.2,61
2021-02-01 13:00:00,-4.3,0.0,3.7,9.0,79
2021-02-01 14:00:00,-3.3,0.0,2.6,7.2,124
2021-02-01 15:00:00,-3.1,0.0,4.1,6.1,142
2021-02-01 16:00:00,-3.4,0.0,3.1,6.5,126
2021-02-01 17:00:00,-5.3,0.0,1.1,5.0,90
2021-02-01 18:00:00,-9.1,0.0,3.6,7.2,84
2021-02-01 19:00:00,-11.2,0.0,4.4,8.3,81
2021-02-01 20:00:00,-11.8,0.0,5.4,9.7,82
2021-02-01 21:00:00,-11.9,0.0,6.5,11.2,93
2021-02-01 22:00:00,-10.7,0.0,5.2,11.2,106
2021-02-01 23:00:00,-11.7,0.0,6.3,10.8,114
2021-02-02 00:00:00,-11.9,0.0,7.1,12.6,120
2021-02-02 01:00:00,-12.3,0.0,7.9,12.6,114
2021-02-02 02:00:00,-10.5,0.0,4.7,13.7,113
2021-02-02 03:00:00,-12.1,0.0,4.9,10.8,107
2021-02-02 04:00:00,-12.7,0.0,5.3,10.8,118
2021-02-02 05:00:00,-11.6,0.0,5.2,12.2,124
2021-02-02 06:00:00,-11.1,0.0,6.0,14.0,123
2021-02-02 07:00:00,-11.7,0.0,5.8,14.0,112
2021-02-02 08:00:00,-11.7,0.0,5.4,13.0,110
2021-02-02 09:00:00,-12.1,0.0,5.2,12.2,106
2021-02-02 10:00:00,-12.1,0.0,5.1,11.9,94
2021-02-02 11:00:00,-10.4,0.0,6.0,10.4,73
2021-02-02 12:00:00,-4.7,0.0,4.0,10.8,90
2021-02-02 13:00:00,-2.8,0.0,2.3,6.8,51
2021-02-02 14:00:00,-1.7,0.0,0.4,6.1,270
2021-02-02 15:00:00,-1.7,0.0,1.3,2.5,214
2021-02-02 16:00:00,-2.2,0.0,1.1,2.9,90
2021-02-02 17:00:00,-5.0,0.0,2.9,5.8,97
2021-02-02 18:00:00,-10.0,0.0,3.0,6.5,104
2021-02-02 19:00:00,-12.0,0.0,3.8,7.2,107
2021-02-02 20:00:00,-12.8,0.0,4.5,8.6,104
2021-02-02 21:00:00,-13.0,0.0,3.6,8.6,90
2021-02-02 22:00:00,-12.8,0.0,4.0,10.1,80
2021-02-02 23:00:00,-13.4,0.0,5.5,12.6,79
2021-02-03 00:00:00,-14.0,0.0,5.0,12.6,69
2021-02-03 01:00:00,-14.2,0.0,6.8,12.6,65
2021-02-03 02:00:00,-13.7,0.0,5.7,15.5,72
2021-02-03 03:00:00,-14.2,0.0,3.4,13.7,72
2021-02-03 04:00:00,-15.4,0.0,1.8,9.7,79
2021-02-03 05:00:00,-16.2,0.0,2.2,6.8,90
2021-02-03 06:00:00,-16.5,0.0,2.5,7.2,90
2021-02-03 07:00:00,-17.2,0.0,3.2,7.6,90
2021-02-03 08:00:00,-17.6,0.0,2.9,7.6,90
2021-02-03 09:00:00,-17.2,0.0,2.2,7.6,81
2021-02-03 10:00:00,-15.8,0.0,3.3,9.0,84
2021-02-03 11:00:00,-13.4,0.0,5.9,11.5,79
2021-02-03 12:00:00,-10.6,0.0,7.1,13.7,75
2021-02-03 13:00:00,-6.9,0.0,4.4,15.1,55
2021-02-03 14:00:00,-7.6,0.0,6.8,16.9,65
2021-02-03 15:00:00,-7.4,0.0,6.0,14.8,57
2021-02-03 16:00:00,-8.0,0.0,6.3,12.2,59
2021-02-03 17:00:00,-9.2,0.0,5.5,12.2,67
2021-02-03 18:00:00,-10.0,0.0,5.6,12.6,75
2021-02-03 19:00:00,-11.8,0.0,5.4,13.3,82
2021-02-03 20:00:00,-13.2,0.0,4.4,12.6,81
2021-02-03 21:00:00,-14.4,0.0,3.7,10.8,79
2021-02-03 22:00:00,-15.5,0.0,3.6,9.7,84
2021-02-03 23:00:00,-16.4,0.0,3.6,9.0,84
2021-02-04 00:00:00,-17.2,0.0,3.3,8.6,84
2021-02-04 01:00:00,-16.5,0.0,2.6,7.9,74
2021-02-04 02:00:00,-15.3,0.0,3.0,9.0,76
2021-02-04 03:00:00,-17.9,0.0,4.3,8.6,90
2021-02-04 04:00:00,-18.2,0.0,5.8,9.4,90
2021-02-04 05:00:00,-17.9,0.0,5.4,10.1,90
2021-02-04 06:00:00,-18.0,0.0,5.4,10.4,94
2021-02-04 07:00:00,-18.0,0.0,4.7,10.4,90
2021-02-04 08:00:00,-17.4,0.0,4.0,10.1,85
2021-02-04 09:00:00,-17.2,0.0,4.3,10.4,85
2021-02-04 10:00:00,-15.9,0.0,4.0,10.4,85
2021-02-04 11:00:00,-13.6,0.0,7.6,11.9,98
2021-02-04 12:00:00,-8.0,0.0,6.5,13.3,124
2021-02-04 13:00:00,-6.4,0.0,4.3,13.0,138
2021-02-04 14:00:00,-5.9,0.0,3.4,10.8,148
2021-02-04 15:00:00,-5.2,0.0,2.6,9.0,124
2021-02-04 16:00:00,-5.2,0.0,3.7,9.0,101
2021-02-04 17:00:00,-5.5,0.0,4.7,11.2,90
2021-02-04 18:00:00,-6.2,0.0,5.1,12.2,86
2021-02-04 19:00:00,-6.6,0.0,5.1,13.0,86
2021-02-04 20:00:00,-6.9,0.0,4.8,12.6,77
2021-02-04 21:00:00,-7.2,0.0,5.2,12.2,74
2021-02-04 22:00:00,-7.6,0.0,5.8,14.0,68
2021-02-04 23:00:00,-7.7,0.0,4.6,14.0,72
2021-02-05 00:00:00,-8.3,0.0,4.5,11.5,76
2021-02-05 01:00:00,-11.0,0.0,6.0,12.2,73
2021-02-05 02:00:00,-11.6,0.0,7.1,16.2,66
2021-02-05 03:00:00,-12.6,0.0,7.6,16.6,71
2021-02-05 04:00:00,-13.3,0.0,8.0,18.0,72
2021-02-05 05:00:00,-13.8,0.0,8.6,18.7,75
2021-02-05 06:00:00,-14.3,0.0,7.8,18.7,77
2021-02-05 07:00:00,-14.5,0.0,7.3,17.6,81
2021-02-05 08:00:00,-14.5,0.0,7.3,16.6,79
2021-02-05 09:00:00,-14.5,0.0,7.9,16.9,74
2021-02-05 10:00:00,-13.5,0.0,7.5,17.6,73
2021-02-05 11:00:00,-11.3,0.0,5.9,17.6,76
2021-02-05 12:00:00,-9.6,0.0,5.2,15.8,74
2021-02-05 13:00:00,-4.9,0.0,5.9,14.8,76
2021-02-05 14:00:00,-5.0,0.0,5.2,21.2,74
2021-02-05 15:00:00,-4.7,0.0,7.4,20.9,76
2021-02-05 16:00:00,-5.6,0.0,8.1,20.9,69
2021-02-05 17:00:00,-7.0,0.0,7.3,20.5,57
2021-02-05 18:00:00,-8.9,0.0,5.6,17.6,50
2021-02-05 19:00:00,-10.6,0.0,5.0,14.4,60
2021-02-05 20:00:00,-12.0,0.0,4.1,12.2,75
2021-02-05 21:00:00,-12.6,0.0,4.0,10.8,90
2021-02-05 22:00:00,-14.1,0.0,4.0,11.2,90
2021-02-05 23:00:00,-15.3,0.0,3.6,10.8,84
2021-02-06 00:00:00,-16.0,0.0,4.0,10.8,80
2021-02-06 01:00:00,-14.7,0.0,5.9,11.2,76
2021-02-06 02:00:00,-14.0,0.0,6.0,14.4,73
2021-02-06 03:00:00,-14.1,0.0,5.5,13.7,79
2021-02-06 04:00:00,-14.5,0.0,4.7,13.0,86
2021-02-06 05:00:00,-14.8,0.0,5.1,12.2,82
2021-02-06 06:00:00,-14.9,0.0,6.3,15.1,77
2021-02-06 07:00:00,-14.9,0.0,8.2,18.7,75
2021-02-06 08:00:00,-14.5,0.0,7.9,19.1,74
2021-02-06 09:00:00,-14.5,0.0,7.2,18.7,72
2021-02-06 10:00:00,-13.5,0.0,6.3,17.3,77
2021-02-06 11:00:00,-11.7,0.0,5.0,15.5,69
2021-02-06 12:00:00,-8.0,0.0,5.5,14.8,67
2021-02-06 13:00:00,-5.0,0.0,3.2,12.2,90
2021-02-06 14:00:00,-3.6,0.0,0.5,8.6,315
2021-02-06 15:00:00,-3.5,0.0,3.6,5.8,315
2021-02-06 16:00:00,-7.6,0.0,6.3,10.1,336
2021-02-06 17:00:00,-9.8,0.0,7.1,12.6,24
2021-02-06 18:00:00,-12.0,0.0,6.5,12.2,71
2021-02-06 19:00:00,-12.4,0.0,4.0,11.5,85
2021-02-06 20:00:00,-13.3,0.0,4.0,11.2,90
2021-02-06 21:00:00,-15.2,0.0,2.5,10.8,90
2021-02-06 22:00:00,-15.6,0.0,2.5,8.6,90
2021-02-06 23:00:00,-16.2,0.0,2.5,8.6,90
2021-02-07 00:00:00,-16.7,0.0,2.9,9.0,90
2021-02-07 01:00:00,-16.4,0.0,2.5,8.6,98
2021-02-07 02:00:00,-15.8,0.0,2.5,7.9,90
2021-02-07 03:00:00,-16.2,0.0,2.9,8.3,90
2021-02-07 04:00:00,-16.8,0.0,2.9,8.3,90
2021-02-07 05:00:00,-17.5,0.0,2.9,7.9,97
2021-02-07 06:00:00,-18.0,0.0,3.7,8.6,101
2021-02-07 07:00:00,-18.3,0.0,2.5,8.3,90
2021-02-07 08:00:00,-18.0,0.0,2.2,7.6,81
2021-02-07 09:00:00,-18.3,0.0,3.0,8.6,76
2021-02-07 10:00:00,-17.1,0.0,3.7,9.7,79
2021-02-07 11:00:00,-14.3,0.0,6.3,12.2,77
2021-02-07 12:00:00,-10.2,0.0,6.4,14.4,74
2021-02-07 13:00:00,-5.7,0.0,4.5,13.3,61
2021-02-07 14:00:00,-4.6,0.0,3.6,11.9,96
2021-02-07 15:00:00,-3.7,0.0,4.1,10.8,105
2021-02-07 16:00:00,-7.7,0.0,6.1,11.2,87
2021-02-07 17:00:00,-9.7,0.0,6.9,13.3,81
2021-02-07 18:00:00,-10.1,0.0,6.0,13.3,73
2021-02-07 19:00:00,-11.3,0.0,7.5,16.2,73
2021-02-07 20:00:00,-12.1,0.0,8.0,17.3,80
2021-02-07 21:00:00,-12.6,0.0,8.2,17.3,75
2021-02-07 22:00:00,-13.1,0.0,8.3,17.6,72
2021-02-07 23:00:00,-13.4,0.0,7.8,17.6,77
2021-02-08 00:00:00,-13.6,0.0,7.4,16.9,76
2021-02-08 01:00:00,-13.5,0.0,6.2,15.8,83
2021-02-08 02:00:00,-12.9,0.0,6.3,14.4,77
2021-02-08 03:00:00,-13.0,0.0,7.1,14.8,75
2021-02-08 04:00:00,-13.2,0.0,7.5,15.8,73
2021-02-08 05:00:00,-13.5,0.0,8.7,18.4,73
2021-02-08 06:00:00,-13.8,0.0,9.4,19.8,72
2021-02-08 07:00:00,-14.1,0.0,9.4,20.2,72
2021-02-08 08:00:00,-14.4,0.0,8.7,20.2,73
2021-02-08 09:00:00,-14.9,0.0,7.0,19.1,78
2021-02-08 10:00:00,-14.4,0.0,5.4,15.8,82
2021-02-08 11:00:00,-12.8,0.0,4.5,14.4,76
2021-02-08 12:00:00,-10.5,0.0,6.4,13.7,52
2021-02-08 13:00:00,-6.0,0.0,3.6,13.3,53
2021-02-08 14:00:00,-5.9,0.0,4.6,13.7,39
2021-02-08 15:00:00,-6.0,0.0,4.8,14.0,27
2021-02-08 16:00:00,-6.1,0.0,7.1,17.3,24
2021-02-08 17:00:00,-7.6,0.0,8.7,19.8,42
2021-02-08 18:00:00,-8.9,0.0,10.3,23.0,54
2021-02-08 19:00:00,-9.6,0.0,10.5,24.1,59
2021-02-08 20:00:00,-10.4,0.0,10.5,24.5,63
2021-02-08 21:00:00,-11.2,0.0,9.8,24.5,66
2021-02-08 22:00:00,-12.1,0.0,9.7,23.0,68
2021-02-08 23:00:00,-12.9,0.0,9.8,22.3,66
2021-02-09 00:00:00,-13.4,0.0,10.2,23.0,67
2021-02-09 01:00:00,-11.2,0.0,10.0,23.8,60
2021-02-09 02:00:00,-10.4,0.0,9.1,23.4,56
2021-02-09 03:00:00,-10.9,0.0,8.7,21.2,60
2021-02-09 04:00:00,-11.4,0.0,9.1,20.2,56
2021-02-09 05:00:00,-11.2,0.0,9.9,21.6,57
2021-02-09 06:00:00,-11.2,0.0,9.9,22.3,57
2021-02-09 07:00:00,-11.6,0.0,9.6,22.3,56
2021-02-09 08:00:00,-12.0,0.0,10.1,22.7,55
2021-02-09 09:00:00,-12.3,0.0,10.4,23.8,56
2021-02-09 10:00:00,-11.5,0.0,9.2,23.8,59
2021-02-09 11:00:00,-9.9,0.0,6.8,22.0,65
2021-02-09 12:00:00,-8.0,0.0,5.0,18.7,60
2021-02-09 13:00:00,-4.9,0.0,6.9,16.2,39
2021-02-09 14:00:00,-4.7,0.0,5.9,19.4,38
2021-02-09 15:00:00,-5.2,0.0,6.5,19.1,34
2021-02-09 16:00:00,-6.3,0.0,8.1,20.5,32
2021-02-09 17:00:00,-7.9,0.0,8.4,20.9,40
2021-02-09 18:00:00,-8.9,0.0,7.2,20.5,53
2021-02-09 19:00:00,-11.1,0.0,5.6,17.6,63
2021-02-09 20:00:00,-13.3,0.0,4.5,14.4,76
2021-02-09 21:00:00,-14.9,0.0,3.3,12.2,84
2021-02-09 22:00:00,-16.1,0.0,2.2,10.1,90
2021-02-09 23:00:00,-16.5,0.0,2.5,8.6,98
2021-02-10 00:00:00,-16.8,0.0,3.4,9.4,108
2021-02-10 01:00:00,-15.3,0.0,3.5,9.4,114
2021-02-10 02:00:00,-11.7,0.0,4.4,8.3,125
2021-02-10 03:00:00,-10.8,0.0,3.1,7.6,111
2021-02-10 04:00:00,-13.5,0.0,4.7,9.4,113
2021-02-10 05:00:00,-12.4,0.0,2.9,9.0,97
2021-02-10 06:00:00,-14.1,0.0,4.7,11.2,86
2021-02-10 07:00:00,-15.1,0.0,5.9,13.3,76
2021-02-10 08:00:00,-14.2,0.0,5.9,14.4,79
2021-02-10 09:00:00,-11.5,0.0,3.6,14.0,90
2021-02-10 10:00:00,-9.9,0.0,3.6,11.2,90
2021-02-10 11:00:00,-9.0,0.0,4.4,10.4,99
2021-02-10 12:00:00,-3.9,0.0,2.8,10.4,140
2021-02-10 13:00:00,-1.7,0.0,1.6,7.6,27
2021-02-10 14:00:00,-1.0,0.0,1.8,6.1,307
2021-02-10 15:00:00,-3.6,0.0,4.6,10.8,309
2021-02-10 16:00:00,-3.1,0.0,4.4,10.4,325
2021-02-10 17:00:00,-2.1,0.0,4.9,9.7,17
2021-02-10 18:00:00,-4.4,0.0,4.0,9.4,100
2021-02-10 19:00:00,-9.3,0.0,6.0,11.2,123
2021-02-10 20:00:00,-9.4,0.0,6.0,13.3,123
2021-02-10 21:00:00,-11.1,0.0,5.8,13.7,112
2021-02-10 22:00:00,-9.7,0.0,8.3,17.6,108
2021-02-10 23:00:00,-7.3,0.0,9.4,22.3,108
2021-02-11 00:00:00,-6.4,0.0,9.8,23.0,98
2021-02-11 01:00:00,-6.0,0.0,8.8,23.0,81
2021-02-11 02:00:00,-6.2,0.0,8.7,19.8,95
2021-02-11 03:00:00,-7.6,0.0,9.0,20.5,95
2021-02-11 04:00:00,-8.4,0.0,8.6,20.5,88
2021-02-11 05:00:00,-8.8,0.0,8.3,19.8,85
2021-02-11 06:00:00,-9.1,0.0,8.0,18.4,82
2021-02-11 07:00:00,-9.6,0.0,7.8,17.3,77
2021-02-11 08:00:00,-10.5,0.0,8.8,18.4,78
2021-02-11 09:00:00,-11.3,0.0,8.7,18.7,83
2021-02-11 10:00:00,-10.7,0.0,8.0,19.8,85
2021-02-11 11:00:00,-8.9,0.0,5.4,19.1,90
2021-02-11 12:00:00,-7.4,0.0,4.3,16.6,95
2021-02-11 13:00:00,-4.3,0.0,3.3,14.8,103
2021-02-11 14:00:00,-5.1,0.0,4.4,14.4,81
2021-02-11 15:00:00,-3.2,0.0,4.4,12.2,55
2021-02-11 16:00:00,-6.6,0.0,6.0,10.8,57
2021-02-11 17:00:00,-10.4,0.0,7.9,14.0,66
2021-02-11 18:00:00,-10.9,0.0,5.8,14.0,83
2021-02-11 19:00:00,-12.0,0.0,5.4,13.0,86
2021-02-11 20:00:00,-14.0,0.0,4.3,13.0,85
2021-02-11 21:00:00,-15.3,0.0,3.3,11.2,84
2021-02-11 22:00:00,-16.2,0.0,2.5,9.7,82
2021-02-11 23:00:00,-17.3,0.0,2.2,8.3,81
2021-02-12 00:00:00,-18.6,0.0,1.8,7.6,90
2021-02-12 01:00:00,-18.3,0.0,3.3,6.5,84
2021-02-12 02:00:00,-17.6,0.0,2.2,8.3,81
2021-02-12 03:00:00,-17.0,0.0,2.6,7.9,74
2021-02-12 04:00:00,-16.6,0.0,3.7,9.7,79
2021-02-12 05:00:00,-16.9,0.0,4.0,10.8,80
2021-02-12 06:00:00,-17.1,0.0,2.9,10.8,83
2021-02-12 07:00:00,-17.2,0.0,2.5,9.0,82
2021-02-12 08:00:00,-17.4,0.0,2.5,8.3,82
2021-02-12 09:00:00,-16.7,0.0,2.9,8.3,90
2021-02-12 10:00:00,-15.6,0.0,3.2,9.0,90
2021-02-12 11:00:00,-9.6,0.0,4.0,8.6,95
2021-02-12 12:00:00,-4.9,0.0,1.5,7.2,194
2021-02-12 13:00:00,-2.8,0.0,2.2,4.3,180
2021-02-12 14:00:00,-1.8,0.0,0.8,6.5,207
2021-02-12 15:00:00,-1.5,0.0,0.8,4.0,207
2021-02-12 16:00:00,-2.0,0.0,2.8,6.1,140
2021-02-12 17:00:00,-3.6,0.0,3.9,7.6,112
2021-02-12 18:00:00,-11.2,0.0,4.3,8.6,95
2021-02-12 19:00:00,-13.9,0.0,3.6,8.3,84
2021-02-12 20:00:00,-14.9,0.0,3.6,8.3,84
2021-02-12 21:00:00,-15.8,0.0,3.3,7.9,84
2021-02-12 22:00:00,-15.8,0.0,2.5,7.6,90
2021-02-12 23:00:00,-13.4,0.0,3.3,6.8,96
2021-02-13 00:00:00,-13.1,0.0,4.3,8.3,95
2021-02-13 01:00:00,-15.4,0.0,5.1,8.6,82
2021-02-13 02:00:00,-14.1,0.0,4.4,11.5,81
2021-02-13 03:00:00,-15.1,0.0,4.3,11.5,85
2021-02-13 04:00:00,-15.7,0.0,4.0,11.5,85
2021-02-13 05:00:00,-16.6,0.0,3.2,10.4,90
2021-02-13 06:00:00,-17.5,0.0,3.6,9.4,90
2021-02-13 07:00:00,-17.8,0.0,3.6,9.7,96
2021-02-13 08:00:00,-17.2,0.0,3.7,10.4,101
2021-02-13 09:00:00,-16.0,0.0,4.5,11.9,104
2021-02-13 10:00:00,-14.0,0.0,5.7,13.0,108
2021-02-13 11:00:00,-10.4,0.0,7.8,15.5,112
2021-02-13 12:00:00,-2.8,0.0,6.7,15.1,126
2021-02-13 13:00:00,-0.9,0.0,5.4,14.8,132
2021-02-13 14:00:00,-1.4,0.0,4.5,16.9,151
2021-02-13 15:00:00,-1.2,0.0,5.5,17.3,157
2021-02-13 16:00:00,-2.5,0.0,6.2,18.0,144
2021-02-13 17:00:00,-4.4,0.0,8.2,20.5,128
2021-02-13 18:00:00,-6.3,0.0,8.9,21.6,130
2021-02-13 19:00:00,-7.2,0.0,10.1,23.4,125
2021-02-13 20:00:00,-7.6,0.0,10.8,24.5,120
2021-02-13 21:00:00,-7.2,0.0,10.8,24.8,120
2021-02-13 22:00:00,-7.3,0.0,11.1,25.2,119
2021-02-13 23:00:00,-7.2,0.0,11.8,27.0,113
2021-02-14 00:00:00,-7.1,0.0,11.1,27.0,115
2021-02-14 01:00:00,-5.1,0.0,13.4,26.3,117
2021-02-14 02:00:00,-5.5,0.0,13.0,32.8,118
2021-02-14 03:00:00,-5.8,0.0,12.2,32.8,118
2021-02-14 04:00:00,-5.8,0.0,13.8,33.1,110
2021-02-14 05:00:00,-4.7,0.0,14.1,36.7,109
2021-02-14 06:00:00,-5.0,0.0,13.6,35.6,112
2021-02-14 07:00:00,-5.7,0.0,12.1,34.9,113
2021-02-14 08:00:00,-6.4,0.0,12.4,32.0,112
2021-02-14 09:00:00,-5.2,0.0,12.6,34.6,117
2021-02-14 10:00:00,-2.8,0.0,13.5,37.4,124
2021-02-14 11:00:00,-0.7,0.0,13.0,38.5,134
2021-02-14 12:00:00,0.5,0.0,14.3,41.8,141
2021-02-14 13:00:00,2.3,0.0,18.7,42.1,146
2021-02-14 14:00:00,1.8,0.0,17.8,51.1,148
2021-02-14 15:00:00,1.8,0.0,18.8,51.5,148
2021-02-14 16:00:00,1.5,0.0,18.4,51.5,145
2021-02-14 17:00:00,1.2,0.0,18.4,51.1,141
2021-02-14 18:00:00,0.9,0.0,18.5,50.8,143
2021-02-14 19:00:00,1.5,0.0,19.3,53.3,143
2021-02-14 20:00:00,2.0,0.0,21.0,56.5,141
2021-02-14 21:00:00,2.4,0.0,22.2,59.8,137
2021-02-14 22:00:00,2.8,0.0,24.2,64.1,143
2021-02-14 23:00:00,3.0,0.0,26.3,68.8,150
2021-02-15 00:00:00,2.8,0.1,27.9,72.7,147
2021-02-15 01:00:00,4.4,0.1,26.2,76.0,148
2021-02-15 02:00:00,3.2,0.0,25.0,68.4,150
2021-02-15 03:00:00,3.1,0.1,24.1,68.4,153
2021-02-15 04:00:00,2.7,0.1,25.6,67.7,151
2021-02-15 05:00:00,2.2,0.2,25.9,68.4,148
2021-02-15 06:00:00,1.8,0.2,23.9,69.1,149
2021-02-15 07:00:00,1.6,0.2,21.4,64.1,151
2021-02-15 08:00:00,1.6,0.1,18.9,57.6,145
2021-02-15 09:00:00,1.7,0.0,18.7,51.1,140
2021-02-15 10:00:00,1.7,0.1,18.4,50.4,145
2021-02-15 11:00:00,1.7,0.2,17.3,49.3,144
2021-02-15 12:00:00,1.9,0.1,16.5,46.4,144
2021-02-15 13:00:00,3.3,0.0,17.1,44.3,150
2021-02-15 14:00:00,2.9,0.0,14.6,44.3,147
2021-02-15 15:00:00,2.8,0.0,14.0,39.6,145
2021-02-15 16:00:00,2.5,0.0,13.2,38.2,145
2021-02-15 17:00:00,2.2,0.0,12.5,35.6,141
2021-02-15 18:00:00,1.6,0.0,10.9,33.5,136
2021-02-15 19:00:00,1.3,0.0,9.3,29.9,126
2021-02-15 20:00:00,0.7,0.0,8.9,25.6,111
2021-02-15 21:00:00,0.7,0.0,8.0,23.4,108
2021-02-15 22:00:00,0.7,0.0,7.3,21.2,110
2021-02-15 23:00:00,0.8,0.0,7.0,19.8,125
2021-02-16 00:00:00,0.9,0.0,8.1,22.0,135
2021-02-16 01:00:00,2.9,0.0,11.3,23.4,149
2021-02-16 02:00:00,2.5,0.0,10.8,29.9,154
2021-02-16 03:00:00,2.5,0.0,10.6,29.5,152
2021-02-16 04:00:00,2.3,0.0,9.9,29.2,136
2021-02-16 05:00:00,2.1,0.0,8.1,26.3,135
2021-02-16 06:00:00,2.0,0.0,8.3,22.7,124
2021-02-16 07:00:00,2.0,0.0,7.6,22.7,121
2021-02-16 08:00:00,1.7,0.0,7.5,20.9,125
2021-02-16 09:00:00,0.8,0.0,7.7,20.5,131
2021-02-16 10:00:00,1.4,0.0,7.4,22.3,137
2021-02-16 11:00:00,2.5,0.0,8.4,25.9,133
2021-02-16 12:00:00,3.8,0.0,8.9,27.4,117
2021-02-16 13:00:00,5.9,0.0,10.6,27.0,108
2021-02-16 14:00:00,5.2,0.0,9.8,29.9,118
2021-02-16 15:00:00,4.6,0.0,12.7,34.6,105
2021-02-16 16:00:00,3.8,0.2,10.0,42.1,105
2021-02-16 17:00:00,3.2,0.9,9.1,30.2,108
2021-02-16 18:00:00,2.3,1.5,8.0,28.4,117
2021-02-16 19:00:00,1.8,0.7,8.6,26.6,123
2021-02-16 20:00:00,1.8,0.1,10.1,29.2,125
2021-02-16 21:00:00,2.0,0.0,9.8,29.9,118
2021-02-16 22:00:00,2.1,0.0,8.9,28.4,122
2021-02-16 23:00:00,1.7,0.0,9.4,26.3,113
2021-02-17 00:00:00,1.8,0.0,9.7,27.0,112
2021-02-17 01:00:00,1.8,0.0,10.8,27.0,116
2021-02-17 02:00:00,1.7,0.0,10.1,28.1,117
2021-02-17 03:00:00,1.6,0.0,10.5,27.7,117
2021-02-17 04:00:00,1.4,0.0,9.7,27.7,112
2021-02-17 05:00:00,1.4,0.0,8.4,26.3,115
2021-02-17 06:00:00,1.0,0.0,8.4,23.4,110
2021-02-17 07:00:00,0.9,0.0,8.5,23.0,118
2021-02-17 08:00:00,1.0,0.0,10.2,27.0,108
2021-02-17 09:00:00,1.1,0.0,10.7,28.4,102
2021-02-17 10:00:00,1.5,0.0,9.8,28.1,98
2021-02-17 11:00:00,2.2,0.0,9.2,26.3,101
2021-02-17 12:00:00,2.6,0.0,9.1,26.3,108
2021-02-17 13:00:00,4.3,0.0,11.1,28.1,115
2021-02-17 14:00:00,4.4,0.0,12.4,32.4,107
2021-02-17 15:00:00,4.1,0.0,11.8,32.4,110
2021-02-17 16:00:00,2.6,0.0,12.1,33.1,107
2021-02-17 17:00:00,1.4,0.0,13.3,35.6,109
2021-02-17 18:00:00,0.9,0.0,15.3,41.0,109
2021-02-17 19:00:00,1.5,0.2,15.1,41.4,118
2021-02-17 20:00:00,1.0,1.3,14.8,41.8,119
2021-02-17 21:00:00,0.9,1.1,14.3,41.0,124
2021-02-17 22:00:00,1.1,0.5,14.8,41.0,124
2021-02-17 23:00:00,1.3,0.1,12.8,41.0,128
2021-02-18 00:00:00,1.8,0.0,12.6,37.1,127
2021-02-18 01:00:00,2.8,0.0,16.3,37.4,133
2021-02-18 02:00:00,2.7,0.0,15.3,42.8,133
2021-02-18 03:00:00,2.7,0.0,16.3,43.2,131
2021-02-18 04:00:00,2.2,0.0,17.4,45.4,128
2021-02-18 05:00:00,2.2,0.0,16.4,47.5,123
2021-02-18 06:00:00,1.4,0.0,14.7,44.3,115
2021-02-18 07:00:00,1.4,0.0,14.8,40.0,108
2021-02-18 08:00:00,1.7,0.0,15.8,42.5,107
2021-02-18 09:00:00,2.5,0.0,15.0,42.5,101
2021-02-18 10:00:00,3.5,1.3,17.9,48.6,115
2021-02-18 11:00:00,4.5,0.3,19.9,53.3,134
2021-02-18 12:00:00,4.7,0.3,21.5,57.6,140
2021-02-18 13:00:00,6.2,0.0,24.8,59.8,140
2021-02-18 14:00:00,7.2,0.0,24.9,65.9,143
2021-02-18 15:00:00,7.2,0.0,22.9,64.8,134
2021-02-18 16:00:00,6.6,0.0,20.4,60.1,126
2021-02-18 17:00:00,5.9,0.0,20.2,54.0,121
2021-02-18 18:00:00,5.3,0.0,20.5,54.4,121
2021-02-18 19:00:00,5.1,0.0,20.7,55.4,121
2021-02-18 20:00:00,5.0,0.0,18.4,55.4,121
2021-02-18 21:00:00,5.0,0.0,16.0,50.0,126
2021-02-18 22:00:00,4.9,0.0,15.4,45.0,127
2021-02-18 23:00:00,5.3,0.2,17.1,46.8,131
2021-02-19 00:00:00,5.0,0.3,14.5,46.4,132
2021-02-19 01:00:00,5.4,0.3,17.1,40.3,155
2021-02-19 02:00:00,3.6,1.1,17.5,46.1,166
2021-02-19 03:00:00,2.9,1.2,17.6,49.3,165
2021-02-19 04:00:00,2.9,0.5,17.7,47.2,151
2021-02-19 05:00:00,2.4,0.0,17.9,45.7,150
2021-02-19 06:00:00,3.3,0.0,17.1,45.0,150
2021-02-19 07:00:00,3.8,0.0,18.5,47.2,156
2021-02-19 08:00:00,4.1,0.0,18.7,47.5,152
2021-02-19 09:00:00,4.4,0.0,18.5,47.2,153
2021-02-19 10:00:00,5.0,0.0,18.4,47.2,154
2021-02-19 11:00:00,5.5,0.0,17.3,46.4,157
2021-02-19 12:00:00,6.0,0.0,18.8,47.5,160
2021-02-19 13:00:00,5.6,0.0,19.8,51.5,155
2021-02-19 14:00:00,6.4,0.0,23.3,60.5,158
2021-02-19 15:00:00,6.1,0.0,21.1,58.3,157
2021-02-19 16:00:00,6.2,0.0,21.7,56.2,151
2021-02-19 17:00:00,6.0,0.0,22.6,58.7,155
2021-02-19 18:00:00,5.8,0.0,22.8,59.4,162
2021-02-19 19:00:00,5.9,0.0,24.4,63.4,158
2021-02-19 20:00:00,6.0,0.0,25.1,65.2,156
2021-02-19 21:00:00,6.1,0.0,24.6,64.8,153
2021-02-19 22:00:00,5.7,0.6,25.8,65.2,157
2021-02-19 23:00:00,4.9,0.9,25.6,66.2,156
2021-02-20 00:00:00,5.0,0.6,27.2,68.4,156
2021-02-20 01:00:00,5.4,0.7,28.7,69.8,156
2021-02-20 02:00:00,5.0,0.9,26.7,73.8,159
2021-02-20 03:00:00,5.0,1.4,25.1,68.8,159
2021-02-20 04:00:00,5.1,1.5,24.0,65.5,161
2021-02-20 05:00:00,5.3,1.7,23.5,63.0,162
2021-02-20 06:00:00,5.5,1.7,23.3,61.6,160
2021-02-20 07:00:00,5.6,1.8,22.3,60.5,159
2021-02-20 08:00:00,5.7,2.2,21.1,58.0,160
2021-02-20 09:00:00,5.9,2.8,20.5,55.1,162
2021-02-20 10:00:00,6.1,2.9,19.3,52.9,159
2021-02-20 11:00:00,6.2,1.9,18.7,50.4,161
2021-02-20 12:00:00,6.4,1.1,18.2,49.0,162
2021-02-20 13:00:00,6.6,0.8,17.3,47.5,159
2021-02-20 14:00:00,7.2,1.3,17.3,44.6,157
2021-02-20 15:00:00,7.5,0.2,16.1,42.8,153
2021-02-20 16:00:00,7.4,0.1,17.6,42.5,149
2021-02-20 17:00:00,7.4,0.0,18.0,45.7,151
2021-02-20 18:00:00,7.5,0.0,18.1,45.4,145
2021-02-20 19:00:00,7.9,0.1,18.5,47.2,147
2021-02-20 20:00:00,8.0,0.4,18.4,47.5,145
2021-02-20 21:00:00,8.1,0.4,18.2,48.2,153
2021-02-20 22:00:00,8.4,0.4,20.7,53.6,160
2021-02-20 23:00:00,8.5,0.5,24.8,63.0,161
2021-02-21 00:00:00,8.4,0.4,24.7,64.1,157
2021-02-21 01:00:00,8.0,0.7,25.9,66.6,153
2021-02-21 02:00:00,8.8,0.6,25.4,69.5,155
2021-02-21 03:00:00,9.0,0.5,26.6,68.0,164
2021-02-21 04:00:00,8.3,1.1,27.3,71.3,168
2021-02-21 05:00:00,8.1,1.2,28.1,73.1,170
2021-02-21 06:00:00,7.9,1.2,27.2,72.7,172
2021-02-21 07:00:00,8.2,0.6,26.4,70.2,175
2021-02-21 08:00:00,8.0,0.3,24.6,66.6,175
2021-02-21 09:00:00,8.0,0.1,22.5,61.9,173
2021-02-21 10:00:00,8.4,0.0,21.1,56.9,171
2021-02-21 11:00:00,8.6,0.0,21.1,54.4,172
2021-02-21 12:00:00,9.0,0.1,21.7,55.1,174
2021-02-21 13:00:00,9.1,0.1,25.8,59.0,172
2021-02-21 14:00:00,9.5,0.0,23.5,65.2,175
2021-02-21 15:00:00,9.4,0.0,21.0,59.0,174
2021-02-21 16:00:00,9.1,0.0,19.9,54.0,174
2021-02-21 17:00:00,8.6,0.0,18.9,51.5,171
2021-02-21 18:00:00,8.0,0.0,18.5,49.0,172
2021-02-21 19:00:00,7.4,0.0,19.2,49.7,172
2021-02-21 20:00:00,7.4,0.0,18.2,50.0,172
2021-02-21 21:00:00,7.5,0.0,16.7,47.5,173
2021-02-21 22:00:00,7.3,0.0,15.7,43.6,171
2021-02-21 23:00:00,7.0,0.0,15.5,41.4,168
2021-02-22 00:00:00,7.0,0.0,13.2,39.6,163
2021-02-22 01:00:00,6.7,0.0,13.8,34.6,165
2021-02-22 02:00:00,6.5,0.0,13.0,34.9,161
2021-02-22 03:00:00,6.9,0.0,12.2,33.8,152
2021-02-22 04:00:00,6.9,0.0,11.8,31.7,149
2021-02-22 05:00:00,7.2,0.0,11.6,30.2,150
2021-02-22 06:00:00,7.3,0.0,11.3,31.0,149
2021-02-22 07:00:00,7.4,0.0,10.6,29.9,152
2021-02-22 08:00:00,7.1,0.0,9.5,28.4,151
2021-02-22 09:00:00,7.3,0.2,9.3,26.3,144
2021-02-22 10:00:00,7.5,0.2,8.7,25.9,132
2021-02-22 11:00:00,7.8,0.8,9.0,25.2,178
2021-02-22 12:00:00,7.0,0.9,9.5,27.7,171
2021-02-22 13:00:00,7.4,0.3,10.1,30.2,176
2021-02-22 14:00:00,7.7,0.7,12.3,35.3,175
2021-02-22 15:00:00,7.9,0.7,13.2,37.4,169
2021-02-22 16:00:00,8.0,0.6,12.6,37.4,177
2021-02-22 17:00:00,7.9,0.8,13.7,37.4,175
2021-02-22 18:00:00,7.9,0.9,15.9,42.8,167
2021-02-22 19:00:00,7.6,1.4,17.2,45.7,190
2021-02-22 20:00:00,6.7,3.0,21.1,54.7,197
2021-02-22 21:00:00,6.0,3.0,21.7,58.3,195
2021-02-22 22:00:00,5.9,2.4,15.5,55.8,205
2021-02-22 23:00:00,5.9,1.7,7.4,37.8,209
2021-02-23 00:00:00,5.8,0.2,8.4,19.4,173
2021-02-23 01:00:00,4.3,0.1,5.4,22.3,160
2021-02-23 02:00:00,5.4,0.1,8.0,18.0,153
2021-02-23 03:00:00,5.5,0.0,10.7,24.5,160
2021-02-23 04:00:00,5.4,0.1,13.1,31.7,172
2021-02-23 05:00:00,5.3,0.1,13.4,33.5,175
2021-02-23 06:00:00,5.2,0.0,14.0,34.2,162
2021-02-23 07:00:00,5.1,0.0,14.8,36.4,154
2021-02-23 08:00:00,5.0,0.0,16.4,39.6,154
2021-02-23 09:00:00,4.9,0.0,17.9,43.2,150
2021-02-23 10:00:00,5.4,0.0,19.0,46.8,151
2021-02-23 11:00:00,6.4,0.0,18.5,47.9,151
2021-02-23 12:00:00,7.1,0.0,18.4,49.7,157
2021-02-23 13:00:00,8.0,0.0,21.4,54.0,153
2021-02-23 14:00:00,8.4,0.0,21.0,56.5,149
2021-02-23 15:00:00,8.4,0.0,21.8,56.2,158
2021-02-23 16:00:00,8.5,0.0,24.8,64.8,152
2021-02-23 17:00:00,8.7,0.0,28.1,72.4,161
2021-02-23 18:00:00,8.4,0.1,30.5,86.4,151
2021-02-23 19:00:00,9.4,0.0,31.5,82.4,164
2021-02-23 20:00:00,8.3,0.6,34.0,86.4,170
2021-02-23 21:00:00,6.4,1.3,32.0,96.8,165
2021-02-23 22:00:00,5.5,2.2,30.8,81.7,166
2021-02-23 23:00:00,5.6,2.6,29.6,78.5,164
2021-02-24 00:00:00,5.9,2.5,28.4,76.3,168
2021-02-24 01:00:00,6.7,3.2,26.6,73.1,167
2021-02-24 02:00:00,7.2,3.5,25.4,68.0,168
2021-02-24 03:00:00,7.5,2.1,25.5,65.9,172
2021-02-24 04:00:00,7.5,2.4,25.3,66.2,176
2021-02-24 05:00:00,7.6,3.0,25.9,66.2,178
2021-02-24 06:00:00,7.8,2.8,25.9,67.3,182
2021-02-24 07:00:00,7.8,1.8,23.8,66.2,179
2021-02-24 08:00:00,7.8,1.2,23.1,60.5,184
2021-02-24 09:00:00,7.8,1.2,23.1,61.2,185
2021-02-24 10:00:00,7.8,0.8,21.6,59.4,184
2021-02-24 11:00:00,8.0,0.5,21.6,55.1,177
2021-02-24 12:00:00,8.2,0.1,21.3,55.1,176
2021-02-24 13:00:00,8.4,0.0,22.3,53.3,180
2021-02-24 14:00:00,8.5,0.1,22.0,56.2,184
2021-02-24 15:00:00,8.3,0.3,23.4,59.4,176
2021-02-24 16:00:00,8.1,0.1,20.3,59.0,174
2021-02-24 17:00:00,7.8,0.3,19.5,52.2,175
2021-02-24 18:00:00,7.6,0.9,20.9,53.3,179
2021-02-24 19:00:00,7.6,0.7,20.9,54.7,182
2021-02-24 20:00:00,7.5,0.4,20.2,54.4,182
2021-02-24 21:00:00,7.6,0.2,18.8,52.2,177
2021-02-24 22:00:00,7.5,0.1,18.4,47.9,177
2021-02-24 23:00:00,7.3,0.1,17.7,46.8,178
2021-02-25 00:00:00,7.2,0.3,16.6,44.6,178
2021-02-25 01:00:00,7.0,0.5,16.2,42.1,167
2021-02-25 02:00:00,7.0,0.2,15.4,40.7,169
2021-02-25 03:00:00,6.8,0.1,15.6,38.9,172
2021-02-25 04:00:00,6.7,0.1,15.2,40.0,173
2021-02-25 05:00:00,6.5,0.5,14.6,38.9,171
2021-02-25 06:00:00,6.4,0.1,13.5,36.4,171
2021-02-25 07:00:00,6.3,0.0,13.4,33.8,166
2021-02-25 08:00:00,6.3,0.1,13.4,33.8,172
2021-02-25 09:00:00,6.4,0.1,13.4,34.6,175
2021-02-25 10:00:00,6.4,0.6,14.0,33.5,180
2021-02-25 11:00:00,7.2,0.1,13.4,40.7,188
2021-02-25 12:00:00,7.8,0.1,13.5,37.8,205
2021-02-25 13:00:00,7.4,1.2,16.1,45.4,196
2021-02-25 14:00:00,7.5,0.2,17.6,46.8,203
2021-02-25 15:00:00,6.6,0.2,19.5,48.2,205
2021-02-25 16:00:00,6.4,0.1,19.9,49.7,202
2021-02-25 17:00:00,6.1,0.5,19.6,54.0,200
2021-02-25 18:00:00,5.7,1.6,21.4,62.3,205
2021-02-25 19:00:00,6.1,1.2,23.2,63.0,229
2021-02-25 20:00:00,6.4,0.9,24.3,62.3,255
2021-02-25 21:00:00,6.4,0.3,19.8,59.4,268
2021-02-25 22:00:00,6.5,0.2,20.2,53.3,273
2021-02-25 23:00:00,6.0,0.4,21.8,52.9,286
2021-02-26 00:00:00,5.9,0.2,22.5,57.6,297
2021-02-26 01:00:00,6.4,0.2,21.1,54.4,297
2021-02-26 02:00:00,6.3,0.3,20.5,53.3,301
2021-02-26 03:00:00,5.8,0.5,18.9,52.2,310
2021-02-26 04:00:00,5.4,0.3,16.4,52.2,310
2021-02-26 05:00:00,5.4,0.4,14.5,50.8,314
2021-02-26 06:00:00,4.8,0.3,11.6,42.5,306
2021-02-26 07:00:00,5.0,0.4,9.3,36.4,298
2021-02-26 08:00:00,5.2,0.2,8.4,25.2,301
2021-02-26 09:00:00,5.5,0.2,7.1,21.6,300
2021-02-26 10:00:00,5.8,0.8,5.8,18.7,300
2021-02-26 11:00:00,6.5,0.0,5.9,30.2,308
2021-02-26 12:00:00,6.8,0.1,6.0,30.2,295
2021-02-26 13:00:00,7.5,0.1,9.3,30.2,298
2021-02-26 14:00:00,8.1,0.0,7.7,33.8,298
2021-02-26 15:00:00,8.0,0.0,7.1,30.2,300
2021-02-26 16:00:00,7.4,0.1,7.8,21.6,292
2021-02-26 17:00:00,6.5,0.4,7.0,20.9,282
2021-02-26 18:00:00,6.0,0.0,3.5,17.3,246
2021-02-26 19:00:00,5.4,0.0,2.2,9.4,171
2021-02-26 20:00:00,5.4,0.0,6.5,11.9,161
2021-02-26 21:00:00,5.3,0.0,7.1,15.1,165
2021-02-26 22:00:00,5.5,0.0,7.8,16.6,158
2021-02-26 23:00:00,5.6,0.0,8.9,20.2,159
2021-02-27 00:00:00,5.7,0.1,10.2,23.8,162
2021-02-27 01:00:00,6.0,0.2,10.5,25.6,164
2021-02-27 02:00:00,6.1,0.1,9.6,24.5,160
2021-02-27 03:00:00,6.1,0.0,9.6,22.3,160
2021-02-27 04:00:00,6.1,0.0,9.8,21.6,152
2021-02-27 05:00:00,6.0,0.0,9.9,23.4,161
2021-02-27 06:00:00,6.1,0.0,11.2,26.6,159
2021-02-27 07:00:00,5.8,0.0,11.4,27.7,169
2021-02-27 08:00:00,5.4,0.0,12.1,29.5,168
2021-02-27 09:00:00,5.9,0.0,14.4,34.9,167
2021-02-27 10:00:00,6.4,0.0,14.2,35.6,173
2021-02-27 11:00:00,6.1,0.2,13.0,36.0,183
2021-02-27 12:00:00,6.1,1.2,13.7,33.5,182
2021-02-27 13:00:00,6.0,0.3,13.0,35.6,175
2021-02-27 14:00:00,6.2,0.5,13.4,32.8,172
2021-02-27 15:00:00,6.6,0.3,8.5,29.2,192
2021-02-27 16:00:00,7.1,0.2,9.2,22.3,249
2021-02-27 17:00:00,7.0,0.1,7.6,22.3,265
2021-02-27 18:00:00,6.6,0.1,5.5,19.8,259
2021-02-27 19:00:00,5.7,0.0,3.8,15.1,229
2021-02-27 20:00:00,5.9,0.0,4.0,11.5,185
2021-02-27 21:00:00,6.1,0.1,6.5,14.0,174
2021-02-27 22:00:00,6.0,0.1,7.6,16.9,177
2021-02-27 23:00:00,6.1,0.0,6.5,16.9,180
2021-02-28 00:00:00,6.1,0.0,5.5,15.1,169
2021-02-28 01:00:00,6.0,0.0,6.5,13.3,161
2021-02-28 02:00:00,5.7,0.0,6.6,15.1,158
2021-02-28 03:00:00,5.5,0.0,7.6,16.6,161
2021-02-28 04:00:00,5.8,0.0,8.3,18.0,162
2021-02-28 05:00:00,5.8,0.0,8.7,18.7,163
2021-02-28 06:00:00,5.7,0.0,8.1,18.7,159
2021-02-28 07:00:00,5.5,0.0,7.3,17.3,160
2021-02-28 08:00:00,5.5,0.0,7.4,16.2,166
2021-02-28 09:00:00,5.6,0.0,7.6,17.6,161
2021-02-28 10:00:00,6.1,0.0,7.2,17.6,162
2021-02-28 11:00:00,6.5,0.0,6.6,17.6,171
2021-02-28 12:00:00,7.3,0.0,8.0,20.5,185
2021-02-28 13:00:00,7.4,0.0,7.3,21.6,189
2021-02-28 14:00:00,7.8,0.0,6.6,19.4,189
2021-02-28 15:00:00,8.0,0.0,5.8,19.4,184
2021-02-28 16:00:00,7.8,0.0,6.2,17.3,187
2021-02-28 17:00:00,7.3,0.0,6.5,17.6,161
2021-02-28 18:00:00,6.1,0.0,6.8,15.1,148
2021-02-28 19:00:00,5.0,0.0,7.9,16.2,150
2021-02-28 20:00:00,3.9,0.0,9.2,19.4,154
2021-02-28 21:00:00,3.3,0.0,9.7,22.0,165
2021-02-28 22:00:00,2.9,0.0,8.4,21.6,170
2021-02-28 23:00:00,2.7,0.0,6.6,19.4,171
2021-03-01 00:00:00,3.3,0.0,7.1,17.3,156
2021-03-01 01:00:00,4.5,0.0,6.9,18.0,174
2021-03-01 02:00:00,4.7,0.0,8.0,19.1,170
2021-03-01 03:00:00,4.7,0.0,8.6,20.2,165
2021-03-01 04:00:00,4.7,0.0,9.7,21.6,158
2021-03-01 05:00:00,4.4,0.0,11.4,26.6,167
2021-03-01 06:00:00,4.5,0.0,11.4,27.7,169
2021-03-01 07:00:00,4.4,0.0,11.5,28.1,178
2021-03-01 08:00:00,4.3,0.1,11.9,29.9,180
2021-03-01 09:00:00,4.5,0.2,12.6,31.3,177
2021-03-01 10:00:00,4.8,0.1,12.8,32.0,169
2021-03-01 11:00:00,5.1,0.2,12.8,31.7,164
2021-03-01 12:00:00,5.6,0.3,12.2,31.3,161
2021-03-01 13:00:00,5.9,0.2,10.9,29.5,172
2021-03-01 14:00:00,6.5,0.6,10.5,26.6,207
2021-03-01 15:00:00,6.8,0.2,11.3,28.1,233
2021-03-01 16:00:00,6.8,0.1,11.8,29.5,239
2021-03-01 17:00:00,6.6,0.1,10.2,28.4,231
2021-03-01 18:00:00,6.4,0.0,9.6,25.2,236
2021-03-01 19:00:00,6.0,0.0,7.9,24.1,219
2021-03-01 20:00:00,4.5,0.0,5.6,20.5,195
2021-03-01 21:00:00,3.8,0.0,6.1,16.2,177
2021-03-01 22:00:00,3.7,0.0,7.4,17.6,166
2021-03-01 23:00:00,4.4,0.0,7.8,19.1,167
2021-03-02 00:00:00,4.7,0.0,8.5,18.7,168
2021-03-02 01:00:00,4.5,0.1,8.0,19.4,172
2021-03-02 02:00:00,5.0,0.0,8.0,20.2,170
2021-03-02 03:00:00,5.1,0.0,6.8,18.0,162
2021-03-02 04:00:00,5.1,0.0,7.0,15.5,159
2021-03-02 05:00:00,4.9,0.0,6.8,15.5,155
2021-03-02 06:00:00,4.7,0.0,6.8,15.1,148
2021-03-02 07:00:00,4.7,0.0,7.2,15.8,153
2021-03-02 08:00:00,4.8,0.0,7.4,15.8,157
2021-03-02 09:00:00,5.3,0.0,7.8,17.3,167
2021-03-02 10:00:00,5.5,0.0,8.8,19.4,171
2021-03-02 11:00:00,5.6,0.1,9.1,21.2,173
2021-03-02 12:00:00,6.1,0.1,7.6,21.6,177
2021-03-02 13:00:00,6.5,0.1,5.5,18.7,212
2021-03-02 14:00:00,7.1,0.0,5.5,16.9,247
2021-03-02 15:00:00,6.7,0.0,5.1,16.2,274
2021-03-02 16:00:00,6.3,0.0,5.2,14.0,295
2021-03-02 17:00:00,6.0,0.0,5.6,14.4,310
2021-03-02 18:00:00,5.4,0.0,5.3,13.3,332
2021-03-02 19:00:00,4.9,0.0,4.7,12.6,351
2021-03-02 20:00:00,4.9,0.0,4.0,11.2,5
2021-03-02 21:00:00,4.5,0.0,5.1,11.2,4
2021-03-02 22:00:00,3.7,0.0,5.4,12.6,8
2021-03-02 23:00:00,3.2,0.0,5.9,13.7,14
2021-03-03 00:00:00,3.2,0.0,5.6,14.4,15
2021-03-03 01:00:00,2.7,0.0,5.6,13.7,27
2021-03-03 02:00:00,3.2,0.0,5.8,13.3,30
2021-03-03 03:00:00,3.2,0.0,5.5,14.0,32
2021-03-03 04:00:00,3.4,0.0,4.9,14.0,17
2021-03-03 05:00:00,4.0,0.0,5.8,15.1,360
2021-03-03 06:00:00,4.0,0.0,6.9,18.0,351
2021-03-03 07:00:00,3.8,0.0,6.5,18.4,354
2021-03-03 08:00:00,3.7,0.0,7.3,18.7,351
2021-03-03 09:00:00,4.3,0.0,7.8,19.8,347
2021-03-03 10:00:00,5.4,0.0,7.6,22.0,341
2021-03-03 11:00:00,6.4,0.0,9.1,25.9,342
2021-03-03 12:00:00,6.8,0.0,12.1,32.0,337
2021-03-03 13:00:00,6.0,0.0,12.6,36.4,336
2021-03-03 14:00:00,6.3,0.0,14.0,36.4,331
2021-03-03 15:00:00,5.9,0.0,12.5,36.4,327
2021-03-03 16:00:00,6.1,0.2,16.3,40.3,329
2021-03-03 17:00:00,5.4,0.0,11.8,40.3,333
2021-03-03 18:00:00,4.6,0.0,11.4,31.3,332
2021-03-03 19:00:00,4.1,0.0,15.8,39.6,333
2021-03-03 20:00:00,3.0,0.0,16.7,42.8,335
2021-03-03 21:00:00,1.8,0.0,19.8,49.7,335
2021-03-03 22:00:00,1.3,0.0,21.1,53.3,337
2021-03-03 23:00:00,0.6,0.0,20.4,54.0,346
2021-03-04 00:00:00,0.2,0.0,19.0,51.5,350
2021-03-04 01:00:00,0.1,0.0,16.9,48.6,349
2021-03-04 02:00:00,-0.3,0.0,15.6,42.5,353
2021-03-04 03:00:00,-0.8,0.0,15.2,40.3,356
2021-03-04 04:00:00,-1.2,0.0,13.3,38.5,358
2021-03-04 05:00:00,-1.7,0.0,11.5,34.2,2
2021-03-04 06:00:00,-2.0,0.0,11.2,29.9,2
2021-03-04 07:00:00,-2.2,0.0,10.4,28.4,2
2021-03-04 08:00:00,-2.2,0.0,10.1,27.0,2
2021-03-04 09:00:00,-0.9,0.0,9.7,26.6,358
2021-03-04 10:00:00,0.8,0.0,11.2,30.6,356
2021-03-04 11:00:00,2.1,0.0,12.6,34.2,357
2021-03-04 12:00:00,3.0,0.0,12.6,35.3,357
2021-03-04 13:00:00,3.8,0.0,14.0,36.0,360
2021-03-04 14:00:00,4.2,0.0,15.9,40.7,347
2021-03-04 15:00:00,3.2,0.0,15.5,42.1,338
2021-03-04 16:00:00,3.0,0.0,14.4,40.0,338
2021-03-04 17:00:00,2.2,0.0,14.5,38.9,337
2021-03-04 18:00:00,1.0,0.0,12.8,38.2,338
2021-03-04 19:00:00,0.2,0.0,12.6,32.4,336
2021-03-04 20:00:00,-0.4,0.0,11.8,31.7,340
2021-03-04 21:00:00,-0.8,0.0,11.5,30.6,346
2021-03-04 22:00:00,-1.2,0.0,10.3,29.9,348
2021-03-04 23:00:00,-1.4,0.0,9.4,26.6,353
2021-03-05 00:00:00,-1.5,0.0,8.3,25.2,360
2021-03-05 01:00:00,-1.5,0.0,5.8,22.0,360
2021-03-05 02:00:00,-0.8,0.0,7.6,20.5,352
2021-03-05 03:00:00,-0.9,0.0,6.9,20.5,354
2021-03-05 04:00:00,-1.2,0.0,4.1,19.1,15
2021-03-05 05:00:00,-1.3,0.0,3.2,14.0,63
2021-03-05 06:00:00,-1.5,0.0,2.5,11.9,90
2021-03-05 07:00:00,-0.8,0.0,3.3,10.4,103
2021-03-05 08:00:00,-0.4,0.0,4.7,10.1,122
2021-03-05 09:00:00,0.6,0.0,4.4,9.4,125
2021-03-05 10:00:00,1.4,0.0,2.8,9.0,140
2021-03-05 11:00:00,2.1,0.0,4.3,10.8,180
2021-03-05 12:00:00,2.8,0.0,5.2,14.0,196
2021-03-05 13:00:00,3.1,0.0,6.1,16.9,242
2021-03-05 14:00:00,3.3,0.0,8.1,22.3,249
2021-03-05 15:00:00,3.0,0.1,8.5,22.3,234
2021-03-05 16:00:00,2.6,0.2,6.9,21.2,208
2021-03-05 17:00:00,2.1,0.4,7.6,17.3,172
2021-03-05 18:00:00,1.7,0.5,9.3,20.5,164
2021-03-05 19:00:00,1.7,0.7,7.1,20.5,165
2021-03-05 20:00:00,2.0,0.4,3.8,14.0,163
2021-03-05 21:00:00,2.0,0.4,2.7,11.5,157
2021-03-05 22:00:00,2.3,1.0,3.7,13.7,241
2021-03-05 23:00:00,3.1,0.5,10.1,25.9,305
2021-03-06 00:00:00,3.3,0.2,14.0,33.1,305
2021-03-06 01:00:00,3.7,0.2,13.8,36.4,285
2021-03-06 02:00:00,3.7,0.1,14.0,33.8,282
2021-03-06 03:00:00,3.5,0.1,12.7,33.5,278
2021-03-06 04:00:00,3.7,0.1,12.8,31.3,281
2021-03-06 05:00:00,3.3,0.2,11.9,32.4,265
2021-03-06 06:00:00,3.1,0.1,10.0,29.2,249
2021-03-06 07:00:00,2.1,0.0,6.6,24.8,241
2021-03-06 08:00:00,3.1,0.0,7.2,20.2,270
2021-03-06 09:00:00,4.2,0.1,10.7,27.0,282
2021-03-06 10:00:00,5.2,0.0,10.7,26.6,284
2021-03-06 11:00:00,5.3,0.3,15.7,36.7,281
2021-03-06 12:00:00,4.7,1.0,21.6,54.4,307
2021-03-06 13:00:00,6.0,1.0,17.7,53.6,290
2021-03-06 14:00:00,5.8,0.5,19.1,51.8,292
2021-03-06 15:00:00,5.7,0.1,20.4,49.3,287
2021-03-06 16:00:00,5.0,0.9,21.5,54.7,291
2021-03-06 17:00:00,4.9,0.7,20.4,51.8,296
2021-03-06 18:00:00,4.5,0.6,19.4,50.8,301
2021-03-06 19:00:00,4.7,0.4,17.9,49.3,300
2021-03-06 20:00:00,3.8,0.6,17.4,45.0,330
2021-03-06 21:00:00,2.3,0.3,15.6,45.4,337
2021-03-06 22:00:00,1.7,0.0,15.9,41.8,342
2021-03-06 23:00:00,1.4,0.0,16.4,41.4,341
2021-03-07 00:00:00,0.5,0.0,15.9,43.2,342
2021-03-07 01:00:00,0.7,0.0,15.8,41.8,339
2021-03-07 02:00:00,0.6,0.0,15.3,41.4,336
2021-03-07 03:00:00,1.3,0.0,15.6,40.7,337
2021-03-07 04:00:00,1.4,0.0,16.5,42.1,340
2021-03-07 05:00:00,0.7,0.0,15.4,42.5,344
2021-03-07 06:00:00,0.2,0.0,13.1,40.7,339
2021-03-07 07:00:00,0.1,0.0,11.7,35.3,349
2021-03-07 08:00:00,-0.2,0.0,13.4,36.0,346
2021-03-07 09:00:00,0.8,0.0,11.6,34.9,344
2021-03-07 10:00:00,1.8,0.0,10.8,32.0,345
2021-03-07 11:00:00,2.6,0.0,10.7,31.0,348
2021-03-07 12:00:00,3.2,0.0,11.2,31.7,2
2021-03-07 13:00:00,3.3,0.0,8.1,32.0,32
2021-03-07 14:00:00,3.8,0.0,7.7,24.1,28
2021-03-07 15:00:00,3.8,0.0,8.8,24.5,19
2021-03-07 16:00:00,3.5,0.0,10.6,27.7,18
2021-03-07 17:00:00,2.7,0.0,10.2,28.4,18
2021-03-07 18:00:00,1.1,0.0,8.9,25.9,27
2021-03-07 19:00:00,-0.1,0.0,9.2,22.0,45
2021-03-07 20:00:00,-0.5,0.0,7.9,21.6,47
2021-03-07 21:00:00,-0.6,0.0,6.6,19.1,41
2021-03-07 22:00:00,-1.0,0.0,6.6,16.2,45
2021-03-07 23:00:00,-1.6,0.0,5.6,15.1,63
2021-03-08 00:00:00,-2.1,0.0,5.2,12.2,74
2021-03-08 01:00:00,-3.2,0.0,4.7,11.2,99
2021-03-08 02:00:00,-2.2,0.0,4.1,11.5,105
2021-03-08 03:00:00,-2.5,0.0,3.8,9.4,107
2021-03-08 04:00:00,-2.3,0.0,6.4,13.7,128
2021-03-08 05:00:00,-1.9,0.0,7.4,16.9,137
2021-03-08 06:00:00,-1.4,0.0,8.2,19.1,142
2021-03-08 07:00:00,-1.1,0.0,8.2,19.1,142
2021-03-08 08:00:00,-0.9,0.0,9.1,21.6,146
2021-03-08 09:00:00,0.6,0.0,9.7,23.4,153
2021-03-08 10:00:00,2.3,0.0,10.5,27.0,164
2021-03-08 11:00:00,3.3,0.0,11.6,31.0,175
2021-03-08 12:00:00,3.7,0.0,12.6,33.1,180
2021-03-08 13:00:00,4.1,0.0,13.7,34.6,180
2021-03-08 14:00:00,4.4,0.0,13.4,36.7,188
2021-03-08 15:00:00,4.2,0.0,14.8,37.4,193
2021-03-08 16:00:00,4.1,0.0,15.0,38.5,197
2021-03-08 17:00:00,3.6,0.0,12.2,37.4,194
2021-03-08 18:00:00,2.9,0.0,9.0,31.0,180
2021-03-08 19:00:00,1.5,0.0,8.9,23.4,159
2021-03-08 20:00:00,1.0,0.0,8.9,22.0,148
2021-03-08 21:00:00,0.6,0.0,8.3,20.9,146
2021-03-08 22:00:00,0.9,0.0,7.5,19.8,145
2021-03-08 23:00:00,0.7,0.0,8.2,18.4,142
2021-03-09 00:00:00,0.5,0.0,9.3,20.9,144
2021-03-09 01:00:00,0.8,0.0,9.2,22.0,135
2021-03-09 02:00:00,0.7,0.0,8.9,20.5,133
2021-03-09 03:00:00,0.3,0.0,9.4,21.2,133
2021-03-09 04:00:00,0.4,0.0,9.0,21.2,143
2021-03-09 05:00:00,0.4,0.0,9.0,20.5,143
2021-03-09 06:00:00,0.1,0.0,8.9,20.5,140
2021-03-09 07:00:00,0.1,0.0,9.2,20.9,138
2021-03-09 08:00:00,0.4,0.0,9.2,20.9,141
2021-03-09 09:00:00,1.5,0.0,8.6,20.9,147
2021-03-09 10:00:00,2.9,0.0,8.0,22.0,153
2021-03-09 11:00:00,3.8,0.0,6.0,22.0,163
2021-03-09 12:00:00,4.5,0.0,3.4,18.4,162
2021-03-09 13:00:00,4.7,0.0,5.8,16.6,180
2021-03-09 14:00:00,5.3,0.0,7.0,22.0,192
2021-03-09 15:00:00,5.3,0.0,7.3,22.0,189
2021-03-09 16:00:00,5.0,0.0,9.1,24.1,187
2021-03-09 17:00:00,4.1,0.0,9.1,25.2,187
2021-03-09 18:00:00,2.3,0.0,8.7,23.0,175
2021-03-09 19:00:00,1.0,0.0,8.0,22.0,172
2021-03-09 20:00:00,0.4,0.0,10.3,25.2,151
2021-03-09 21:00:00,-0.2,0.0,10.9,27.4,163
2021-03-09 22:00:00,0.1,0.0,13.6,35.3,158
2021-03-09 23:00:00,0.4,0.0,15.6,41.4,151
2021-03-10 00:00:00,0.2,0.0,16.6,44.3,153
2021-03-10 01:00:00,0.2,0.0,16.1,45.4,153
2021-03-10 02:00:00,1.0,0.0,17.7,47.9,147
2021-03-10 03:00:00,2.6,0.0,20.8,55.8,152
2021-03-10 04:00:00,3.0,0.0,21.7,58.3,148
2021-03-10 05:00:00,3.1,0.0,21.8,58.7,149
2021-03-10 06:00:00,3.1,0.0,24.2,64.1,147
2021-03-10 07:00:00,3.1,0.0,25.2,67.7,149
2021-03-10 08:00:00,3.1,0.0,25.9,69.8,142
2021-03-10 09:00:00,3.3,0.0,25.1,69.1,148
2021-03-10 10:00:00,3.1,0.1,26.9,73.1,148
2021-03-10 11:00:00,2.7,0.3,18.4,72.0,145
2021-03-10 12:00:00,2.6,0.6,25.0,70.2,140
2021-03-10 13:00:00,3.2,0.8,25.4,70.6,142
2021-03-10 14:00:00,3.2,0.5,27.2,73.8,141
2021-03-10 15:00:00,3.5,0.4,28.5,77.4,145
2021-03-10 16:00:00,3.5,0.3,26.4,75.2,148
2021-03-10 17:00:00,3.4,0.3,25.8,71.6,147
2021-03-10 18:00:00,3.5,0.2,25.3,68.8,147
2021-03-10 19:00:00,3.4,0.2,25.7,68.8,143
2021-03-10 20:00:00,3.6,0.1,24.8,68.4,140
2021-03-10 21:00:00,4.1,0.0,24.4,66.6,136
2021-03-10 22:00:00,3.9,0.1,25.8,68.4,139
2021-03-10 23:00:00,3.7,0.3,26.5,92.2,138
2021-03-11 00:00:00,3.8,0.3,28.4,74.9,141
2021-03-11 01:00:00,3.4,1.0,29.1,99.4,140
2021-03-11 02:00:00,3.2,1.4,28.9,96.8,144
2021-03-11 03:00:00,3.2,1.2,29.8,77.4,145
2021-03-11 04:00:00,3.2,1.3,28.1,77.4,147
2021-03-11 05:00:00,3.0,1.4,26.6,73.4,147
2021-03-11 06:00:00,2.2,1.6,22.8,84.2,142
2021-03-11 07:00:00,2.1,1.3,19.9,60.8,134
2021-03-11 08:00:00,2.2,1.1,18.9,53.6,132
2021-03-11 09:00:00,2.4,0.8,20.4,53.6,134
2021-03-11 10:00:00,2.5,0.8,18.9,53.6,130
2021-03-11 11:00:00,3.9,0.3,19.4,50.8,125
2021-03-11 12:00:00,5.1,0.1,18.9,48.6,129
2021-03-11 13:00:00,5.7,0.1,20.6,50.4,136
2021-03-11 14:00:00,5.3,0.8,20.4,52.9,144
2021-03-11 15:00:00,3.8,1.2,20.3,52.9,147
2021-03-11 16:00:00,3.8,1.5,21.0,56.2,145
2021-03-11 17:00:00,4.1,1.7,18.5,53.3,151
2021-03-11 18:00:00,4.9,2.1,17.7,45.0,241
2021-03-11 19:00:00,4.7,1.6,18.2,50.0,252
2021-03-11 20:00:00,4.6,1.1,15.0,48.6,240
2021-03-11 21:00:00,4.6,0.4,14.3,38.2,229
2021-03-11 22:00:00,4.4,0.3,14.6,36.7,232
2021-03-11 23:00:00,3.9,0.2,11.8,36.0,207
2021-03-12 00:00:00,3.8,0.1,12.3,31.3,201
2021-03-12 01:00:00,3.7,0.3,11.2,31.3,180
2021-03-12 02:00:00,3.4,0.1,11.6,29.9,173
2021-03-12 03:00:00,3.2,0.1,13.1,33.5,172
2021-03-12 04:00:00,3.2,0.0,14.1,35.6,165
2021-03-12 05:00:00,2.7,0.4,16.5,41.4,170
2021-03-12 06:00:00,3.1,0.3,17.1,43.2,162
2021-03-12 07:00:00,2.8,0.5,15.7,44.6,164
2021-03-12 08:00:00,3.1,0.6,15.0,40.0,170
2021-03-12 09:00:00,3.4,0.6,16.9,40.7,192
2021-03-12 10:00:00,3.8,0.2,16.9,42.5,192
2021-03-12 11:00:00,4.0,0.2,15.8,42.1,197
2021-03-12 12:00:00,4.0,0.4,14.7,41.4,205
2021-03-12 13:00:00,4.2,0.3,17.1,40.3,205
2021-03-12 14:00:00,4.5,0.6,17.9,46.1,202
2021-03-12 15:00:00,5.3,0.2,16.3,44.3,194
2021-03-12 16:00:00,4.7,0.8,17.1,44.3,195
2021-03-12 17:00:00,4.0,0.5,15.7,45.7,196
2021-03-12 18:00:00,3.7,0.2,14.9,43.9,195
2021-03-12 19:00:00,3.0,0.4,15.9,41.0,186
2021-03-12 20:00:00,3.2,0.1,15.9,42.1,185
2021-03-12 21:00:00,2.3,0.9,14.2,41.8,173
2021-03-12 22:00:00,2.2,0.7,14.5,37.4,157
2021-03-12 23:00:00,2.2,0.8,14.2,37.8,153
2021-03-13 00:00:00,2.2,0.0,15.1,37.8,147
2021-03-13 01:00:00,2.3,0.1,16.0,39.2,149
2021-03-13 02:00:00,2.2,0.0,15.6,40.0,146
2021-03-13 03:00:00,1.9,0.1,14.2,38.9,153
2021-03-13 04:00:00,1.9,0.1,14.5,37.1,153
2021-03-13 05:00:00,1.6,0.2,14.8,37.1,151
2021-03-13 06:00:00,1.7,0.2,15.1,39.6,155
2021-03-13 07:00:00,1.7,0.3,16.1,40.7,151
2021-03-13 08:00:00,2.0,0.2,15.2,40.7,149
2021-03-13 09:00:00,2.9,0.0,15.2,38.2,149
2021-03-13 10:00:00,3.7,0.1,14.2,38.5,153
2021-03-13 11:00:00,4.2,0.1,13.2,37.4,151
2021-03-13 12:00:00,5.3,0.1,13.3,37.1,161
2021-03-13 13:00:00,3.3,0.1,13.1,36.0,159
2021-03-13 14:00:00,3.6,0.4,13.4,33.8,166
2021-03-13 15:00:00,3.7,0.3,11.4,32.8,167
2021-03-13 16:00:00,3.8,0.5,11.5,30.6,176
2021-03-13 17:00:00,3.1,0.7,10.6,32.0,170
2021-03-13 18:00:00,3.0,0.5,9.6,26.3,160
2021-03-13 19:00:00,2.7,0.2,10.0,26.6,154
2021-03-13 20:00:00,2.2,0.1,9.1,26.3,146
2021-03-13 21:00:00,1.8,0.1,10.1,26.6,145
2021-03-13 22:00:00,2.0,0.2,11.9,30.6,155
2021-03-13 23:00:00,2.0,0.3,13.1,33.1,159
2021-03-14 00:00:00,2.1,0.1,14.5,36.0,161
2021-03-14 01:00:00,2.3,0.0,16.6,36.4,153
2021-03-14 02:00:00,2.4,0.3,16.4,42.1,154
2021-03-14 03:00:00,2.1,0.0,16.3,40.7,152
2021-03-14 04:00:00,2.2,0.4,17.6,44.3,152
2021-03-14 05:00:00,2.0,0.6,17.1,44.3,150
2021-03-14 06:00:00,2.0,0.6,18.2,46.4,150
2021-03-14 07:00:00,2.0,0.2,18.5,47.5,151
2021-03-14 08:00:00,2.1,0.4,19.9,50.0,145
2021-03-14 09:00:00,2.2,1.2,19.8,50.8,153
2021-03-14 10:00:00,2.1,1.8,21.1,52.2,147
2021-03-14 11:00:00,2.6,0.8,20.7,51.5,141
2021-03-14 12:00:00,3.1,0.6,18.8,47.5,135
2021-03-14 13:00:00,3.2,0.2,18.8,42.8,133
2021-03-14 14:00:00,4.3,0.8,16.3,42.8,149
2021-03-14 15:00:00,3.9,1.2,14.5,37.4,136
2021-03-14 16:00:00,3.2,1.2,14.3,33.5,115
2021-03-14 17:00:00,3.5,0.6,10.1,31.7,88
2021-03-14 18:00:00,3.2,0.3,6.6,24.1,45
2021-03-14 19:00:00,2.9,0.2,9.4,20.5,4
2021-03-14 20:00:00,2.7,0.1,8.6,24.8,360
2021-03-14 21:00:00,0.2,0.0,6.3,22.0,24
2021-03-14 22:00:00,-0.5,0.0,5.5,16.6,11
2021-03-14 23:00:00,-0.3,0.0,6.9,19.4,9
2021-03-15 00:00:00,-0.9,0.0,6.5,19.4,360
2021-03-15 01:00:00,-0.2,0.0,6.3,18.7,13
2021-03-15 02:00:00,-0.1,0.0,6.2,17.3,21
2021-03-15 03:00:00,-0.5,0.0,5.7,16.2,35
2021-03-15 04:00:00,-1.0,0.0,5.3,15.5,28
2021-03-15 05:00:00,-1.2,0.0,5.6,16.6,15
2021-03-15 06:00:00,-1.0,0.0,6.2,18.4,7
2021-03-15 07:00:00,-1.0,0.0,7.9,21.6,360
2021-03-15 08:00:00,-0.2,0.0,9.7,25.6,360
2021-03-15 09:00:00,1.5,0.0,9.7,27.4,360
2021-03-15 10:00:00,3.4,0.0,9.5,27.7,349
2021-03-15 11:00:00,5.5,0.0,10.7,30.2,348
2021-03-15 12:00:00,7.1,0.0,12.6,34.2,340
2021-03-15 13:00:00,7.8,0.0,12.9,41.4,330
2021-03-15 14:00:00,7.9,0.1,15.9,41.0,327
2021-03-15 15:00:00,6.7,0.2,15.8,41.4,330
2021-03-15 16:00:00,5.8,0.8,16.9,41.8,331
2021-03-15 17:00:00,4.8,0.9,17.6,44.3,337
2021-03-15 18:00:00,3.9,0.0,16.5,43.2,337
2021-03-15 19:00:00,2.6,0.0,15.3,40.7,336
2021-03-15 20:00:00,1.7,0.0,13.2,38.5,338
2021-03-15 21:00:00,1.1,0.0,12.5,33.8,342
2021-03-15 22:00:00,0.7,0.0,11.1,32.8,347
2021-03-15 23:00:00,0.2,0.0,9.6,29.2,347
2021-03-16 00:00:00,-0.2,0.0,9.7,25.6,345
2021-03-16 01:00:00,0.5,0.0,11.4,25.9,349
2021-03-16 02:00:00,0.5,0.0,10.5,29.5,352
2021-03-16 03:00:00,0.1,0.0,9.4,28.1,353
2021-03-16 04:00:00,-0.4,0.0,9.1,25.6,353
2021-03-16 05:00:00,-0.9,0.0,7.9,24.1,357
2021-03-16 06:00:00,-1.2,0.0,6.8,20.9,357
2021-03-16 07:00:00,-1.6,0.0,6.2,19.1,7
2021-03-16 08:00:00,-0.5,0.0,7.0,18.4,12
2021-03-16 09:00:00,1.3,0.0,6.1,18.7,3
2021-03-16 10:00:00,2.8,0.0,8.3,23.8,358
2021-03-16 11:00:00,3.9,0.0,9.7,27.7,356
2021-03-16 12:00:00,4.8,0.0,12.1,33.1,350
2021-03-16 13:00:00,4.6,0.0,11.3,36.4,333
2021-03-16 14:00:00,4.7,0.0,12.4,33.5,338
2021-03-16 15:00:00,4.6,0.0,13.0,33.8,341
2021-03-16 16:00:00,4.5,0.0,13.6,34.9,338
2021-03-16 17:00:00,4.1,0.0,13.2,34.9,334
2021-03-16 18:00:00,2.9,0.0,12.2,33.5,336
2021-03-16 19:00:00,1.2,0.0,11.8,30.2,333
2021-03-16 20:00:00,0.5,0.0,10.9,29.2,343
2021-03-16 21:00:00,-0.0,0.0,9.1,26.6,351
2021-03-16 22:00:00,-0.1,0.0,5.8,22.3,4
2021-03-16 23:00:00,0.5,0.0,4.0,16.2,350
2021-03-17 00:00:00,0.8,0.0,2.6,12.6,16
2021-03-17 01:00:00,0.7,0.0,1.5,9.4,104
2021-03-17 02:00:00,0.9,0.2,2.2,6.1,99
2021-03-17 03:00:00,0.7,0.3,4.2,7.9,121
2021-03-17 04:00:00,0.7,0.2,5.3,12.6,118
2021-03-17 05:00:00,0.8,0.1,4.4,12.2,125
2021-03-17 06:00:00,0.7,0.0,3.8,10.1,131
2021-03-17 07:00:00,0.2,0.0,4.6,9.0,141
2021-03-17 08:00:00,-0.1,0.0,4.7,9.4,113
2021-03-17 09:00:00,2.0,0.0,3.0,10.4,104
2021-03-17 10:00:00,3.6,0.0,3.2,13.7,153
2021-03-17 11:00:00,5.0,0.0,1.0,12.6,225
2021-03-17 12:00:00,6.2,0.0,1.0,10.8,225
2021-03-17 13:00:00,6.1,0.0,6.2,19.4,277
2021-03-17 14:00:00,6.6,0.0,6.9,22.3,276
2021-03-17 15:00:00,6.3,0.0,8.3,24.5,288
2021-03-17 16:00:00,5.9,0.0,8.2,24.8,299
2021-03-17 17:00:00,4.9,0.0,8.1,23.8,302
2021-03-17 18:00:00,3.9,0.0,7.1,20.9,311
2021-03-17 19:00:00,3.0,0.0,7.3,19.1,327
2021-03-17 20:00:00,2.4,0.0,8.9,22.0,346
2021-03-17 21:00:00,1.6,0.0,7.6,22.0,355
2021-03-17 22:00:00,1.2,0.0,7.1,20.2,15
2021-03-17 23:00:00,1.2,0.0,4.0,18.7,10
2021-03-18 00:00:00,1.5,0.0,5.5,16.9,11
2021-03-18 01:00:00,1.6,0.0,4.7,16.2,351
2021-03-18 02:00:00,1.8,0.0,5.9,16.6,349
2021-03-18 03:00:00,1.5,0.0,5.1,17.3,8
2021-03-18 04:00:00,1.5,0.0,4.8,15.1,13
2021-03-18 05:00:00,1.6,0.0,4.5,14.4,29
2021-03-18 06:00:00,1.5,0.0,3.6,13.3,37
2021-03-18 07:00:00,1.4,0.0,4.9,13.3,17
2021-03-18 08:00:00,2.0,0.0,5.5,15.8,11
2021-03-18 09:00:00,2.9,0.0,4.0,15.5,360
2021-03-18 10:00:00,3.9,0.0,4.7,16.6,351
2021-03-18 11:00:00,5.3,0.0,6.8,22.0,335
2021-03-18 12:00:00,5.5,0.0,8.2,24.1,337
2021-03-18 13:00:00,5.8,0.0,7.0,24.5,325
2021-03-18 14:00:00,5.9,0.0,7.9,22.0,321
2021-03-18 15:00:00,6.5,0.0,9.1,25.6,326
2021-03-18 16:00:00,6.9,0.0,10.8,30.2,330
2021-03-18 17:00:00,6.5,0.0,10.6,29.5,332
2021-03-18 18:00:00,5.4,0.0,7.6,27.7,335
2021-03-18 19:00:00,4.1,0.0,9.0,21.6,337
2021-03-18 20:00:00,3.3,0.0,9.6,23.0,347
2021-03-18 21:00:00,2.7,0.0,8.0,22.7,350
2021-03-18 22:00:00,2.1,0.0,6.8,20.2,360
2021-03-18 23:00:00,1.3,0.0,5.6,18.0,27
2021-03-19 00:00:00,0.8,0.0,5.9,15.5,14
2021-03-19 01:00:00,0.0,0.0,5.9,15.5,14
2021-03-19 02:00:00,0.4,0.0,7.7,18.4,28
2021-03-19 03:00:00,-0.1,0.0,6.3,17.6,66
2021-03-19 04:00:00,-0.8,0.0,4.0,14.4,100
2021-03-19 05:00:00,-0.8,0.0,3.1,9.7,126
2021-03-19 06:00:00,0.2,0.0,3.8,8.3,139
2021-03-19 07:00:00,1.1,0.0,4.9,10.8,144
2021-03-19 08:00:00,2.7,0.0,3.5,10.1,156
2021-03-19 09:00:00,5.0,0.0,4.9,13.7,197
2021-03-19 10:00:00,6.7,0.0,7.9,20.9,183
2021-03-19 11:00:00,7.2,0.0,10.6,27.7,190
2021-03-19 12:00:00,7.1,0.0,11.3,29.2,189
2021-03-19 13:00:00,6.1,0.0,14.4,33.8,177
2021-03-19 14:00:00,6.1,0.0,16.6,42.1,184
2021-03-19 15:00:00,5.6,0.0,17.1,42.5,188
2021-03-19 16:00:00,4.8,0.0,15.1,42.5,177
2021-03-19 17:00:00,4.6,0.0,14.1,38.2,174
2021-03-19 18:00:00,4.4,0.1,13.4,34.6,160
2021-03-19 19:00:00,4.0,0.2,14.0,34.6,157
2021-03-19 20:00:00,3.8,0.1,13.4,34.2,153
2021-03-19 21:00:00,3.4,0.1,13.0,31.7,152
2021-03-19 22:00:00,3.5,0.1,13.3,31.0,161
2021-03-19 23:00:00,3.7,0.0,11.1,30.6,167
2021-03-20 00:00:00,3.7,0.0,9.4,25.2,173
2021-03-20 01:00:00,3.8,0.0,7.6,21.2,172
2021-03-20 02:00:00,4.1,0.0,7.7,16.9,169
2021-03-20 03:00:00,4.2,0.0,7.2,16.2,183
2021-03-20 04:00:00,4.2,0.0,6.8,15.1,180
2021-03-20 05:00:00,3.9,0.0,6.6,14.4,171
2021-03-20 06:00:00,4.0,0.0,8.0,15.1,162
2021-03-20 07:00:00,4.0,0.0,8.7,17.3,163
2021-03-20 08:00:00,4.4,0.1,8.7,19.8,173
2021-03-20 09:00:00,5.0,0.2,12.1,25.9,170
2021-03-20 10:00:00,5.5,0.2,8.6,27.7,180
2021-03-20 11:00:00,6.4,0.1,8.9,23.4,243
2021-03-20 12:00:00,7.3,0.2,14.1,36.0,266
2021-03-20 13:00:00,6.9,0.1,13.9,34.6,260
2021-03-20 14:00:00,7.1,0.5,15.3,38.9,255
2021-03-20 15:00:00,7.2,0.1,15.2,42.1,265
2021-03-20 16:00:00,6.7,0.5,13.4,40.3,246
2021-03-20 17:00:00,6.0,1.3,16.9,42.1,258
2021-03-20 18:00:00,6.1,2.7,18.8,46.1,287
2021-03-20 19:00:00,5.2,1.8,19.7,55.8,336
2021-03-20 20:00:00,5.0,0.0,22.6,56.9,338
2021-03-20 21:00:00,3.5,0.0,23.1,60.1,339
2021-03-20 22:00:00,2.9,0.0,21.7,59.4,341
2021-03-20 23:00:00,2.8,0.0,20.1,55.8,339
2021-03-21 00:00:00,2.5,0.0,17.9,51.5,338
2021-03-21 01:00:00,3.4,0.0,19.3,46.4,331
2021-03-21 02:00:00,3.0,0.0,20.3,52.6,337
2021-03-21 03:00:00,2.7,0.0,18.3,51.5,340
2021-03-21 04:00:00,2.9,0.0,18.2,47.5,342
2021-03-21 05:00:00,2.5,0.0,18.0,47.9,344
2021-03-21 06:00:00,2.1,0.0,17.0,46.8,347
2021-03-21 07:00:00,1.9,0.0,15.4,44.6,349
2021-03-21 08:00:00,2.4,0.0,14.3,41.0,350
2021-03-21 09:00:00,3.4,0.0,18.4,45.0,349
2021-03-21 10:00:00,4.3,0.0,19.2,47.9,347
2021-03-21 11:00:00,4.8,0.0,20.5,52.2,342
2021-03-21 12:00:00,5.2,0.0,21.0,54.7,338
2021-03-21 13:00:00,5.1,0.0,16.5,55.1,337
2021-03-21 14:00:00,5.5,0.0,13.9,42.8,323
2021-03-21 15:00:00,5.1,0.0,10.4,37.1,314
2021-03-21 16:00:00,4.5,0.0,8.5,29.2,298
2021-03-21 17:00:00,3.9,0.0,6.6,24.1,283
2021-03-21 18:00:00,3.6,0.0,5.1,18.7,278
2021-03-21 19:00:00,3.2,0.1,3.3,14.8,221
2021-03-21 20:00:00,3.2,0.1,4.0,10.4,180
2021-03-21 21:00:00,3.1,0.1,6.8,13.3,162
2021-03-21 22:00:00,3.1,0.2,7.9,16.6,164
2021-03-21 23:00:00,3.3,0.1,4.8,16.2,167
2021-03-22 00:00:00,3.5,0.1,4.4,11.2,171
2021-03-22 01:00:00,4.1,0.1,6.2,10.8,170
2021-03-22 02:00:00,3.8,0.0,6.7,14.4,164
2021-03-22 03:00:00,4.0,0.0,7.3,16.6,160
2021-03-22 04:00:00,4.1,0.0,9.0,19.4,157
2021-03-22 05:00:00,4.4,0.0,10.5,24.1,158
2021-03-22 06:00:00,4.4,0.2,10.1,24.5,163
2021-03-22 07:00:00,4.5,0.3,10.8,24.8,165
2021-03-22 08:00:00,4.7,0.2,11.7,25.9,162
2021-03-22 09:00:00,5.1,0.1,12.1,27.0,157
2021-03-22 10:00:00,5.8,0.1,10.2,27.0,157
2021-03-22 11:00:00,6.4,0.1,8.8,24.5,168
2021-03-22 12:00:00,7.6,0.2,8.6,28.8,202
2021-03-22 13:00:00,7.4,0.2,11.0,29.2,232
2021-03-22 14:00:00,7.0,0.4,11.2,28.1,225
2021-03-22 15:00:00,6.9,0.6,10.4,27.4,226
2021-03-22 16:00:00,6.8,0.3,10.2,26.3,231
2021-03-22 17:00:00,6.8,0.2,10.2,24.1,212
2021-03-22 18:00:00,6.7,0.2,9.7,25.9,222
2021-03-22 19:00:00,6.2,0.5,10.4,27.4,226
2021-03-22 20:00:00,6.0,0.2,9.6,27.7,214
2021-03-22 21:00:00,5.9,0.3,8.0,24.8,190
2021-03-22 22:00:00,5.8,0.2,8.3,21.2,185
2021-03-22 23:00:00,5.7,0.2,9.4,23.4,178
2021-03-23 00:00:00,5.7,0.3,10.1,23.4,163
2021-03-23 01:00:00,5.9,0.1,10.0,24.8,159
2021-03-23 02:00:00,6.0,0.1,10.4,24.5,160
2021-03-23 03:00:00,6.0,0.2,10.0,24.5,159
2021-03-23 04:00:00,5.9,0.2,10.4,24.5,160
2021-03-23 05:00:00,5.9,0.1,10.8,25.9,159
2021-03-23 06:00:00,5.8,0.0,10.1,26.3,163
2021-03-23 07:00:00,5.9,0.2,10.2,25.2,157
2021-03-23 08:00:00,6.2,0.2,11.0,25.6,157
2021-03-23 09:00:00,6.5,0.2,12.5,29.9,162
2021-03-23 10:00:00,6.9,0.0,14.0,34.6,157
2021-03-23 11:00:00,7.3,0.0,13.7,34.9,162
2021-03-23 12:00:00,8.0,0.0,15.0,37.8,169
2021-03-23 13:00:00,8.2,0.0,15.2,41.8,175
2021-03-23 14:00:00,9.0,0.0,16.6,42.1,175
2021-03-23 15:00:00,9.5,0.0,19.8,50.8,179
2021-03-23 16:00:00,9.5,0.0,21.2,54.0,181
2021-03-23 17:00:00,8.4,0.0,19.8,54.7,180
2021-03-23 18:00:00,7.5,0.0,21.7,54.4,185
2021-03-23 19:00:00,6.8,0.1,22.8,58.3,185
2021-03-23 20:00:00,6.5,0.0,24.5,62.6,181
2021-03-23 21:00:00,6.2,0.0,24.2,62.6,177
2021-03-23 22:00:00,5.6,0.3,23.8,61.9,183
2021-03-23 23:00:00,5.5,0.1,24.3,65.9,174
2021-03-24 00:00:00,5.3,0.3,22.6,62.3,171
2021-03-24 01:00:00,5.2,0.4,23.1,59.8,175
2021-03-24 02:00:00,5.4,0.2,21.8,59.0,167
2021-03-24 03:00:00,5.3,1.3,20.0,55.8,172
2021-03-24 04:00:00,5.7,1.6,18.8,52.2,185
2021-03-24 05:00:00,6.2,0.1,13.6,47.2,192
2021-03-24 06:00:00,5.6,0.0,12.2,34.9,194
2021-03-24 07:00:00,5.1,0.0,12.6,33.1,200
2021-03-24 08:00:00,5.8,0.0,13.8,33.8,200
2021-03-24 09:00:00,7.0,0.1,16.3,41.8,221
2021-03-24 10:00:00,7.8,0.0,18.1,50.4,224
2021-03-24 11:00:00,7.7,0.1,17.5,52.2,217
2021-03-24 12:00:00,8.0,0.1,17.8,54.0,222
2021-03-24 13:00:00,7.7,0.1,15.0,56.5,215
2021-03-24 14:00:00,8.1,0.0,14.6,52.2,213
2021-03-24 15:00:00,7.3,0.2,12.9,49.3,203
2021-03-24 16:00:00,6.0,0.3,12.1,46.1,192
2021-03-24 17:00:00,5.3,0.7,12.6,43.6,185
2021-03-24 18:00:00,4.8,0.1,13.8,38.9,200
2021-03-24 19:00:00,3.8,0.8,10.6,39.6,190
2021-03-24 20:00:00,4.0,0.5,10.4,34.6,166
2021-03-24 21:00:00,3.4,0.3,11.8,35.6,168
2021-03-24 22:00:00,3.6,0.0,13.1,34.6,159
2021-03-24 23:00:00,3.3,0.0,14.5,35.6,153
2021-03-25 00:00:00,3.5,0.0,17.0,42.1,163
2021-03-25 01:00:00,4.0,0.1,17.3,48.6,157
2021-03-25 02:00:00,4.2,0.6,19.3,54.0,159
2021-03-25 03:00:00,3.8,2.6,17.5,52.9,171
2021-03-25 04:00:00,4.2,2.7,17.8,50.8,187
2021-03-25 05:00:00,4.4,0.3,15.1,44.6,198
2021-03-25 06:00:00,4.4,0.3,14.0,40.0,181
2021-03-25 07:00:00,4.5,0.1,15.9,41.4,174
2021-03-25 08:00:00,5.0,0.1,16.3,43.9,188
2021-03-25 09:00:00,5.2,0.3,16.1,44.6,190
2021-03-25 10:00:00,5.2,1.2,15.3,43.9,210
2021-03-25 11:00:00,5.6,0.3,14.5,41.0,203
2021-03-25 12:00:00,7.0,0.2,12.9,39.6,210
2021-03-25 13:00:00,6.3,0.2,12.6,38.2,204
2021-03-25 14:00:00,7.4,0.3,12.7,39.2,188
2021-03-25 15:00:00,6.1,1.3,13.7,43.2,182
2021-03-25 16:00:00,6.4,0.1,12.0,36.7,171
2021-03-25 17:00:00,6.2,0.4,15.9,37.4,177
2021-03-25 18:00:00,5.8,0.3,17.3,41.0,176
2021-03-25 19:00:00,4.9,0.3,16.2,43.6,168
2021-03-25 20:00:00,4.9,0.1,15.8,40.0,163
2021-03-25 21:00:00,4.9,0.0,15.9,40.3,152
2021-03-25 22:00:00,5.0,0.0,17.1,43.2,152
2021-03-25 23:00:00,5.1,0.0,18.5,46.4,153
2021-03-26 00:00:00,4.9,0.0,19.0,48.2,153
2021-03-26 01:00:00,5.3,0.0,20.3,49.3,150
2021-03-26 02:00:00,5.0,0.0,20.9,52.6,148
2021-03-26 03:00:00,5.4,0.1,19.7,53.6,149
2021-03-26 04:00:00,5.4,0.4,21.7,55.8,151
2021-03-26 05:00:00,5.3,0.4,23.0,58.7,153
2021-03-26 06:00:00,5.4,0.6,23.3,60.1,158
2021-03-26 07:00:00,5.1,1.1,21.4,68.0,153
2021-03-26 08:00:00,5.6,0.4,23.0,60.1,155
2021-03-26 09:00:00,6.1,0.2,22.2,59.4,155
2021-03-26 10:00:00,6.7,0.3,22.8,60.1,162
2021-03-26 11:00:00,8.1,0.1,22.4,73.4,161
2021-03-26 12:00:00,7.7,0.5,26.6,69.1,164
2021-03-26 13:00:00,6.8,1.4,29.1,68.4,168
2021-03-26 14:00:00,7.0,0.3,26.4,72.7,160
2021-03-26 15:00:00,6.9,1.2,25.1,67.0,159
2021-03-26 16:00:00,7.1,1.7,26.1,69.1,162
2021-03-26 17:00:00,6.3,1.5,26.7,68.0,159
2021-03-26 18:00:00,6.3,1.7,26.3,68.8,161
2021-03-26 19:00:00,6.4,2.1,27.1,69.8,169
2021-03-26 20:00:00,6.4,3.4,29.7,79.9,191
2021-03-26 21:00:00,5.2,2.1,22.7,74.2,205
2021-03-26 22:00:00,4.7,0.8,17.9,54.4,190
2021-03-26 23:00:00,4.3,0.8,14.0,46.1,180
2021-03-27 00:00:00,4.1,0.7,13.0,40.7,174
2021-03-27 01:00:00,3.8,1.1,14.9,36.7,160
2021-03-27 02:00:00,3.6,0.6,12.9,36.0,157
2021-03-27 03:00:00,3.2,0.2,12.9,32.4,153
2021-03-27 04:00:00,2.9,0.0,13.2,32.8,151
2021-03-27 05:00:00,2.5,0.1,13.3,33.1,161
2021-03-27 06:00:00,2.4,0.2,11.8,33.1,149
2021-03-27 07:00:00,2.6,0.0,12.9,32.0,150
2021-03-27 08:00:00,3.3,0.0,12.3,31.7,148
2021-03-27 09:00:00,4.5,0.0,14.5,35.6,153
2021-03-27 10:00:00,5.7,0.1,11.3,36.4,171
2021-03-27 11:00:00,5.2,0.2,12.6,32.8,182
2021-03-27 12:00:00,5.6,0.1,12.3,33.1,173
2021-03-27 13:00:00,5.8,0.1,11.6,35.3,175
2021-03-27 14:00:00,6.1,0.1,10.5,33.8,186
2021-03-27 15:00:00,6.4,0.1,10.2,34.6,190
2021-03-27 16:00:00,6.1,0.1,10.5,33.8,196
2021-03-27 17:00:00,5.8,0.1,9.7,32.4,195
2021-03-27 18:00:00,5.6,0.1,9.1,31.0,187
2021-03-27 19:00:00,4.1,0.3,8.3,28.8,162
2021-03-27 20:00:00,3.3,0.1,9.8,21.6,144
2021-03-27 21:00:00,2.8,0.2,9.8,22.7,144
2021-03-27 22:00:00,2.4,0.0,11.5,25.6,136
2021-03-27 23:00:00,2.1,0.0,12.8,30.2,142
2021-03-28 00:00:00,2.4,0.0,13.2,32.4,145
2021-03-28 01:00:00,3.6,0.0,14.5,34.2,153
2021-03-28 02:00:00,3.5,0.0,15.3,38.5,150
2021-03-28 03:00:00,3.6,0.0,17.1,43.2,152
2021-03-28 04:00:00,3.6,0.0,17.8,45.0,148
2021-03-28 05:00:00,3.5,0.0,19.5,49.0,146
2021-03-28 06:00:00,3.7,0.0,20.9,53.3,148
2021-03-28 07:00:00,4.0,0.0,21.3,54.7,146
2021-03-28 08:00:00,5.2,0.0,20.4,56.9,144
2021-03-28 09:00:00,5.7,0.0,22.7,61.9,147
2021-03-28 10:00:00,5.8,0.3,23.8,61.6,155
2021-03-28 11:00:00,5.1,0.7,24.6,64.1,159
2021-03-28 12:00:00,4.5,1.7,25.6,65.2,160
2021-03-28 13:00:00,4.8,2.2,21.9,64.8,157
2021-03-28 14:00:00,5.0,1.3,17.3,57.2,159
2021-03-28 15:00:00,5.9,1.4,15.6,45.7,161
2021-03-28 16:00:00,6.7,0.2,10.1,37.4,197
2021-03-28 17:00:00,6.8,0.3,12.3,29.9,218
2021-03-28 18:00:00,6.2,0.0,12.5,32.0,219
2021-03-28 19:00:00,4.9,0.1,10.4,31.3,200
2021-03-28 20:00:00,4.4,0.1,10.8,26.6,165
2021-03-28 21:00:00,4.3,0.0,12.4,30.2,154
2021-03-28 22:00:00,4.2,0.0,15.1,36.7,155
2021-03-28 23:00:00,3.9,0.0,16.7,41.8,147
2021-03-29 00:00:00,4.6,0.0,19.0,47.9,147
2021-03-29 01:00:00,5.0,0.1,23.0,51.5,153
2021-03-29 02:00:00,5.6,0.2,24.2,61.9,157
2021-03-29 03:00:00,5.9,1.1,26.6,67.3,164
2021-03-29 04:00:00,6.4,1.7,24.6,67.3,169
2021-03-29 05:00:00,7.4,2.7,19.9,62.3,176
2021-03-29 06:00:00,7.8,1.8,16.6,50.4,180
2021-03-29 07:00:00,8.0,1.0,16.2,41.8,179
2021-03-29 08:00:00,8.1,0.9,18.4,47.2,178
2021-03-29 09:00:00,8.1,0.3,19.6,49.3,174
2021-03-29 10:00:00,8.4,1.0,22.0,58.0,183
2021-03-29 11:00:00,9.2,0.9,20.1,72.4,207
2021-03-29 12:00:00,9.9,0.4,21.0,62.6,231
2021-03-29 13:00:00,10.2,0.2,17.5,59.0,238
2021-03-29 14:00:00,10.4,0.1,19.0,49.3,237
2021-03-29 15:00:00,10.3,0.2,18.9,50.8,235
2021-03-29 16:00:00,8.8,0.0,14.3,49.0,214
2021-03-29 17:00:00,8.7,0.0,14.0,37.1,206
2021-03-29 18:00:00,8.2,0.0,13.6,36.0,197
2021-03-29 19:00:00,7.6,0.0,12.3,34.9,185
2021-03-29 20:00:00,7.2,0.1,12.0,31.0,171
2021-03-29 21:00:00,6.8,0.8,14.4,35.6,180
2021-03-29 22:00:00,6.5,1.3,14.1,36.0,183
2021-03-29 23:00:00,6.5,1.2,12.2,35.3,178
2021-03-30 00:00:00,6.4,1.0,9.8,32.0,163
2021-03-30 01:00:00,7.1,0.9,8.7,25.6,150
2021-03-30 02:00:00,6.8,1.0,7.7,23.0,152
2021-03-30 03:00:00,7.0,1.5,10.1,27.4,163
2021-03-30 04:00:00,7.5,1.4,9.7,29.2,195
2021-03-30 05:00:00,7.4,0.2,6.2,26.3,216
2021-03-30 06:00:00,7.3,0.2,5.2,19.8,192
2021-03-30 07:00:00,7.3,0.4,5.8,18.7,176
2021-03-30 08:00:00,7.6,0.3,8.0,20.5,175
2021-03-30 09:00:00,8.0,0.3,10.2,24.8,172
2021-03-30 10:00:00,8.6,0.3,11.5,28.8,176
2021-03-30 11:00:00,8.8,0.5,13.4,33.5,188
2021-03-30 12:00:00,8.5,0.8,14.1,35.3,186
2021-03-30 13:00:00,9.1,0.8,13.3,37.4,182
2021-03-30 14:00:00,8.8,1.6,13.7,34.6,185
2021-03-30 15:00:00,8.5,2.8,14.6,37.4,189
2021-03-30 16:00:00,8.3,3.6,14.8,37.8,193
2021-03-30 17:00:00,8.2,3.1,14.1,37.4,186
2021-03-30 18:00:00,8.1,2.6,14.1,36.7,184
2021-03-30 19:00:00,8.0,3.2,13.4,36.4,186
2021-03-30 20:00:00,7.9,2.5,12.6,34.6,193
2021-03-30 21:00:00,7.9,1.1,11.3,32.0,207
2021-03-30 22:00:00,7.8,0.3,9.9,29.2,213
2021-03-30 23:00:00,7.3,0.1,7.2,25.2,273
2021-03-31 00:00:00,6.0,0.1,10.0,23.8,322
2021-03-31 01:00:00,6.1,0.0,10.8,26.6,330
2021-03-31 02:00:00,5.3,0.2,9.9,26.3,327
2021-03-31 03:00:00,4.8,0.2,9.8,25.2,332
2021-03-31 04:00:00,4.5,0.1,11.4,27.7,332
2021-03-31 05:00:00,4.2,0.0,12.0,29.5,339
2021-03-31 06:00:00,4.1,0.0,12.2,29.9,341
2021-03-31 07:00:00,4.0,0.0,14.2,34.6,344
2021-03-31 08:00:00,4.2,0.0,13.1,34.9,344
2021-03-31 09:00:00,5.2,0.0,13.6,34.6,343
2021-03-31 10:00:00,5.9,0.0,14.1,36.4,341
2021-03-31 11:00:00,6.2,0.0,13.3,36.7,341
2021-03-31 12:00:00,6.5,0.0,13.0,34.6,336
2021-03-31 13:00:00,7.7,0.0,12.5,35.3,327
2021-03-31 14:00:00,8.0,0.0,13.6,36.4,323
2021-03-31 15:00:00,8.3,0.0,15.2,40.3,324
2021-03-31 16:00:00,7.8,0.0,15.3,40.3,326
2021-03-31 17:00:00,6.9,0.0,15.9,40.7,327
2021-03-31 18:00:00,5.9,0.0,13.5,40.7,331
2021-03-31 19:00:00,4.6,0.0,14.5,35.3,337
2021-03-31 20:00:00,3.8,0.0,15.3,37.8,341
2021-03-31 21:00:00,3.2,0.0,13.2,37.4,343
2021-03-31 22:00:00,2.6,0.0,13.4,32.8,340
2021-03-31 23:00:00,1.9,0.0,10.5,32.4,344
2021-04-01 00:00:00,1.2,0.0,10.2,25.2,342
2021-04-01 01:00:00,1.2,0.0,7.2,23.8,342
2021-04-01 02:00:00,1.4,0.0,7.3,19.4,349
2021-04-01 03:00:00,0.9,0.0,6.2,19.1,350
2021-04-01 04:00:00,0.6,0.0,7.4,19.1,346
2021-04-01 05:00:00,0.5,0.0,8.5,21.6,348
2021-04-01 06:00:00,0.4,0.0,12.2,29.9,341
2021-04-01 07:00:00,1.5,0.0,13.1,34.2,351
2021-04-01 08:00:00,2.9,0.0,8.5,34.2,348
2021-04-01 09:00:00,4.9,0.0,13.3,36.4,347
2021-04-01 10:00:00,6.2,0.0,15.3,40.3,345
2021-04-01 11:00:00,7.0,0.0,14.5,41.4,337
2021-04-01 12:00:00,7.1,0.0,16.9,44.6,333
2021-04-01 13:00:00,6.2,0.0,14.5,45.4,330
2021-04-01 14:00:00,6.9,0.0,14.7,40.0,324
2021-04-01 15:00:00,6.4,0.0,16.5,43.9,324
2021-04-01 16:00:00,5.8,0.0,15.9,43.9,327
2021-04-01 17:00:00,5.3,0.0,14.7,41.8,329
2021-04-01 18:00:00,4.5,0.0,12.9,38.9,330
2021-04-01 19:00:00,3.9,0.0,10.0,33.1,330
2021-04-01 20:00:00,3.5,0.0,7.0,25.9,325
2021-04-01 21:00:00,4.0,0.0,2.9,18.7,300
2021-04-01 22:00:00,4.0,0.0,2.6,11.9,214
2021-04-01 23:00:00,4.1,0.2,5.6,15.5,220
2021-04-02 00:00:00,4.4,0.6,6.1,17.3,273
2021-04-02 01:00:00,5.4,0.2,11.0,22.3,293
2021-04-02 02:00:00,5.6,0.3,14.5,33.8,314
2021-04-02 03:00:00,4.9,0.5,14.7,41.8,332
2021-04-02 04:00:00,4.7,0.2,18.5,44.3,336
2021-04-02 05:00:00,4.5,0.1,13.4,44.3,340
2021-04-02 06:00:00,4.1,0.0,12.2,36.0,341
2021-04-02 07:00:00,3.9,0.0,13.8,34.9,340
2021-04-02 08:00:00,4.4,0.0,16.2,41.8,339
2021-04-02 09:00:00,5.0,0.0,18.8,48.2,343
2021-04-02 10:00:00,5.6,0.0,17.9,47.9,345
2021-04-02 11:00:00,6.5,0.0,21.2,54.7,345
2021-04-02 12:00:00,7.0,0.0,22.8,58.3,344
2021-04-02 13:00:00,6.9,0.0,18.3,58.3,345
2021-04-02 14:00:00,7.3,0.0,20.1,50.4,339
2021-04-02 15:00:00,6.8,0.0,21.3,54.0,338
2021-04-02 16:00:00,6.0,0.0,22.7,56.5,335
2021-04-02 17:00:00,5.9,0.0,23.9,60.5,337
2021-04-02 18:00:00,5.0,0.0,22.2,59.8,335
2021-04-02 19:00:00,4.1,0.0,20.8,56.9,337
2021-04-02 20:00:00,3.4,0.0,19.2,52.6,337
2021-04-02 21:00:00,2.8,0.0,17.9,47.9,341
2021-04-02 22:00:00,2.2,0.0,15.6,45.0,345
2021-04-02 23:00:00,1.9,0.0,14.1,40.0,347
2021-04-03 00:00:00,1.7,0.0,13.0,36.0,346
2021-04-03 01:00:00,2.4,0.0,15.1,33.1,348
2021-04-03 02:00:00,2.2,0.0,12.8,37.8,350
2021-04-03 03:00:00,1.9,0.0,11.6,34.2,353
2021-04-03 04:00:00,1.3,0.0,10.1,31.7,354
2021-04-03 05:00:00,1.2,0.0,9.4,27.7,358
2021-04-03 06:00:00,1.3,0.0,9.7,26.6,358
2021-04-03 07:00:00,2.1,0.0,9.7,27.7,360
2021-04-03 08:00:00,3.5,0.0,8.6,27.4,2
2021-04-03 09:00:00,4.8,0.0,9.5,28.1,9
2021-04-03 10:00:00,6.0,0.0,12.3,34.6,355
2021-04-03 11:00:00,6.7,0.0,11.8,34.2,348
2021-04-03 12:00:00,7.2,0.0,10.4,33.1,340
2021-04-03 13:00:00,6.6,0.0,11.0,32.0,322
2021-04-03 14:00:00,7.2,0.0,10.2,32.4,315
2021-04-03 15:00:00,6.8,0.0,10.2,29.9,302
2021-04-03 16:00:00,6.1,0.0,6.4,28.8,286
2021-04-03 17:00:00,6.1,0.0,4.0,19.4,260
2021-04-03 18:00:00,6.0,0.0,4.1,13.7,195
2021-04-03 19:00:00,5.5,0.0,6.5,14.4,186
2021-04-03 20:00:00,4.4,0.0,8.6,18.7,180
2021-04-03 21:00:00,4.1,0.0,8.1,19.4,167
2021-04-03 22:00:00,4.3,0.1,8.9,20.2,159
2021-04-03 23:00:00,4.6,0.1,10.2,22.0,148
2021-04-04 00:00:00,4.8,0.1,10.5,23.0,149
2021-04-04 01:00:00,5.4,0.3,10.2,24.8,162
2021-04-04 02:00:00,6.0,0.1,7.9,25.2,210
2021-04-04 03:00:00,6.2,0.0,8.3,20.5,236
2021-04-04 04:00:00,5.6,0.0,8.4,21.2,211
2021-04-04 05:00:00,4.9,0.0,9.6,23.4,193
2021-04-04 06:00:00,5.7,0.0,12.7,31.3,205
2021-04-04 07:00:00,6.0,0.1,15.8,38.9,215
2021-04-04 08:00:00,6.2,0.2,14.8,41.0,209
2021-04-04 09:00:00,6.3,0.3,14.9,37.1,188
2021-04-04 10:00:00,6.4,1.3,19.5,49.3,199
2021-04-04 11:00:00,6.5,1.6,28.4,67.0,232
2021-04-04 12:00:00,6.3,1.3,28.3,73.1,227
2021-04-04 13:00:00,6.4,2.1,29.1,77.4,221
2021-04-04 14:00:00,6.1,2.4,26.0,78.1,227
2021-04-04 15:00:00,6.1,1.7,30.2,75.6,237
2021-04-04 16:00:00,5.7,1.8,32.4,79.6,267
2021-04-04 17:00:00,4.3,0.8,28.7,78.5,278
2021-04-04 18:00:00,2.2,0.9,21.9,69.5,311
2021-04-04 19:00:00,0.3,1.2,32.0,76.7,339
2021-04-04 20:00:00,-0.3,0.6,32.4,83.5,336
2021-04-04 21:00:00,-0.7,0.5,29.1,82.4,333
2021-04-04 22:00:00,-1.5,0.0,27.1,78.1,331
2021-04-04 23:00:00,-2.3,0.0,25.2,67.3,329
2021-04-05 00:00:00,-2.5,0.0,20.0,62.6,322
2021-04-05 01:00:00,-1.2,0.2,19.9,56.5,305
2021-04-05 02:00:00,-2.0,0.1,15.0,56.2,305
2021-04-05 03:00:00,-1.2,0.0,11.9,47.5,331
2021-04-05 04:00:00,-1.0,0.2,19.8,49.3,335
2021-04-05 05:00:00,-0.6,0.1,24.3,59.8,333
2021-04-05 06:00:00,-0.5,0.2,30.0,71.3,336
2021-04-05 07:00:00,0.8,0.0,23.7,74.2,343
2021-04-05 08:00:00,1.3,0.0,21.3,63.4,336
2021-04-05 09:00:00,1.9,0.0,26.3,67.0,338
2021-04-05 10:00:00,2.1,0.4,24.5,71.3,338
2021-04-05 11:00:00,3.4,0.0,24.1,69.5,340
2021-04-05 12:00:00,3.6,0.3,26.1,68.4,327
2021-04-05 13:00:00,2.0,0.2,22.2,69.1,333
2021-04-05 14:00:00,2.3,0.2,20.0,64.1,337
2021-04-05 15:00:00,2.3,0.4,25.1,73.8,335
2021-04-05 16:00:00,2.2,0.3,25.9,85.3,333
2021-04-05 17:00:00,1.9,0.3,25.8,77.4,333
2021-04-05 18:00:00,0.9,0.1,25.0,72.7,333
2021-04-05 19:00:00,0.4,0.3,22.3,67.3,329
2021-04-05 20:00:00,0.9,0.1,21.7,67.7,331
2021-04-05 21:00:00,0.6,0.9,26.8,76.3,336
2021-04-05 22:00:00,0.3,0.5,28.5,82.1,339
2021-04-05 23:00:00,0.5,0.3,26.0,78.5,343
2021-04-06 00:00:00,0.3,0.2,22.0,75.2,345
2021-04-06 01:00:00,0.5,0.1,24.1,67.7,333
2021-04-06 02:00:00,0.3,0.5,23.7,62.6,338
2021-04-06 03:00:00,0.3,0.2,18.3,61.9,338
2021-04-06 04:00:00,0.5,0.4,20.3,57.2,337
2021-04-06 05:00:00,0.7,0.4,21.7,59.8,341
2021-04-06 06:00:00,0.5,0.2,20.0,60.8,342
2021-04-06 07:00:00,0.2,0.2,18.0,62.3,340
2021-04-06 08:00:00,1.0,0.2,16.6,57.6,333
2021-04-06 09:00:00,1.8,0.3,21.4,65.2,331
2021-04-06 10:00:00,1.9,0.7,23.3,73.8,328
2021-04-06 11:00:00,2.0,0.6,24.3,73.1,322
2021-04-06 12:00:00,2.2,0.6,19.5,70.6,304
2021-04-06 13:00:00,2.7,1.1,14.8,59.4,311
2021-04-06 14:00:00,2.5,0.1,13.6,46.4,307
2021-04-06 15:00:00,2.9,0.0,12.2,44.3,294
2021-04-06 16:00:00,2.9,0.1,9.0,36.4,293
2021-04-06 17:00:00,2.7,0.1,3.6,25.6,276
2021-04-06 18:00:00,2.9,0.0,4.3,16.2,294
2021-04-06 19:00:00,2.8,0.0,5.1,15.1,315
2021-04-06 20:00:00,3.0,0.0,5.8,16.2,338
2021-04-06 21:00:00,2.7,0.0,8.7,23.8,343
2021-04-06 22:00:00,2.0,0.0,9.9,26.3,341
2021-04-06 23:00:00,1.7,0.0,13.8,35.3,340
2021-04-07 00:00:00,1.9,0.0,14.5,38.2,341
2021-04-07 01:00:00,2.4,0.0,15.2,40.3,338
2021-04-07 02:00:00,2.1,0.0,14.5,37.8,333
2021-04-07 03:00:00,1.8,0.1,15.0,37.8,333
2021-04-07 04:00:00,1.6,0.3,14.3,38.2,332
2021-04-07 05:00:00,1.3,0.4,13.7,37.1,333
2021-04-07 06:00:00,1.0,0.4,14.3,36.7,335
2021-04-07 07:00:00,1.3,0.4,16.1,42.8,340
2021-04-07 08:00:00,1.8,0.2,15.3,40.3,333
2021-04-07 09:00:00,2.6,0.0,18.8,48.6,343
2021-04-07 10:00:00,3.0,0.0,17.5,47.2,346
2021-04-07 11:00:00,3.8,0.0,19.6,54.4,343
2021-04-07 12:00:00,4.2,0.1,21.8,58.0,338
2021-04-07 13:00:00,4.0,0.2,23.7,61.9,340
2021-04-07 14:00:00,4.6,0.0,23.4,61.2,337
2021-04-07 15:00:00,4.4,0.0,22.9,59.8,334
2021-04-07 16:00:00,3.8,0.0,22.4,58.3,334
2021-04-07 17:00:00,3.2,0.0,19.9,56.5,338
2021-04-07 18:00:00,2.4,0.0,18.0,50.0,334
2021-04-07 19:00:00,1.3,0.0,14.8,45.4,337
2021-04-07 20:00:00,0.3,0.0,11.2,37.1,339
2021-04-07 21:00:00,-0.3,0.0,9.7,28.1,338
2021-04-07 22:00:00,-0.6,0.0,8.4,23.8,335
2021-04-07 23:00:00,-0.9,0.0,5.7,20.2,342
2021-04-08 00:00:00,-1.9,0.0,4.0,14.4,350
2021-04-08 01:00:00,-1.8,0.0,6.4,10.4,297
2021-04-08 02:00:00,-0.6,0.0,3.0,13.7,256
2021-04-08 03:00:00,-0.9,0.1,2.5,8.3,172
2021-04-08 04:00:00,-0.8,0.3,7.2,14.8,174
2021-04-08 05:00:00,-0.6,0.3,8.0,18.0,175
2021-04-08 06:00:00,-0.7,0.1,8.8,20.5,161
2021-04-08 07:00:00,-0.4,0.0,10.7,25.9,135
2021-04-08 08:00:00,0.7,0.1,13.0,32.8,138
2021-04-08 09:00:00,1.4,0.3,19.9,47.5,158
2021-04-08 10:00:00,1.5,0.7,21.0,53.3,158
2021-04-08 11:00:00,1.8,1.0,24.8,58.3,156
2021-04-08 12:00:00,1.7,1.6,24.0,65.5,154
2021-04-08 13:00:00,1.6,2.3,24.3,72.0,156
2021-04-08 14:00:00,1.3,3.2,24.3,64.1,156
2021-04-08 15:00:00,1.3,4.6,25.1,67.3,155
2021-04-08 16:00:00,1.7,3.3,24.6,69.5,141
2021-04-08 17:00:00,2.6,3.4,19.5,67.7,150
2021-04-08 18:00:00,4.3,3.1,15.2,65.9,202
2021-04-08 19:00:00,4.1,0.8,14.0,50.4,215
2021-04-08 20:00:00,3.5,0.5,17.0,46.4,216
2021-04-08 21:00:00,3.0,0.7,17.2,47.5,209
2021-04-08 22:00:00,2.9,0.3,16.7,47.5,205
2021-04-08 23:00:00,2.8,0.1,16.2,46.1,197
2021-04-09 00:00:00,2.2,0.5,16.6,47.5,181
2021-04-09 01:00:00,2.5,0.2,17.6,51.5,180
2021-04-09 02:00:00,2.3,0.9,18.0,47.9,160
2021-04-09 03:00:00,2.9,0.1,18.1,45.7,185
2021-04-09 04:00:00,2.1,0.5,13.8,44.3,165
2021-04-09 05:00:00,2.5,0.4,10.4,33.5,160
2021-04-09 06:00:00,2.7,0.0,18.0,39.2,296
2021-04-09 07:00:00,2.5,0.2,25.5,67.0,312
2021-04-09 08:00:00,2.7,0.1,27.8,79.6,313
2021-04-09 09:00:00,2.6,0.1,30.4,82.1,320
2021-04-09 10:00:00,3.1,0.1,28.8,80.6,323
2021-04-09 11:00:00,3.7,0.1,26.2,74.5,323
2021-04-09 12:00:00,3.1,0.3,20.9,68.0,324
2021-04-09 13:00:00,4.3,0.8,20.3,60.5,303
2021-04-09 14:00:00,4.2,0.5,20.1,57.2,294
2021-04-09 15:00:00,4.0,0.0,20.1,53.6,297
2021-04-09 16:00:00,3.1,0.5,22.1,55.8,304
2021-04-09 17:00:00,2.5,0.5,20.1,56.9,303
2021-04-09 18:00:00,2.4,0.2,14.2,52.6,294
2021-04-09 19:00:00,1.9,0.1,12.9,42.5,288
2021-04-09 20:00:00,1.9,0.1,11.7,35.6,279
2021-04-09 21:00:00,1.9,0.2,11.2,34.9,272
2021-04-09 22:00:00,1.5,0.3,13.9,33.8,301
2021-04-09 23:00:00,0.8,0.2,13.2,34.2,317
2021-04-10 00:00:00,0.5,0.1,10.7,32.0,315
2021-04-10 01:00:00,1.5,0.2,12.6,30.2,301
2021-04-10 02:00:00,2.0,0.2,14.7,33.8,292
2021-04-10 03:00:00,1.9,1.0,13.4,39.6,306
2021-04-10 04:00:00,1.5,0.7,11.3,37.1,323
2021-04-10 05:00:00,1.4,0.5,11.2,35.3,310
2021-04-10 06:00:00,1.3,0.6,7.1,34.6,315
2021-04-10 07:00:00,2.2,0.2,9.1,33.5,304
2021-04-10 08:00:00,2.1,0.8,13.4,40.0,306
2021-04-10 09:00:00,3.0,0.1,11.8,38.9,290
2021-04-10 10:00:00,3.5,0.2,10.8,38.2,285
2021-04-10 11:00:00,3.1,1.1,14.2,45.0,297
2021-04-10 12:00:00,4.1,0.1,12.2,44.3,298
2021-04-10 13:00:00,3.9,0.2,13.1,39.2,279
2021-04-10 14:00:00,3.2,0.1,12.2,36.7,284
2021-04-10 15:00:00,3.5,0.0,11.5,36.0,284
2021-04-10 16:00:00,3.3,0.1,12.8,37.4,292
2021-04-10 17:00:00,3.2,0.1,12.4,37.4,292
2021-04-10 18:00:00,2.8,0.0,10.0,34.2,296
2021-04-10 19:00:00,1.1,0.0,5.5,27.4,302
2021-04-10 20:00:00,-1.9,0.0,7.5,15.5,305
2021-04-10 21:00:00,1.7,0.2,4.3,14.4,318
2021-04-10 22:00:00,0.5,0.1,2.6,9.4,106
2021-04-10 23:00:00,-4.1,0.0,5.6,11.2,117
2021-04-11 00:00:00,-5.2,0.0,6.6,13.0,119
2021-04-11 01:00:00,-3.8,0.0,3.9,13.7,124
2021-04-11 02:00:00,-2.2,0.0,4.6,10.8,129
2021-04-11 03:00:00,-2.6,0.0,4.3,9.4,114
2021-04-11 04:00:00,-2.9,0.0,4.3,8.6,95
2021-04-11 05:00:00,-3.3,0.0,5.1,10.4,98
2021-04-11 06:00:00,-3.0,0.0,6.1,11.5,90
2021-04-11 07:00:00,-0.7,0.0,6.4,14.0,74
2021-04-11 08:00:00,2.1,0.0,4.4,14.0,55
2021-04-11 09:00:00,3.3,0.0,5.7,18.0,35
2021-04-11 10:00:00,4.3,0.0,8.1,24.1,21
2021-04-11 11:00:00,5.3,0.0,10.0,29.2,21
2021-04-11 12:00:00,6.1,0.0,11.0,31.7,23
2021-04-11 13:00:00,6.0,0.0,9.2,32.8,21
2021-04-11 14:00:00,6.9,0.0,8.7,28.8,45
2021-04-11 15:00:00,7.0,0.1,7.9,27.4,66
2021-04-11 16:00:00,7.1,0.0,8.3,24.5,56
2021-04-11 17:00:00,6.6,0.0,9.9,27.4,57
2021-04-11 18:00:00,5.7,0.0,9.9,27.4,46
2021-04-11 19:00:00,3.8,0.0,9.2,24.5,31
2021-04-11 20:00:00,2.0,0.0,8.9,20.5,27
2021-04-11 21:00:00,1.2,0.0,8.2,19.4,38
2021-04-11 22:00:00,0.4,0.0,8.4,19.1,43
2021-04-11 23:00:00,-0.2,0.0,8.7,19.4,45
2021-04-12 00:00:00,0.0,0.0,8.4,19.8,40
2021-04-12 01:00:00,0.5,0.0,8.1,19.4,45
2021-04-12 02:00:00,1.8,0.0,8.1,20.5,32
2021-04-12 03:00:00,1.6,0.0,6.6,20.5,29
2021-04-12 04:00:00,1.4,0.0,6.4,17.3,27
2021-04-12 05:00:00,0.8,0.0,6.6,17.3,29
2021-04-12 06:00:00,0.5,0.0,7.0,17.3,21
2021-04-12 07:00:00,1.4,0.0,6.5,17.6,6
2021-04-12 08:00:00,4.0,0.0,6.1,18.4,357
2021-04-12 09:00:00,5.5,0.0,8.6,24.1,360
2021-04-12 10:00:00,6.6,0.0,9.5,27.4,11
2021-04-12 11:00:00,8.2,0.0,10.0,33.8,13
2021-04-12 12:00:00,9.0,0.0,10.7,34.6,12
2021-04-12 13:00:00,7.4,0.0,11.8,36.0,23
2021-04-12 14:00:00,8.4,0.0,11.2,34.2,15
2021-04-12 15:00:00,8.4,0.0,11.7,32.4,11
2021-04-12 16:00:00,8.0,0.0,14.5,38.2,19
2021-04-12 17:00:00,7.5,0.0,13.5,38.5,9
2021-04-12 18:00:00,6.8,0.0,13.1,34.9,8
2021-04-12 19:00:00,5.3,0.0,11.6,32.8,5
2021-04-12 20:00:00,3.4,0.0,11.6,29.2,353
2021-04-12 21:00:00,2.3,0.0,12.5,29.9,348
2021-04-12 22:00:00,1.6,0.0,13.9,33.8,350
2021-04-12 23:00:00,1.1,0.0,15.0,36.0,349
2021-04-13 00:00:00,0.6,0.0,15.2,37.1,346
2021-04-13 01:00:00,0.6,0.0,14.8,37.4,346
2021-04-13 02:00:00,0.8,0.0,14.2,37.4,351
2021-04-13 03:00:00,0.6,0.0,13.4,37.1,355
2021-04-13 04:00:00,0.3,0.0,12.6,35.3,358
2021-04-13 05:00:00,-0.0,0.0,11.9,33.1,355
2021-04-13 06:00:00,-0.1,0.0,11.9,32.0,357
2021-04-13 07:00:00,1.1,0.0,10.9,32.0,352
2021-04-13 08:00:00,2.6,0.0,12.0,33.1,351
2021-04-13 09:00:00,4.0,0.0,13.3,36.0,347
2021-04-13 10:00:00,5.2,0.1,16.6,44.6,347
2021-04-13 11:00:00,5.8,0.1,17.8,47.2,342
2021-04-13 12:00:00,6.0,0.1,19.1,50.0,340
2021-04-13 13:00:00,5.6,0.2,15.6,50.8,337
2021-04-13 14:00:00,6.2,0.1,19.0,49.3,333
2021-04-13 15:00:00,5.6,0.0,19.4,50.8,329
2021-04-13 16:00:00,5.4,0.1,19.9,51.1,328
2021-04-13 17:00:00,4.7,0.0,18.4,51.1,332
2021-04-13 18:00:00,3.9,0.0,15.3,46.1,336
2021-04-13 19:00:00,3.1,0.0,11.8,39.2,340
2021-04-13 20:00:00,2.4,0.0,9.0,29.5,344
2021-04-13 21:00:00,2.0,0.0,7.3,23.0,9
2021-04-13 22:00:00,1.7,0.0,4.3,18.7,42
2021-04-13 23:00:00,0.5,0.0,4.5,13.7,61
2021-04-14 00:00:00,-0.2,0.0,3.0,12.6,104
2021-04-14 01:00:00,1.8,0.0,0.8,9.4,117
2021-04-14 02:00:00,-0.0,0.0,1.8,6.5,143
2021-04-14 03:00:00,-0.5,0.0,2.3,7.2,141
2021-04-14 04:00:00,-0.1,0.0,2.0,6.8,135
2021-04-14 05:00:00,-0.3,0.0,2.8,5.4,130
2021-04-14 06:00:00,-0.3,0.0,4.1,6.1,135
2021-04-14 07:00:00,2.2,0.0,5.5,11.5,169
2021-04-14 08:00:00,3.3,0.2,4.5,13.3,194
2021-04-14 09:00:00,3.2,1.1,4.1,12.6,218
2021-04-14 10:00:00,4.0,0.2,3.7,13.3,281
2021-04-14 11:00:00,5.0,0.1,1.4,23.8,270
2021-04-14 12:00:00,6.1,0.1,4.4,30.6,279
2021-04-14 13:00:00,6.8,0.2,5.9,38.9,308
2021-04-14 14:00:00,6.9,0.3,9.2,27.0,312
2021-04-14 15:00:00,6.2,0.3,10.6,29.2,305
2021-04-14 16:00:00,5.9,0.1,11.3,30.2,301
2021-04-14 17:00:00,6.3,0.0,11.0,30.6,311
2021-04-14 18:00:00,6.1,0.0,10.7,29.9,315
2021-04-14 19:00:00,5.2,0.0,9.5,27.4,331
2021-04-14 20:00:00,3.8,0.0,9.2,23.0,349
2021-04-14 21:00:00,2.7,0.0,9.4,22.0,358
2021-04-14 22:00:00,2.1,0.0,8.4,22.0,7
2021-04-14 23:00:00,1.6,0.0,6.6,20.2,22
2021-04-15 00:00:00,1.1,0.0,5.1,16.9,39
2021-04-15 01:00:00,-0.6,0.0,8.2,14.0,52
2021-04-15 02:00:00,0.8,0.0,5.7,16.9,55
2021-04-15 03:00:00,0.2,0.0,5.9,14.4,43
2021-04-15 04:00:00,-0.4,0.0,7.1,15.5,41
2021-04-15 05:00:00,-0.7,0.0,6.9,15.8,62
2021-04-15 06:00:00,-0.6,0.0,6.8,15.1,65
2021-04-15 07:00:00,1.7,0.0,6.6,14.4,68
2021-04-15 08:00:00,4.3,0.0,3.2,14.0,63
2021-04-15 09:00:00,6.3,0.0,1.1,11.5,108
2021-04-15 10:00:00,7.9,0.0,1.6,11.2,207
2021-04-15 11:00:00,8.9,0.0,4.5,16.9,241
2021-04-15 12:00:00,9.4,0.0,7.4,23.4,256
2021-04-15 13:00:00,9.3,0.0,7.4,26.3,241
2021-04-15 14:00:00,9.7,0.0,8.4,26.6,250
2021-04-15 15:00:00,9.6,0.0,8.0,26.6,262
2021-04-15 16:00:00,9.0,0.0,9.4,27.0,272
2021-04-15 17:00:00,7.9,0.0,9.1,27.4,288
2021-04-15 18:00:00,7.0,0.0,5.4,24.1,312
2021-04-15 19:00:00,6.2,0.0,2.6,14.0,326
2021-04-15 20:00:00,4.4,0.0,4.5,7.2,29
2021-04-15 21:00:00,3.2,0.0,4.0,8.6,90
2021-04-15 22:00:00,3.2,0.0,4.3,10.1,90
2021-04-15 23:00:00,2.9,0.0,5.0,10.8,90
2021-04-16 00:00:00,2.3,0.0,5.8,12.2,90
2021-04-16 01:00:00,0.6,0.0,6.1,12.6,90
2021-04-16 02:00:00,2.2,0.0,5.1,14.8,98
2021-04-16 03:00:00,2.1,0.0,3.6,10.4,90
2021-04-16 04:00:00,1.7,0.0,1.8,7.9,79
2021-04-16 05:00:00,0.4,0.0,0.8,4.7,63
2021-04-16 06:00:00,0.6,0.0,1.1,3.2,72
2021-04-16 07:00:00,3.0,0.0,2.5,6.8,45
2021-04-16 08:00:00,6.0,0.0,1.8,7.9,360
2021-04-16 09:00:00,7.9,0.0,1.8,10.1,349
2021-04-16 10:00:00,9.0,0.0,2.3,11.9,321
2021-04-16 11:00:00,9.8,0.0,2.6,13.0,286
2021-04-16 12:00:00,10.4,0.0,4.4,16.6,261
2021-04-16 13:00:00,10.7,0.0,7.6,21.2,251
2021-04-16 14:00:00,11.0,0.0,8.4,25.9,260
2021-04-16 15:00:00,10.9,0.0,7.9,25.9,270
2021-04-16 16:00:00,10.6,0.0,8.8,25.6,282
2021-04-16 17:00:00,9.6,0.0,10.1,27.0,305
2021-04-16 18:00:00,8.5,0.0,9.2,27.4,321
2021-04-16 19:00:00,7.3,0.0,5.5,23.0,328
2021-04-16 20:00:00,5.6,0.0,5.2,13.0,344
2021-04-16 21:00:00,4.7,0.0,5.0,12.6,21
2021-04-16 22:00:00,3.5,0.0,5.0,11.9,69
2021-04-16 23:00:00,1.8,0.0,6.8,14.0,87
2021-04-17 00:00:00,0.2,0.0,8.4,16.9,83
2021-04-17 01:00:00,-1.0,0.0,6.9,16.9,84
2021-04-17 02:00:00,-0.4,0.0,5.8,15.5,83
2021-04-17 03:00:00,-0.7,0.0,5.1,12.6,82
2021-04-17 04:00:00,-1.0,0.0,4.8,11.5,77
2021-04-17 05:00:00,-1.3,0.0,5.1,11.5,82
2021-04-17 06:00:00,-1.1,0.0,5.4,11.9,82
2021-04-17 07:00:00,2.5,0.0,4.9,11.9,73
2021-04-17 08:00:00,6.9,0.0,3.6,11.9,53
2021-04-17 09:00:00,9.9,0.0,3.0,11.9,14
2021-04-17 10:00:00,11.3,0.0,3.6,14.8,6
2021-04-17 11:00:00,12.2,0.0,2.9,15.1,353
2021-04-17 12:00:00,13.0,0.0,2.1,14.4,301
2021-04-17 13:00:00,13.4,0.0,5.8,16.2,240
2021-04-17 14:00:00,13.3,0.0,9.7,26.6,266
2021-04-17 15:00:00,12.5,0.0,11.4,31.0,294
2021-04-17 16:00:00,12.0,0.0,11.5,30.6,309
2021-04-17 17:00:00,11.7,0.0,10.2,30.6,302
2021-04-17 18:00:00,10.9,0.0,8.9,26.6,302
2021-04-17 19:00:00,9.3,0.0,8.1,21.2,315
2021-04-17 20:00:00,7.5,0.0,7.0,18.4,339
2021-04-17 21:00:00,6.5,0.0,5.2,15.5,25
2021-04-17 22:00:00,5.6,0.0,5.0,11.9,69
2021-04-17 23:00:00,4.3,0.0,5.9,13.0,79
2021-04-18 00:00:00,2.7,0.0,7.2,15.5,84
2021-04-18 01:00:00,1.8,0.0,4.3,15.5,90
2021-04-18 02:00:00,2.4,0.0,4.0,12.6,90
2021-04-18 03:00:00,2.0,0.0,5.1,12.6,86
2021-04-18 04:00:00,1.7,0.0,5.8,13.3,83
2021-04-18 05:00:00,1.5,0.0,6.2,14.4,80
2021-04-18 06:00:00,1.9,0.0,6.6,14.8,77
2021-04-18 07:00:00,5.5,0.0,5.7,14.8,72
2021-04-18 08:00:00,10.1,0.0,3.3,13.0,84
2021-04-18 09:00:00,13.2,0.0,2.5,11.2,188
2021-04-18 10:00:00,14.4,0.0,6.6,20.2,202
2021-04-18 11:00:00,15.0,0.0,7.1,22.7,210
2021-04-18 12:00:00,15.4,0.0,6.9,22.7,227
2021-04-18 13:00:00,16.0,0.0,6.2,24.5,249
2021-04-18 14:00:00,15.7,0.0,9.7,27.4,268
2021-04-18 15:00:00,14.2,0.0,11.4,31.7,283
2021-04-18 16:00:00,12.9,0.0,9.8,31.3,294
2021-04-18 17:00:00,11.7,0.0,8.1,27.0,302
2021-04-18 18:00:00,10.7,0.0,5.7,22.0,305
2021-04-18 19:00:00,9.3,0.0,3.6,15.5,315
2021-04-18 20:00:00,6.5,0.0,5.4,8.3,356
2021-04-18 21:00:00,6.6,0.0,4.8,10.8,63
2021-04-18 22:00:00,5.9,0.0,4.6,12.2,72
2021-04-18 23:00:00,3.9,0.0,3.1,11.2,54
2021-04-19 00:00:00,3.2,0.0,1.8,8.3,79
2021-04-19 01:00:00,2.0,0.0,2.2,7.6,90
2021-04-19 02:00:00,3.6,0.0,1.8,8.3,79
2021-04-19 03:00:00,3.4,0.0,2.9,8.6,83
2021-04-19 04:00:00,3.1,0.0,2.9,9.0,83
2021-04-19 05:00:00,3.2,0.0,2.5,9.0,82
2021-04-19 06:00:00,3.4,0.0,2.6,8.6,74
2021-04-19 07:00:00,6.2,0.0,4.2,10.4,70
2021-04-19 08:00:00,11.3,0.0,4.0,12.2,80
2021-04-19 09:00:00,14.9,0.0,3.8,13.3,131
2021-04-19 10:00:00,16.2,0.0,7.6,22.3,175
2021-04-19 11:00:00,16.8,0.0,9.1,26.3,187
2021-04-19 12:00:00,17.3,0.0,10.2,29.5,190
2021-04-19 13:00:00,17.2,0.0,12.0,32.4,189
2021-04-19 14:00:00,17.8,0.0,11.2,33.8,186
2021-04-19 15:00:00,17.1,0.0,11.5,32.0,224
2021-04-19 16:00:00,15.6,0.0,11.6,32.0,234
2021-04-19 17:00:00,14.0,0.0,12.0,32.0,213
2021-04-19 18:00:00,12.3,0.0,11.9,32.8,183
2021-04-19 19:00:00,10.4,0.0,10.8,32.0,176
2021-04-19 20:00:00,8.4,0.0,10.1,28.4,163
2021-04-19 21:00:00,7.8,0.0,10.6,26.3,156
2021-04-19 22:00:00,7.6,0.0,10.0,26.3,154
2021-04-19 23:00:00,7.6,0.0,10.2,25.6,148
2021-04-20 00:00:00,8.1,0.0,11.3,28.1,149
2021-04-20 01:00:00,8.3,0.0,13.2,31.0,154
2021-04-20 02:00:00,7.7,0.0,13.0,32.8,156
2021-04-20 03:00:00,7.4,0.0,12.4,33.5,158
2021-04-20 04:00:00,7.1,0.0,11.2,33.1,159
2021-04-20 05:00:00,6.4,0.0,10.6,29.2,156
2021-04-20 06:00:00,6.9,0.0,12.4,31.3,158
2021-04-20 07:00:00,8.9,0.0,13.2,35.3,169
2021-04-20 08:00:00,10.0,0.0,13.8,37.4,174
2021-04-20 09:00:00,10.7,0.0,15.5,40.7,177
2021-04-20 10:00:00,11.2,0.0,18.0,46.1,181
2021-04-20 11:00:00,11.6,0.0,19.2,50.4,185
2021-04-20 12:00:00,11.8,0.0,20.2,53.3,185
2021-04-20 13:00:00,11.9,0.0,20.6,54.0,184
2021-04-20 14:00:00,11.3,0.0,20.3,54.0,203
2021-04-20 15:00:00,9.8,0.3,17.7,53.3,200
2021-04-20 16:00:00,8.4,0.7,16.6,52.9,198
2021-04-20 17:00:00,7.0,1.3,17.1,40.7,215
2021-04-20 18:00:00,6.3,1.4,14.3,40.0,260
2021-04-20 19:00:00,5.8,0.5,10.9,39.2,262
2021-04-20 20:00:00,5.1,0.6,10.7,28.1,250
2021-04-20 21:00:00,4.5,0.7,14.3,35.3,252
2021-04-20 22:00:00,4.1,0.3,14.4,34.9,257
2021-04-20 23:00:00,3.8,0.4,12.4,36.0,248
2021-04-21 00:00:00,3.2,0.5,10.1,30.2,266
2021-04-21 01:00:00,3.0,1.5,9.7,24.5,266
2021-04-21 02:00:00,3.5,0.3,7.6,24.8,301
2021-04-21 03:00:00,2.8,0.4,8.4,23.8,340
2021-04-21 04:00:00,2.3,0.8,7.1,23.0,336
2021-04-21 05:00:00,2.7,0.1,13.2,31.0,325
2021-04-21 06:00:00,2.9,0.1,19.3,43.9,331
2021-04-21 07:00:00,3.0,0.1,19.6,46.8,334
2021-04-21 08:00:00,3.3,0.1,25.6,58.3,336
2021-04-21 09:00:00,3.9,0.6,22.9,59.4,336
2021-04-21 10:00:00,5.2,0.2,22.7,66.2,337
2021-04-21 11:00:00,5.9,0.1,25.3,73.1,334
2021-04-21 12:00:00,5.7,0.6,26.1,76.3,327
2021-04-21 13:00:00,5.9,0.5,25.3,75.6,327
2021-04-21 14:00:00,6.5,0.2,21.4,63.0,324
2021-04-21 15:00:00,7.0,0.1,23.5,59.4,337
2021-04-21 16:00:00,7.5,0.1,23.8,60.8,333
2021-04-21 17:00:00,6.7,0.0,25.9,64.8,331
2021-04-21 18:00:00,5.5,0.0,25.1,65.5,335
2021-04-21 19:00:00,4.6,0.0,24.1,63.4,333
2021-04-21 20:00:00,3.4,0.0,21.5,61.6,337
2021-04-21 21:00:00,2.8,0.0,19.5,54.7,341
2021-04-21 22:00:00,2.4,0.0,16.7,49.7,341
2021-04-21 23:00:00,2.1,0.0,15.4,43.2,344
2021-04-22 00:00:00,1.9,0.0,12.9,40.7,347
2021-04-22 01:00:00,3.1,0.0,9.7,34.6,333
2021-04-22 02:00:00,3.5,0.2,7.4,24.5,309
2021-04-22 03:00:00,3.7,0.1,13.0,35.6,316
2021-04-22 04:00:00,4.0,0.2,16.5,41.4,337
2021-04-22 05:00:00,3.0,0.0,13.9,42.1,343
2021-04-22 06:00:00,3.1,0.0,14.0,36.4,342
2021-04-22 07:00:00,4.0,0.0,15.6,39.6,341
2021-04-22 08:00:00,4.5,0.0,16.3,43.9,342
2021-04-22 09:00:00,5.1,0.0,18.5,47.9,339
2021-04-22 10:00:00,5.7,0.0,20.2,52.6,338
2021-04-22 11:00:00,6.1,0.0,21.5,55.1,337
2021-04-22 12:00:00,6.4,0.0,21.1,56.5,337
2021-04-22 13:00:00,6.3,0.0,21.7,55.8,336
2021-04-22 14:00:00,6.8,0.0,21.1,57.6,337
2021-04-22 15:00:00,6.9,0.0,21.4,55.8,335
2021-04-22 16:00:00,6.6,0.0,20.6,56.2,335
2021-04-22 17:00:00,6.4,0.0,19.5,53.3,335
2021-04-22 18:00:00,5.6,0.0,18.4,49.7,332
2021-04-22 19:00:00,4.8,0.0,17.1,46.8,335
2021-04-22 20:00:00,3.8,0.0,14.9,43.2,340
2021-04-22 21:00:00,3.4,0.0,12.3,37.1,345
2021-04-22 22:00:00,3.0,0.0,9.6,31.3,347
2021-04-22 23:00:00,2.4,0.0,6.5,25.2,357
2021-04-23 00:00:00,2.3,0.0,5.1,19.1,8
2021-04-23 01:00:00,3.6,0.0,9.5,16.9,335
2021-04-23 02:00:00,3.4,0.4,8.9,23.8,339
2021-04-23 03:00:00,3.1,0.2,8.2,22.0,345
2021-04-23 04:00:00,2.8,0.1,7.3,21.2,340
2021-04-23 05:00:00,2.5,0.0,7.3,19.8,340
2021-04-23 06:00:00,2.6,0.0,8.8,22.7,341
2021-04-23 07:00:00,3.3,0.0,9.7,27.0,338
2021-04-23 08:00:00,4.0,0.0,11.4,31.0,342
2021-04-23 09:00:00,4.6,0.0,13.1,33.5,344
2021-04-23 10:00:00,5.8,0.0,15.6,42.1,341
2021-04-23 11:00:00,5.7,0.0,17.4,45.4,338
2021-04-23 12:00:00,6.1,0.0,18.4,47.5,337
2021-04-23 13:00:00,6.0,0.0,16.0,52.6,337
2021-04-23 14:00:00,7.7,0.0,20.3,53.3,337
2021-04-23 15:00:00,7.3,0.0,20.5,55.4,332
2021-04-23 16:00:00,7.0,0.0,21.4,56.5,340
2021-04-23 17:00:00,6.3,0.0,20.6,55.4,333
2021-04-23 18:00:00,5.7,0.0,18.7,53.3,335
2021-04-23 19:00:00,4.8,0.0,15.8,47.5,339
2021-04-23 20:00:00,3.5,0.0,14.0,40.0,342
2021-04-23 21:00:00,2.5,0.0,12.8,34.9,338
2021-04-23 22:00:00,2.2,0.0,11.5,32.4,346
2021-04-23 23:00:00,1.7,0.0,11.7,30.6,342
2021-04-24 00:00:00,1.2,0.0,10.7,30.6,348
2021-04-24 01:00:00,1.8,0.0,11.9,27.0,346
2021-04-24 02:00:00,1.4,0.0,10.1,29.5,354
2021-04-24 03:00:00,1.0,0.0,8.6,25.9,358
2021-04-24 04:00:00,0.8,0.0,8.3,23.0,358
2021-04-24 05:00:00,0.5,0.0,8.3,22.3,355
2021-04-24 06:00:00,0.8,0.0,9.0,24.1,358
2021-04-24 07:00:00,2.4,0.0,9.4,27.4,353
2021-04-24 08:00:00,3.9,0.0,13.4,36.0,355
2021-04-24 09:00:00,4.7,0.0,14.1,40.0,356
2021-04-24 10:00:00,5.7,0.0,16.1,42.8,350
2021-04-24 11:00:00,6.1,0.0,16.5,43.9,350
2021-04-24 12:00:00,6.3,0.0,16.2,44.3,347
2021-04-24 13:00:00,6.2,0.0,13.5,42.8,344
2021-04-24 14:00:00,6.2,0.0,13.5,35.6,335
2021-04-24 15:00:00,6.0,0.0,17.4,43.6,336
2021-04-24 16:00:00,5.6,0.0,17.7,45.7,333
2021-04-24 17:00:00,5.5,0.0,18.4,47.2,337
2021-04-24 18:00:00,5.1,0.0,18.4,48.6,337
2021-04-24 19:00:00,4.4,0.0,15.8,46.8,339
2021-04-24 20:00:00,3.1,0.0,15.0,40.7,339
2021-04-24 21:00:00,2.1,0.0,13.4,37.1,340
2021-04-24 22:00:00,1.3,0.0,12.5,33.1,348
2021-04-24 23:00:00,0.6,0.0,11.2,30.6,356
2021-04-25 00:00:00,0.0,0.0,11.5,28.4,358
2021-04-25 01:00:00,0.2,0.0,11.5,28.4,356
2021-04-25 02:00:00,0.0,0.0,10.1,27.0,360
2021-04-25 03:00:00,-0.4,0.0,9.5,24.5,9
2021-04-25 04:00:00,-0.7,0.0,7.8,22.7,13
2021-04-25 05:00:00,-0.8,0.0,6.9,19.1,9
2021-04-25 06:00:00,-0.4,0.0,8.3,20.2,360
2021-04-25 07:00:00,1.3,0.0,8.7,24.5,355
2021-04-25 08:00:00,3.3,0.0,10.8,30.2,360
2021-04-25 09:00:00,4.9,0.0,13.3,36.4,3
2021-04-25 10:00:00,6.1,0.0,13.7,38.2,3
2021-04-25 11:00:00,7.1,0.0,14.1,39.6,4
2021-04-25 12:00:00,7.7,0.0,14.5,39.6,6
2021-04-25 13:00:00,8.3,0.0,13.7,39.6,5
2021-04-25 14:00:00,9.0,0.0,15.7,42.1,351
2021-04-25 15:00:00,9.0,0.0,16.9,44.6,349
2021-04-25 16:00:00,8.5,0.0,19.0,49.0,335
2021-04-25 17:00:00,7.1,0.0,20.8,52.9,326
2021-04-25 18:00:00,6.0,0.0,19.5,52.9,330
2021-04-25 19:00:00,5.0,0.0,16.3,49.3,335
2021-04-25 20:00:00,3.8,0.0,13.4,41.4,336
2021-04-25 21:00:00,2.9,0.0,11.8,33.1,337
2021-04-25 22:00:00,3.1,0.0,9.9,29.2,341
2021-04-25 23:00:00,2.5,0.0,7.6,25.2,352
2021-04-26 00:00:00,2.9,0.0,4.5,19.1,14
2021-04-26 01:00:00,0.6,0.0,6.9,12.6,47
2021-04-26 02:00:00,1.8,0.0,3.1,13.3,69
2021-04-26 03:00:00,1.8,0.0,2.2,9.0,81
2021-04-26 04:00:00,0.9,0.0,1.8,7.2,101
2021-04-26 05:00:00,0.0,0.0,3.1,6.5,111
2021-04-26 06:00:00,0.4,0.0,4.4,9.4,99
2021-04-26 07:00:00,3.6,0.0,2.8,10.1,140
2021-04-26 08:00:00,5.7,0.0,3.5,12.6,156
2021-04-26 09:00:00,7.2,0.0,4.0,15.8,170
2021-04-26 10:00:00,8.2,0.0,5.2,18.7,192
2021-04-26 11:00:00,9.1,0.0,5.3,20.2,208
2021-04-26 12:00:00,9.6,0.0,6.0,22.3,213
2021-04-26 13:00:00,8.7,0.0,5.4,25.2,250
2021-04-26 14:00:00,9.0,0.0,5.4,19.8,266
2021-04-26 15:00:00,8.5,0.0,7.6,22.7,275
2021-04-26 16:00:00,8.2,0.0,9.0,26.3,272
2021-04-26 17:00:00,7.9,0.0,8.3,25.9,272
2021-04-26 18:00:00,7.2,0.0,6.5,23.8,276
2021-04-26 19:00:00,6.5,0.0,3.7,18.4,299
2021-04-26 20:00:00,5.7,0.0,2.2,9.4,360
2021-04-26 21:00:00,5.5,0.0,1.9,4.0,112
2021-04-26 22:00:00,3.9,0.0,2.8,7.2,130
2021-04-26 23:00:00,3.4,0.0,3.6,8.6,135
2021-04-27 00:00:00,2.9,0.0,3.8,9.4,131
2021-04-27 01:00:00,1.5,0.0,3.5,9.0,114
2021-04-27 02:00:00,2.1,0.0,1.8,7.2,101
2021-04-27 03:00:00,1.4,0.0,2.3,6.5,108
2021-04-27 04:00:00,0.9,0.0,2.3,6.5,108
2021-04-27 05:00:00,0.7,0.0,2.9,6.1,90
2021-04-27 06:00:00,2.7,0.0,2.7,6.5,67
2021-04-27 07:00:00,4.9,0.0,2.6,9.0,34
2021-04-27 08:00:00,6.2,0.0,4.0,13.3,355
2021-04-27 09:00:00,7.2,0.0,6.0,19.1,343
2021-04-27 10:00:00,8.4,0.0,6.2,20.2,350
2021-04-27 11:00:00,9.4,0.0,7.3,22.7,349
2021-04-27 12:00:00,9.7,0.0,7.8,24.1,326
2021-04-27 13:00:00,7.4,0.0,11.7,27.0,288
2021-04-27 14:00:00,8.3,0.2,11.3,33.1,277
2021-04-27 15:00:00,7.6,0.1,13.7,36.0,273
2021-04-27 16:00:00,7.8,0.0,12.0,36.4,279
2021-04-27 17:00:00,7.9,0.0,10.5,31.7,286
2021-04-27 18:00:00,7.7,0.0,10.1,28.8,287
2021-04-27 19:00:00,7.0,0.0,8.4,26.3,280
2021-04-27 20:00:00,5.7,0.0,6.5,20.2,289
2021-04-27 21:00:00,3.8,0.0,4.7,15.8,351
2021-04-27 22:00:00,2.5,0.0,3.1,11.9,69
2021-04-27 23:00:00,1.5,0.0,2.7,7.9,113
2021-04-28 00:00:00,0.7,0.0,4.3,8.6,132
2021-04-28 01:00:00,-0.6,0.0,3.4,11.2,122
2021-04-28 02:00:00,0.2,0.0,4.7,10.1,122
2021-04-28 03:00:00,0.2,0.0,5.2,10.1,124
2021-04-28 04:00:00,0.5,0.0,4.1,10.4,128
2021-04-28 05:00:00,0.1,0.0,4.3,8.3,138
2021-04-28 06:00:00,2.1,0.0,3.6,7.6,143
2021-04-28 07:00:00,4.5,0.0,3.0,9.0,194
2021-04-28 08:00:00,6.5,0.0,2.9,12.2,240
2021-04-28 09:00:00,7.6,0.0,3.6,15.1,270
2021-04-28 10:00:00,8.5,0.0,5.8,19.4,270
2021-04-28 11:00:00,8.9,0.0,7.9,25.2,267
2021-04-28 12:00:00,8.7,0.0,9.4,27.4,274
2021-04-28 13:00:00,8.5,0.0,6.6,28.4,279
2021-04-28 14:00:00,9.2,0.0,5.9,21.2,284
2021-04-28 15:00:00,8.7,0.0,6.4,20.9,286
2021-04-28 16:00:00,8.8,0.0,5.8,20.5,292
2021-04-28 17:00:00,8.4,0.0,5.6,19.1,297
2021-04-28 18:00:00,7.7,0.0,6.7,18.0,306
2021-04-28 19:00:00,6.8,0.0,4.2,18.0,329
2021-04-28 20:00:00,5.7,0.0,3.2,9.4,27
2021-04-28 21:00:00,4.5,0.0,3.3,7.2,84
2021-04-28 22:00:00,2.6,0.0,3.7,8.6,79
2021-04-28 23:00:00,1.9,0.0,3.4,8.3,72
2021-04-29 00:00:00,1.1,0.0,4.8,10.1,77
2021-04-29 01:00:00,-1.0,0.0,3.6,10.1,84
2021-04-29 02:00:00,0.6,0.0,5.2,10.4,74
2021-04-29 03:00:00,0.2,0.0,6.3,12.6,77
2021-04-29 04:00:00,-0.2,0.0,6.2,13.0,80
2021-04-29 05:00:00,-0.8,0.0,5.8,13.0,86
2021-04-29 06:00:00,0.4,0.0,4.7,11.9,81
2021-04-29 07:00:00,4.8,0.0,3.2,11.2,63
2021-04-29 08:00:00,7.9,0.0,1.0,9.7,45
2021-04-29 09:00:00,9.2,0.0,1.5,11.2,315
2021-04-29 10:00:00,9.5,0.0,3.9,15.5,292
2021-04-29 11:00:00,9.7,0.0,6.6,20.9,292
2021-04-29 12:00:00,10.1,0.1,7.4,23.8,293
2021-04-29 13:00:00,9.8,0.0,7.6,23.8,315
2021-04-29 14:00:00,10.0,0.0,8.9,27.4,320
2021-04-29 15:00:00,10.3,0.0,8.9,27.4,320
2021-04-29 16:00:00,10.0,0.0,9.2,26.3,321
2021-04-29 17:00:00,10.0,0.1,7.4,26.3,317
2021-04-29 18:00:00,9.5,0.0,5.9,21.6,284
2021-04-29 19:00:00,8.6,0.0,5.5,16.2,247
2021-04-29 20:00:00,6.5,0.0,3.8,12.2,221
2021-04-29 21:00:00,4.9,0.0,3.8,6.1,131
2021-04-29 22:00:00,3.6,0.0,3.3,7.9,103
2021-04-29 23:00:00,3.0,0.0,2.5,7.2,90
2021-04-30 00:00:00,1.9,0.0,4.3,9.4,85
2021-04-30 01:00:00,-0.6,0.0,6.6,10.1,99
2021-04-30 02:00:00,0.4,0.0,6.2,15.8,100
2021-04-30 03:00:00,0.1,0.0,5.8,13.0,90
2021-04-30 04:00:00,-0.2,0.0,5.1,11.9,94
2021-04-30 05:00:00,-0.3,0.0,5.2,11.2,102
2021-04-30 06:00:00,1.6,0.0,5.8,11.9,120
2021-04-30 07:00:00,5.3,0.0,4.3,12.2,180
2021-04-30 08:00:00,7.8,0.0,5.4,15.1,200
2021-04-30 09:00:00,8.8,0.0,4.8,18.7,222
2021-04-30 10:00:00,9.8,0.0,4.4,17.6,261
2021-04-30 11:00:00,10.0,0.0,7.0,22.7,282
2021-04-30 12:00:00,9.1,0.1,9.0,26.3,293
2021-04-30 13:00:00,9.2,0.3,7.6,26.3,278
2021-04-30 14:00:00,9.3,0.5,7.6,25.6,273
2021-04-30 15:00:00,9.4,0.1,5.1,23.4,262
2021-04-30 16:00:00,9.6,0.0,5.2,18.7,254
2021-04-30 17:00:00,9.4,0.0,6.2,19.1,263
2021-04-30 18:00:00,8.9,0.0,6.8,19.4,273
2021-04-30 19:00:00,8.1,0.0,5.6,19.1,285
2021-04-30 20:00:00,6.2,0.0,4.1,13.3,285
2021-04-30 21:00:00,6.4,0.0,3.9,9.4,326
2021-04-30 22:00:00,5.6,0.0,1.1,6.5,108
2021-04-30 23:00:00,2.2,0.0,3.1,7.2,126
2021-05-01 00:00:00,2.0,0.0,5.1,10.8,129
2021-05-01 01:00:00,1.8,0.0,6.9,14.0,137
2021-05-01 02:00:00,2.6,0.0,8.4,18.7,140
2021-05-01 03:00:00,2.4,0.0,8.9,19.4,140
2021-05-01 04:00:00,2.2,0.0,8.4,19.4,140
2021-05-01 05:00:00,2.0,0.0,8.4,19.1,137
2021-05-01 06:00:00,3.1,0.0,8.2,19.1,139
2021-05-01 07:00:00,5.5,0.0,7.4,19.8,151
2021-05-01 08:00:00,6.6,0.0,10.0,27.7,167
2021-05-01 09:00:00,7.2,0.0,10.2,28.4,170
2021-05-01 10:00:00,7.9,0.2,9.8,28.8,172
2021-05-01 11:00:00,8.9,0.3,9.7,28.8,182
2021-05-01 12:00:00,9.2,0.3,10.1,29.5,186
2021-05-01 13:00:00,9.4,0.2,6.6,29.5,209
2021-05-01 14:00:00,9.5,0.1,6.7,23.0,234
2021-05-01 15:00:00,9.3,0.1,5.5,22.3,247
2021-05-01 16:00:00,9.4,0.0,4.0,19.4,275
2021-05-01 17:00:00,9.6,0.0,4.2,15.8,290
2021-05-01 18:00:00,9.0,0.0,7.6,20.9,295
2021-05-01 19:00:00,8.0,0.0,6.2,21.6,306
2021-05-01 20:00:00,6.2,0.0,3.3,15.1,283
2021-05-01 21:00:00,6.3,0.0,2.3,6.8,231
2021-05-01 22:00:00,3.1,0.0,3.1,5.8,159
2021-05-01 23:00:00,3.0,0.0,3.8,8.3,139
2021-05-02 00:00:00,1.9,0.0,4.8,10.8,132
2021-05-02 01:00:00,0.3,0.0,4.0,11.2,117
2021-05-02 02:00:00,1.7,0.0,5.9,11.5,128
2021-05-02 03:00:00,1.7,0.0,5.4,12.2,138
2021-05-02 04:00:00,1.7,0.0,4.9,11.5,144
2021-05-02 05:00:00,2.0,0.0,4.2,10.8,149
2021-05-02 06:00:00,3.3,0.0,5.4,10.4,160
2021-05-02 07:00:00,5.8,0.0,4.3,12.6,175
2021-05-02 08:00:00,7.3,0.0,5.1,20.9,188
2021-05-02 09:00:00,7.9,0.1,5.6,18.7,195
2021-05-02 10:00:00,8.2,0.1,6.8,21.2,198
2021-05-02 11:00:00,8.7,0.0,7.9,24.1,204
2021-05-02 12:00:00,9.0,0.2,7.7,24.5,217
2021-05-02 13:00:00,8.8,0.1,8.7,24.5,197
2021-05-02 14:00:00,9.0,0.3,6.3,24.1,239
2021-05-02 15:00:00,8.5,0.5,6.2,21.6,260
2021-05-02 16:00:00,8.2,0.2,5.8,20.5,266
2021-05-02 17:00:00,7.9,0.1,5.4,19.4,274
2021-05-02 18:00:00,7.6,0.0,6.0,17.3,253
2021-05-02 19:00:00,6.9,0.0,5.8,18.0,248
2021-05-02 20:00:00,6.1,0.1,2.8,14.8,220
2021-05-02 21:00:00,5.8,0.0,1.1,4.7,90
2021-05-02 22:00:00,5.3,0.0,0.8,2.5,117
2021-05-02 23:00:00,3.0,0.1,4.1,6.8,225
2021-05-03 00:00:00,2.7,0.1,4.2,7.9,211
2021-05-03 01:00:00,4.1,0.3,4.1,7.9,255
2021-05-03 02:00:00,3.9,0.2,2.5,7.9,135
2021-05-03 03:00:00,2.9,0.2,3.9,7.6,146
2021-05-03 04:00:00,2.2,0.1,3.7,8.6,151
2021-05-03 05:00:00,2.4,0.2,3.6,8.3,143
2021-05-03 06:00:00,3.1,0.4,1.0,7.2,45
2021-05-03 07:00:00,3.6,0.3,1.6,6.8,333
2021-05-03 08:00:00,4.1,0.3,1.8,12.6,307
2021-05-03 09:00:00,4.5,0.1,3.4,12.2,302
2021-05-03 10:00:00,4.5,0.4,3.8,13.7,319
2021-05-03 11:00:00,5.7,0.1,4.2,16.9,329
2021-05-03 12:00:00,6.2,0.1,4.4,17.3,325
2021-05-03 13:00:00,6.9,0.1,7.6,22.3,295
2021-05-03 14:00:00,7.9,0.0,11.9,33.1,295
2021-05-03 15:00:00,7.4,0.1,11.7,34.6,304
2021-05-03 16:00:00,7.2,0.0,9.2,32.4,301
2021-05-03 17:00:00,7.0,0.1,9.5,27.0,295
2021-05-03 18:00:00,6.2,0.0,8.9,26.6,302
2021-05-03 19:00:00,5.8,0.0,7.3,24.5,327
2021-05-03 20:00:00,4.6,0.0,3.6,18.4,323
2021-05-03 21:00:00,3.6,0.0,6.1,13.0,357
2021-05-03 22:00:00,2.7,0.0,6.6,15.5,22
2021-05-03 23:00:00,1.4,0.0,4.6,14.4,51
2021-05-04 00:00:00,0.7,0.0,3.8,10.1,73
2021-05-04 01:00:00,0.1,0.0,5.4,11.2,70
2021-05-04 02:00:00,1.1,0.0,7.3,14.8,70
2021-05-04 03:00:00,0.8,0.0,7.7,15.8,62
2021-05-04 04:00:00,0.9,0.0,9.2,19.4,48
2021-05-04 05:00:00,1.0,0.0,9.4,22.0,43
2021-05-04 06:00:00,1.8,0.0,8.7,22.0,38
2021-05-04 07:00:00,3.2,0.0,7.4,20.5,39
2021-05-04 08:00:00,5.1,0.0,6.4,19.8,52
2021-05-04 09:00:00,7.1,0.0,5.5,19.1,58
2021-05-04 10:00:00,8.7,0.0,5.2,18.4,56
2021-05-04 11:00:00,9.6,0.0,7.4,23.0,61
2021-05-04 12:00:00,10.7,0.0,9.7,28.8,75
2021-05-04 13:00:00,10.9,0.0,7.6,30.2,45
2021-05-04 14:00:00,11.4,0.0,8.1,25.2,69
2021-05-04 15:00:00,11.3,0.0,10.7,30.2,76
2021-05-04 16:00:00,11.4,0.0,13.6,36.7,79
2021-05-04 17:00:00,10.5,0.0,14.7,38.2,79
2021-05-04 18:00:00,10.0,0.0,13.7,38.2,76
2021-05-04 19:00:00,9.1,0.0,9.9,35.3,57
2021-05-04 20:00:00,7.5,0.0,9.1,25.6,34
2021-05-04 21:00:00,6.0,0.0,10.6,23.4,24
2021-05-04 22:00:00,5.5,0.0,10.6,25.2,28
2021-05-04 23:00:00,4.9,0.0,10.0,25.2,30
2021-05-05 00:00:00,4.2,0.0,9.8,23.4,36
2021-05-05 01:00:00,4.2,0.0,9.1,23.4,34
2021-05-05 02:00:00,4.2,0.0,9.1,20.9,34
2021-05-05 03:00:00,3.5,0.0,9.5,22.0,37
2021-05-05 04:00:00,3.0,0.0,9.7,22.7,48
2021-05-05 05:00:00,2.8,0.0,9.7,23.0,51
2021-05-05 06:00:00,4.5,0.0,9.2,23.0,42
2021-05-05 07:00:00,6.8,0.0,7.9,22.3,30
2021-05-05 08:00:00,8.3,0.0,8.7,24.8,52
2021-05-05 09:00:00,9.2,0.0,9.9,28.1,71
2021-05-05 10:00:00,9.8,0.0,9.5,28.1,65
2021-05-05 11:00:00,10.8,0.0,9.2,28.4,64
2021-05-05 12:00:00,12.2,0.0,9.3,28.8,62
2021-05-05 13:00:00,11.5,0.0,7.3,28.4,70
2021-05-05 14:00:00,11.8,0.0,7.2,23.0,53
2021-05-05 15:00:00,12.0,0.0,8.3,25.6,56
2021-05-05 16:00:00,11.6,0.0,9.0,25.9,67
2021-05-05 17:00:00,10.9,0.0,7.6,25.6,95
2021-05-05 18:00:00,10.6,0.0,7.3,22.3,160
2021-05-05 19:00:00,9.0,0.1,4.8,20.2,222
2021-05-05 20:00:00,8.2,0.0,3.2,11.2,243
2021-05-05 21:00:00,6.7,0.0,2.5,6.5,98
2021-05-05 22:00:00,6.0,0.0,4.3,10.8,114
2021-05-05 23:00:00,4.6,0.0,6.6,14.8,112
2021-05-06 00:00:00,3.6,0.0,7.4,16.2,113
2021-05-06 01:00:00,4.8,0.0,4.0,18.0,153
2021-05-06 02:00:00,5.4,0.0,4.6,11.2,141
2021-05-06 03:00:00,5.5,0.0,5.5,13.0,148
2021-05-06 04:00:00,5.8,0.4,7.1,17.6,150
2021-05-06 05:00:00,5.3,0.3,8.2,19.4,165
2021-05-06 06:00:00,5.8,0.4,9.2,20.5,169
2021-05-06 07:00:00,5.5,0.5,10.2,22.3,170
2021-05-06 08:00:00,4.7,0.7,10.7,25.6,168
2021-05-06 09:00:00,5.0,0.8,10.0,27.0,154
2021-05-06 10:00:00,5.1,0.5,9.2,25.6,141
2021-05-06 11:00:00,6.4,0.2,11.6,31.0,154
2021-05-06 12:00:00,6.5,0.3,11.9,32.4,166
2021-05-06 13:00:00,8.0,0.1,10.0,33.8,193
2021-05-06 14:00:00,8.2,0.0,8.4,28.1,187
2021-05-06 15:00:00,8.5,0.0,7.5,25.2,197
2021-05-06 16:00:00,9.5,0.1,6.4,24.1,223
2021-05-06 17:00:00,8.9,0.1,7.1,23.0,255
2021-05-06 18:00:00,6.1,1.6,3.5,23.0,294
2021-05-06 19:00:00,5.5,0.1,7.5,17.6,55
2021-05-06 20:00:00,5.1,0.1,6.2,18.7,83
2021-05-06 21:00:00,4.1,0.0,4.0,14.0,100
2021-05-06 22:00:00,2.3,0.0,4.6,9.7,108
2021-05-06 23:00:00,1.5,0.0,3.9,9.7,112
2021-05-07 00:00:00,1.7,0.0,2.2,7.2,99
2021-05-07 01:00:00,0.8,0.0,3.5,4.7,66
2021-05-07 02:00:00,0.2,0.0,5.3,9.0,62
2021-05-07 03:00:00,-0.2,0.0,5.6,10.1,75
2021-05-07 04:00:00,-0.7,0.0,5.2,9.4,78
2021-05-07 05:00:00,-0.3,0.0,4.9,9.0,73
2021-05-07 06:00:00,2.7,0.0,4.3,9.7,48
2021-05-07 07:00:00,5.2,0.0,1.9,10.1,338
2021-05-07 08:00:00,6.7,0.0,3.2,13.3,333
2021-05-07 09:00:00,8.0,0.0,5.5,21.6,328
2021-05-07 10:00:00,8.8,0.1,7.2,24.1,307
2021-05-07 11:00:00,8.9,0.1,9.7,29.2,292
2021-05-07 12:00:00,9.3,0.0,11.2,31.7,291
2021-05-07 13:00:00,9.6,0.0,12.7,35.3,299
2021-05-07 14:00:00,10.1,0.1,13.2,37.1,299
2021-05-07 15:00:00,10.5,0.0,15.2,40.3,306
2021-05-07 16:00:00,10.0,0.0,16.6,43.2,312
2021-05-07 17:00:00,9.5,0.0,18.4,47.2,320
2021-05-07 18:00:00,8.5,0.0,18.2,48.2,326
2021-05-07 19:00:00,7.3,0.0,15.8,46.1,330
2021-05-07 20:00:00,5.9,0.0,12.2,39.2,332
2021-05-07 21:00:00,4.3,0.0,10.0,29.5,330
2021-05-07 22:00:00,3.6,0.0,9.2,24.1,334
2021-05-07 23:00:00,3.3,0.0,7.4,21.2,337
2021-05-08 00:00:00,2.9,0.0,5.7,17.6,342
2021-05-08 01:00:00,1.3,0.0,7.6,14.8,3
2021-05-08 02:00:00,1.5,0.0,5.0,15.1,30
2021-05-08 03:00:00,1.5,0.0,3.1,11.2,69
2021-05-08 04:00:00,1.6,0.0,3.3,8.6,96
2021-05-08 05:00:00,1.5,0.0,4.8,8.6,103
2021-05-08 06:00:00,3.1,0.0,4.7,10.1,122
2021-05-08 07:00:00,5.1,0.0,3.0,10.1,166
2021-05-08 08:00:00,5.9,0.1,4.3,20.2,228
2021-05-08 09:00:00,6.8,0.1,4.3,22.0,228
2021-05-08 10:00:00,7.8,0.1,5.4,23.0,222
2021-05-08 11:00:00,8.3,0.2,7.9,26.3,231
2021-05-08 12:00:00,8.7,0.2,8.5,29.5,242
2021-05-08 13:00:00,8.4,0.1,8.8,34.6,235
2021-05-08 14:00:00,9.3,0.1,8.2,33.8,241
2021-05-08 15:00:00,9.3,0.1,7.1,33.8,240
2021-05-08 16:00:00,9.1,0.1,6.4,31.7,227
2021-05-08 17:00:00,8.4,0.1,5.8,22.0,210
2021-05-08 18:00:00,8.3,0.0,6.3,18.7,211
2021-05-08 19:00:00,7.6,0.0,4.3,18.0,222
2021-05-08 20:00:00,6.7,0.0,2.2,11.2,189
2021-05-08 21:00:00,5.2,0.0,2.2,6.8,81
2021-05-08 22:00:00,4.9,0.0,4.5,10.4,76
2021-05-08 23:00:00,4.2,0.0,7.2,15.8,84
2021-05-09 00:00:00,3.9,0.0,6.9,17.3,84
2021-05-09 01:00:00,3.6,0.0,4.3,16.2,85
2021-05-09 02:00:00,4.6,0.0,6.4,14.4,63
2021-05-09 03:00:00,4.8,0.1,8.4,19.1,59
2021-05-09 04:00:00,4.9,0.2,9.0,21.2,67
2021-05-09 05:00:00,4.8,0.5,11.1,25.9,61
2021-05-09 06:00:00,4.6,0.5,11.5,27.7,58
2021-05-09 07:00:00,4.8,0.2,9.5,27.0,53
2021-05-09 08:00:00,5.5,0.1,9.0,22.7,53
2021-05-09 09:00:00,6.0,0.1,7.3,22.0,79
2021-05-09 10:00:00,7.8,0.0,8.1,25.2,111
2021-05-09 11:00:00,9.5,0.0,9.4,27.7,122
2021-05-09 12:00:00,11.6,0.0,11.2,31.0,138
2021-05-09 13:00:00,13.5,0.0,14.6,45.0,160
2021-05-09 14:00:00,12.9,0.0,12.6,37.1,149
2021-05-09 15:00:00,13.2,0.1,12.8,35.3,148
2021-05-09 16:00:00,12.6,0.1,11.0,34.6,139
2021-05-09 17:00:00,13.1,0.0,12.5,33.1,139
2021-05-09 18:00:00,12.8,0.0,10.5,32.8,139
2021-05-09 19:00:00,12.6,0.0,11.6,31.7,144
2021-05-09 20:00:00,11.8,0.0,10.9,31.3,146
2021-05-09 21:00:00,10.0,0.6,10.3,37.4,144
2021-05-09 22:00:00,9.1,0.3,9.8,41.4,144
2021-05-09 23:00:00,8.4,0.8,12.6,31.7,149
2021-05-10 00:00:00,8.6,0.4,13.7,35.6,153
2021-05-10 01:00:00,8.6,0.3,9.2,34.9,149
2021-05-10 02:00:00,8.5,0.9,7.4,23.4,141
2021-05-10 03:00:00,8.3,0.9,7.1,20.2,139
2021-05-10 04:00:00,8.1,0.8,6.7,19.1,126
2021-05-10 05:00:00,8.0,0.2,5.4,18.0,110
2021-05-10 06:00:00,8.3,0.1,6.6,16.2,99
2021-05-10 07:00:00,9.2,0.1,7.9,19.1,90
2021-05-10 08:00:00,9.4,0.4,6.8,18.0,72
2021-05-10 09:00:00,9.4,1.0,8.2,17.6,61
2021-05-10 10:00:00,9.5,1.3,8.9,20.5,63
2021-05-10 11:00:00,10.0,1.9,7.9,20.5,74
2021-05-10 12:00:00,10.3,0.8,6.6,17.6,68
2021-05-10 13:00:00,11.9,0.2,8.4,19.4,43
2021-05-10 14:00:00,16.2,0.0,7.2,24.1,63
2021-05-10 15:00:00,17.0,0.2,8.6,24.1,75
2021-05-10 16:00:00,15.8,0.9,9.1,34.6,81
2021-05-10 17:00:00,13.0,2.3,9.0,44.3,90
2021-05-10 18:00:00,12.2,1.4,16.4,55.8,151
2021-05-10 19:00:00,11.4,0.5,33.0,83.2,160
2021-05-10 20:00:00,10.0,1.8,32.6,87.1,169
2021-05-10 21:00:00,9.8,0.7,29.4,82.1,168
2021-05-10 22:00:00,9.7,0.0,27.4,72.7,166
2021-05-10 23:00:00,9.5,0.0,25.4,68.8,164
2021-05-11 00:00:00,9.6,0.0,23.6,64.4,161
2021-05-11 01:00:00,9.5,0.0,21.3,60.1,156
2021-05-11 02:00:00,9.7,0.3,20.9,56.2,161
2021-05-11 03:00:00,9.7,0.4,21.5,55.8,162
2021-05-11 04:00:00,9.7,0.1,20.5,55.4,165
2021-05-11 05:00:00,9.8,0.0,20.8,53.3,166
2021-05-11 06:00:00,10.2,0.0,19.9,53.6,167
2021-05-11 07:00:00,10.6,0.0,18.5,51.5,167
2021-05-11 08:00:00,11.5,0.2,19.1,50.4,169
2021-05-11 09:00:00,12.6,0.0,25.1,63.0,173
2021-05-11 10:00:00,13.5,0.2,25.6,63.7,181
2021-05-11 11:00:00,14.5,0.1,25.9,65.9,182
2021-05-11 12:00:00,15.1,0.1,24.5,65.9,184
2021-05-11 13:00:00,15.1,0.2,25.7,62.6,186
2021-05-11 14:00:00,15.4,0.0,24.0,66.2,189
2021-05-11 15:00:00,14.9,0.0,21.5,62.3,194
2021-05-11 16:00:00,14.3,0.0,17.5,56.2,194
2021-05-11 17:00:00,13.5,0.0,14.4,46.8,193
2021-05-11 18:00:00,12.6,0.0,11.7,39.6,191
2021-05-11 19:00:00,11.4,0.0,7.9,32.8,180
2021-05-11 20:00:00,10.4,0.0,6.5,22.7,161
2021-05-11 21:00:00,8.8,0.0,9.0,21.2,151
2021-05-11 22:00:00,8.0,0.0,4.1,20.5,135
2021-05-11 23:00:00,7.6,0.0,3.1,11.2,126
2021-05-12 00:00:00,7.0,0.0,2.9,9.4,90
2021-05-12 01:00:00,6.0,0.0,6.2,7.9,83
2021-05-12 02:00:00,7.0,0.0,3.5,10.1,66
2021-05-12 03:00:00,6.6,0.0,4.1,8.6,38
2021-05-12 04:00:00,6.5,0.0,6.3,12.2,24
2021-05-12 05:00:00,6.9,0.0,9.4,20.2,4
2021-05-12 06:00:00,8.0,0.0,9.0,22.7,2
2021-05-12 07:00:00,9.9,0.0,8.7,24.5,355
2021-05-12 08:00:00,11.7,0.0,8.1,23.4,347
2021-05-12 09:00:00,13.2,0.0,9.1,25.9,342
2021-05-12 10:00:00,15.2,0.0,9.8,28.8,343
2021-05-12 11:00:00,17.0,0.0,8.9,28.8,339
2021-05-12 12:00:00,17.7,0.0,8.7,27.0,315
2021-05-12 13:00:00,17.7,0.0,7.0,29.9,325
2021-05-12 14:00:00,18.4,0.0,6.1,21.6,298
2021-05-12 15:00:00,17.6,0.0,9.6,26.3,283
2021-05-12 16:00:00,15.9,0.0,10.6,27.7,260
2021-05-12 17:00:00,15.3,0.0,7.6,27.4,239
2021-05-12 18:00:00,14.5,0.0,5.4,21.6,222
2021-05-12 19:00:00,14.0,0.0,6.6,17.3,202
2021-05-12 20:00:00,12.4,0.0,8.0,18.7,185
2021-05-12 21:00:00,11.8,0.0,8.8,20.5,171
2021-05-12 22:00:00,10.8,0.0,10.2,23.0,170
2021-05-12 23:00:00,9.7,0.0,10.9,25.9,163
2021-05-13 00:00:00,9.0,0.0,10.7,25.9,160
2021-05-13 01:00:00,7.7,0.0,10.7,25.2,160
2021-05-13 02:00:00,7.7,0.0,10.2,23.8,162
2021-05-13 03:00:00,7.6,0.0,10.1,23.4,176
2021-05-13 04:00:00,7.1,0.0,9.7,23.8,178
2021-05-13 05:00:00,7.4,0.0,9.8,24.5,172
2021-05-13 06:00:00,8.0,0.0,9.5,24.8,169
2021-05-13 07:00:00,9.2,0.0,9.3,26.3,164
2021-05-13 08:00:00,10.6,0.0,8.4,25.2,173
2021-05-13 09:00:00,12.0,0.0,6.8,24.1,183
2021-05-13 10:00:00,13.2,0.0,5.8,22.3,210
2021-05-13 11:00:00,13.7,0.0,6.0,20.5,245
2021-05-13 12:00:00,15.2,0.0,7.6,24.8,275
2021-05-13 13:00:00,13.5,0.0,10.2,33.8,288
2021-05-13 14:00:00,13.5,0.0,10.2,30.6,288
2021-05-13 15:00:00,13.2,0.0,10.8,31.0,285
2021-05-13 16:00:00,12.9,0.0,9.8,30.6,278
2021-05-13 17:00:00,12.3,0.0,9.0,28.1,272
2021-05-13 18:00:00,12.4,0.0,8.0,24.8,280
2021-05-13 19:00:00,12.4,0.0,6.3,22.0,294
2021-05-13 20:00:00,11.8,0.0,5.5,17.3,302
2021-05-13 21:00:00,10.4,0.0,3.8,13.3,311
2021-05-13 22:00:00,9.6,0.0,3.4,9.4,342
2021-05-13 23:00:00,10.0,0.0,3.3,9.7,13
2021-05-14 00:00:00,11.0,0.0,3.2,8.6,360
2021-05-14 01:00:00,10.1,0.0,2.7,7.2,203
2021-05-14 02:00:00,10.3,0.0,1.3,5.0,214
2021-05-14 03:00:00,9.9,0.0,2.9,4.3,277
2021-05-14 04:00:00,9.4,0.0,3.6,5.8,307
2021-05-14 05:00:00,9.2,0.0,2.6,5.0,196
2021-05-14 06:00:00,10.4,0.0,2.5,9.7,172
2021-05-14 07:00:00,12.7,0.0,0.8,8.6,207
2021-05-14 08:00:00,13.6,0.4,0.8,13.7,297
2021-05-14 09:00:00,13.2,0.5,2.6,13.7,304
2021-05-14 10:00:00,13.6,0.3,3.1,11.5,306
2021-05-14 11:00:00,14.8,0.0,4.0,14.8,275
2021-05-14 12:00:00,14.8,0.1,5.1,16.9,266
2021-05-14 13:00:00,15.6,0.1,2.2,18.4,261
2021-05-14 14:00:00,15.6,0.1,2.2,10.4,360
2021-05-14 15:00:00,17.0,0.0,1.8,12.6,11
2021-05-14 16:00:00,16.8,0.1,1.3,20.9,304
2021-05-14 17:00:00,15.8,0.3,2.1,20.9,239
2021-05-14 18:00:00,15.4,0.1,3.2,11.2,270
2021-05-14 19:00:00,14.7,0.0,3.1,11.5,291
2021-05-14 20:00:00,14.1,0.0,2.4,9.0,243
2021-05-14 21:00:00,12.4,0.0,3.8,7.2,253
2021-05-14 22:00:00,10.8,0.0,4.3,6.8,246
2021-05-14 23:00:00,10.8,0.0,2.9,6.5,210
2021-05-15 00:00:00,10.8,0.0,0.8,4.7,117
2021-05-15 01:00:00,11.4,0.0,2.4,5.8,63
2021-05-15 02:00:00,11.0,0.1,3.3,7.6,49
2021-05-15 03:00:00,10.9,0.0,3.7,9.7,61
2021-05-15 04:00:00,10.9,0.0,3.0,9.0,104
2021-05-15 05:00:00,11.1,0.0,4.9,11.2,144
2021-05-15 06:00:00,11.6,0.0,3.1,11.2,135
2021-05-15 07:00:00,12.5,0.0,1.3,9.7,146
2021-05-15 08:00:00,14.2,0.0,1.5,10.1,225
2021-05-15 09:00:00,15.2,0.0,3.8,14.8,197
2021-05-15 10:00:00,15.0,0.0,6.6,22.0,167
2021-05-15 11:00:00,15.0,0.0,10.5,27.7,164
2021-05-15 12:00:00,15.9,0.0,10.8,30.2,178
2021-05-15 13:00:00,15.8,0.0,7.8,31.7,202
2021-05-15 14:00:00,16.4,0.0,6.4,23.0,223
2021-05-15 15:00:00,15.6,0.1,8.9,28.1,256
2021-05-15 16:00:00,14.4,0.3,9.0,29.5,299
2021-05-15 17:00:00,13.5,0.1,8.2,25.6,319
2021-05-15 18:00:00,13.0,0.2,7.1,23.8,294
2021-05-15 19:00:00,12.2,0.2,6.4,20.2,308
2021-05-15 20:00:00,11.5,0.1,4.8,17.3,297
2021-05-15 21:00:00,9.8,0.1,3.6,11.9,276
2021-05-15 22:00:00,10.2,0.1,0.7,7.2,90
2021-05-15 23:00:00,9.3,0.0,1.3,2.9,124
2021-05-16 00:00:00,8.6,0.0,2.5,5.4,135
2021-05-16 01:00:00,8.4,0.0,4.1,8.3,165
2021-05-16 02:00:00,8.9,0.0,5.4,11.9,184
2021-05-16 03:00:00,9.1,0.1,5.8,13.3,180
2021-05-16 04:00:00,9.0,0.2,7.5,17.3,197
2021-05-16 05:00:00,8.8,0.1,8.7,20.2,197
2021-05-16 06:00:00,8.6,0.1,9.7,23.0,180
2021-05-16 07:00:00,8.6,0.1,9.8,25.6,172
2021-05-16 08:00:00,8.7,0.1,10.2,25.9,172
2021-05-16 09:00:00,9.2,0.1,12.3,30.6,187
2021-05-16 10:00:00,9.8,0.2,12.3,31.3,201
2021-05-16 11:00:00,9.7,0.2,12.8,32.0,202
2021-05-16 12:00:00,9.5,0.2,11.3,32.0,202
2021-05-16 13:00:00,9.3,0.3,10.6,31.0,208
2021-05-16 14:00:00,9.3,0.3,10.2,28.1,219
2021-05-16 15:00:00,9.4,0.2,8.2,25.9,218
2021-05-16 16:00:00,9.5,0.1,6.5,22.0,214
2021-05-16 17:00:00,9.8,0.0,3.4,18.4,198
2021-05-16 18:00:00,10.0,0.0,2.2,12.2,189
2021-05-16 19:00:00,9.9,0.0,2.0,9.4,315
2021-05-16 20:00:00,9.4,0.0,4.8,11.9,347
2021-05-16 21:00:00,8.3,0.0,4.3,11.5,355
2021-05-16 22:00:00,7.5,0.0,6.5,13.3,354
2021-05-16 23:00:00,7.1,0.0,7.6,15.8,357
2021-05-17 00:00:00,6.7,0.0,7.1,15.8,15
2021-05-17 01:00:00,6.7,0.0,6.2,15.1,7
2021-05-17 02:00:00,6.7,0.0,6.3,14.4,13
2021-05-17 03:00:00,6.6,0.0,7.0,15.8,12
2021-05-17 04:00:00,6.6,0.0,6.7,16.6,16
2021-05-17 05:00:00,7.0,0.0,6.0,15.8,17
2021-05-17 06:00:00,8.1,0.0,4.7,14.4,351
2021-05-17 07:00:00,9.6,0.0,5.8,17.3,338
2021-05-17 08:00:00,11.4,0.0,7.0,21.2,339
2021-05-17 09:00:00,12.9,0.1,5.6,22.0,333
2021-05-17 10:00:00,13.6,0.0,7.7,23.4,307
2021-05-17 11:00:00,13.9,0.0,11.5,32.8,309
2021-05-17 12:00:00,14.3,0.0,13.5,37.4,314
2021-05-17 13:00:00,13.4,0.0,13.8,40.7,311
2021-05-17 14:00:00,13.8,0.0,14.5,38.9,312
2021-05-17 15:00:00,13.8,0.0,15.6,41.4,308
2021-05-17 16:00:00,13.3,0.0,16.3,43.6,311
2021-05-17 17:00:00,12.3,0.0,16.8,43.6,313
2021-05-17 18:00:00,11.0,0.0,16.0,43.9,316
2021-05-17 19:00:00,10.1,0.0,15.1,41.4,320
2021-05-17 20:00:00,9.0,0.0,13.0,38.5,321
2021-05-17 21:00:00,7.7,0.0,11.2,32.0,327
2021-05-17 22:00:00,6.8,0.0,9.7,27.0,333
2021-05-17 23:00:00,6.2,0.0,8.4,23.0,335
2021-05-18 00:00:00,6.1,0.0,5.8,19.4,338
2021-05-18 01:00:00,5.8,0.0,6.6,14.8,311
2021-05-18 02:00:00,7.0,0.0,4.2,14.4,301
2021-05-18 03:00:00,6.3,0.0,3.9,10.4,248
2021-05-18 04:00:00,6.7,0.1,5.0,10.4,210
2021-05-18 05:00:00,6.8,0.2,6.0,13.3,197
2021-05-18 06:00:00,7.3,0.2,6.6,15.5,193
2021-05-18 07:00:00,7.9,0.3,6.6,17.6,189
2021-05-18 08:00:00,8.4,0.1,6.6,18.0,209
2021-05-18 09:00:00,9.4,0.1,8.2,22.7,229
2021-05-18 10:00:00,9.8,0.0,7.6,25.6,239
2021-05-18 11:00:00,10.2,0.1,7.9,27.4,240
2021-05-18 12:00:00,10.1,0.1,8.6,29.2,237
2021-05-18 13:00:00,9.3,0.1,6.9,30.6,223
2021-05-18 14:00:00,10.2,0.2,7.9,25.6,223
2021-05-18 15:00:00,10.8,0.1,8.4,27.0,227
2021-05-18 16:00:00,10.9,0.0,8.9,28.4,238
2021-05-18 17:00:00,10.8,0.0,9.5,29.5,245
2021-05-18 18:00:00,10.1,0.0,9.2,25.9,239
2021-05-18 19:00:00,9.4,0.1,8.7,24.8,222
2021-05-18 20:00:00,8.8,0.0,7.6,22.7,199
2021-05-18 21:00:00,7.8,0.0,8.0,19.1,175
2021-05-18 22:00:00,7.2,0.0,8.3,18.7,162
2021-05-18 23:00:00,7.1,0.1,8.7,20.2,150
2021-05-19 00:00:00,6.6,0.0,8.9,20.9,148
2021-05-19 01:00:00,6.9,0.0,7.1,21.6,139
2021-05-19 02:00:00,7.2,0.0,7.1,17.6,150
2021-05-19 03:00:00,7.4,0.2,8.1,19.1,159
2021-05-19 04:00:00,7.3,0.1,7.4,19.4,157
2021-05-19 05:00:00,7.6,0.1,8.4,20.2,160
2021-05-19 06:00:00,7.9,0.1,9.3,21.6,164
2021-05-19 07:00:00,8.1,0.4,9.4,22.3,176
2021-05-19 08:00:00,8.1,0.7,8.1,22.0,193
2021-05-19 09:00:00,8.7,0.5,5.6,19.1,220
2021-05-19 10:00:00,8.5,1.4,5.0,15.1,249
2021-05-19 11:00:00,8.6,0.4,4.6,16.2,288
2021-05-19 12:00:00,9.8,0.3,5.3,19.4,298
2021-05-19 13:00:00,8.7,0.2,4.8,23.8,297
2021-05-19 14:00:00,9.6,0.0,6.8,20.9,288
2021-05-19 15:00:00,10.4,0.0,8.4,25.2,295
2021-05-19 16:00:00,10.5,0.0,10.0,28.4,296
2021-05-19 17:00:00,10.2,0.0,10.0,28.8,296
2021-05-19 18:00:00,10.0,0.0,10.7,28.8,303
2021-05-19 19:00:00,9.4,0.0,9.2,28.4,318
2021-05-19 20:00:00,9.2,0.0,7.2,23.8,323
2021-05-19 21:00:00,8.5,0.3,6.8,18.4,328
2021-05-19 22:00:00,7.6,0.0,8.0,18.0,333
2021-05-19 23:00:00,7.1,0.0,7.6,18.7,335
2021-05-20 00:00:00,6.7,0.0,7.8,18.7,338
2021-05-20 01:00:00,6.2,0.0,9.3,19.1,332
2021-05-20 02:00:00,6.1,0.0,9.8,23.8,332
2021-05-20 03:00:00,6.3,0.0,11.6,27.7,334
2021-05-20 04:00:00,6.3,0.0,13.1,32.4,339
2021-05-20 05:00:00,6.6,0.0,13.4,33.5,340
2021-05-20 06:00:00,7.1,0.0,13.2,33.8,343
2021-05-20 07:00:00,7.9,0.0,13.7,36.4,346
2021-05-20 08:00:00,9.1,0.0,13.0,35.6,341
2021-05-20 09:00:00,10.0,0.0,11.4,34.6,325
2021-05-20 10:00:00,10.5,0.0,12.8,35.3,308
2021-05-20 11:00:00,10.6,0.0,14.2,39.2,297
2021-05-20 12:00:00,10.7,0.0,15.5,42.5,292
2021-05-20 13:00:00,10.1,0.0,13.6,43.9,292
2021-05-20 14:00:00,10.2,0.0,14.3,40.3,288
2021-05-20 15:00:00,10.4,0.0,14.0,40.7,288
2021-05-20 16:00:00,10.1,0.0,13.1,38.9,291
2021-05-20 17:00:00,9.9,0.0,11.1,36.7,299
2021-05-20 18:00:00,9.4,0.0,10.0,31.3,311
2021-05-20 19:00:00,8.8,0.0,10.0,27.7,319
2021-05-20 20:00:00,7.9,0.0,9.2,26.3,329
2021-05-20 21:00:00,6.4,0.0,9.2,22.7,339
2021-05-20 22:00:00,5.4,0.0,7.2,20.9,354
2021-05-20 23:00:00,4.8,0.0,5.6,15.8,15
2021-05-21 00:00:00,4.2,0.0,3.7,12.6,29
2021-05-21 01:00:00,4.0,0.0,4.8,8.6,48
2021-05-21 02:00:00,3.8,0.0,3.5,9.4,66
2021-05-21 03:00:00,3.3,0.0,5.5,11.9,67
2021-05-21 04:00:00,2.7,0.0,5.3,12.2,62
2021-05-21 05:00:00,3.0,0.0,6.1,12.6,62
2021-05-21 06:00:00,5.4,0.0,4.6,13.3,45
2021-05-21 07:00:00,7.2,0.0,3.7,12.6,29
2021-05-21 08:00:00,8.8,0.0,1.8,13.0,11
2021-05-21 09:00:00,10.3,0.0,1.5,11.9,346
2021-05-21 10:00:00,11.6,0.0,2.0,13.7,315
2021-05-21 11:00:00,12.5,0.0,4.7,18.7,302
2021-05-21 12:00:00,13.4,0.0,6.9,23.4,309
2021-05-21 13:00:00,13.3,0.0,8.0,25.6,288
2021-05-21 14:00:00,13.4,0.0,13.0,36.4,284
2021-05-21 15:00:00,12.4,0.0,15.8,41.8,291
2021-05-21 16:00:00,12.6,0.0,13.6,41.8,310
2021-05-21 17:00:00,12.7,0.0,12.0,37.1,316
2021-05-21 18:00:00,12.0,0.0,11.3,33.1,323
2021-05-21 19:00:00,11.4,0.0,10.1,29.9,325
2021-05-21 20:00:00,10.3,0.0,8.9,25.6,333
2021-05-21 21:00:00,9.0,0.0,8.0,20.9,352
2021-05-21 22:00:00,8.0,0.0,5.5,18.4,11
2021-05-21 23:00:00,6.8,0.0,3.9,13.3,22
2021-05-22 00:00:00,6.0,0.0,3.6,9.7,37
2021-05-22 01:00:00,4.4,0.0,7.1,8.6,41
2021-05-22 02:00:00,5.9,0.0,5.1,11.9,45
2021-05-22 03:00:00,6.0,0.0,5.2,11.9,74
2021-05-22 04:00:00,6.6,0.0,4.7,12.2,90
2021-05-22 05:00:00,7.0,0.0,5.5,12.2,113
2021-05-22 06:00:00,9.1,0.0,4.4,13.0,125
2021-05-22 07:00:00,11.7,0.0,0.8,10.8,27
2021-05-22 08:00:00,13.3,0.0,2.6,12.2,56
2021-05-22 09:00:00,14.3,0.0,2.4,13.7,63
2021-05-22 10:00:00,14.8,0.0,2.9,14.0,173
2021-05-22 11:00:00,14.8,0.0,2.5,18.7,262
2021-05-22 12:00:00,15.2,0.0,4.3,16.2,275
2021-05-22 13:00:00,13.1,0.0,6.8,25.6,252
2021-05-22 14:00:00,14.6,0.0,6.3,27.4,336
2021-05-22 15:00:00,14.3,0.2,8.6,29.9,345
2021-05-22 16:00:00,14.1,0.1,7.8,29.9,347
2021-05-22 17:00:00,14.3,0.0,5.9,23.8,317
2021-05-22 18:00:00,14.3,0.0,6.0,19.1,295
2021-05-22 19:00:00,13.8,0.0,6.0,18.7,303
2021-05-22 20:00:00,12.5,0.0,3.9,16.2,158
2021-05-22 21:00:00,11.3,0.0,5.1,11.5,176
2021-05-22 22:00:00,10.5,0.1,6.6,12.2,167
2021-05-22 23:00:00,9.6,0.0,9.3,19.4,167
2021-05-23 00:00:00,8.5,0.0,9.2,21.6,169
2021-05-23 01:00:00,8.5,0.0,5.4,20.5,180
2021-05-23 02:00:00,9.6,1.4,0.7,11.5,270
2021-05-23 03:00:00,9.5,1.3,1.8,8.6,37
2021-05-23 04:00:00,7.7,1.3,3.7,10.4,11
2021-05-23 05:00:00,9.1,1.5,3.2,11.9,360
2021-05-23 06:00:00,9.2,0.9,3.7,13.3,29
2021-05-23 07:00:00,10.0,0.0,3.1,11.5,21
2021-05-23 08:00:00,11.4,0.0,2.2,12.6,360
2021-05-23 09:00:00,12.8,0.1,1.8,15.5,281
2021-05-23 10:00:00,13.8,0.1,5.6,26.3,285
2021-05-23 11:00:00,14.4,0.1,10.5,31.7,276
2021-05-23 12:00:00,12.5,3.1,6.5,32.8,276
2021-05-23 13:00:00,13.1,0.6,7.2,27.4,252
2021-05-23 14:00:00,11.8,2.2,6.2,29.2,277
2021-05-23 15:00:00,11.4,0.2,4.8,27.0,333
2021-05-23 16:00:00,12.5,0.1,3.4,16.9,302
2021-05-23 17:00:00,11.7,0.0,6.8,19.8,302
2021-05-23 18:00:00,11.4,0.0,6.8,21.2,295
2021-05-23 19:00:00,11.0,0.0,5.2,20.2,286
2021-05-23 20:00:00,10.6,0.1,4.0,14.8,280
2021-05-23 21:00:00,9.9,0.4,4.3,10.4,270
2021-05-23 22:00:00,9.2,0.3,4.0,9.4,265
2021-05-23 23:00:00,8.8,0.3,5.2,11.2,236
2021-05-24 00:00:00,8.7,0.3,7.0,15.5,235
2021-05-24 01:00:00,8.5,0.4,5.2,15.8,245
2021-05-24 02:00:00,8.5,0.4,4.0,12.2,207
2021-05-24 03:00:00,8.4,0.3,4.0,11.5,207
2021-05-24 04:00:00,8.4,0.1,3.0,10.1,166
2021-05-24 05:00:00,8.3,0.1,5.8,13.3,150
2021-05-24 06:00:00,8.4,0.1,7.2,18.0,162
2021-05-24 07:00:00,8.5,0.0,8.3,19.4,182
2021-05-24 08:00:00,8.7,0.0,4.9,19.4,163
2021-05-24 09:00:00,9.4,0.0,3.8,15.1,107
2021-05-24 10:00:00,9.8,0.0,4.1,14.8,75
2021-05-24 11:00:00,12.1,0.1,5.5,29.2,113
2021-05-24 12:00:00,13.5,0.4,7.9,23.8,114
2021-05-24 13:00:00,14.1,0.4,7.2,27.4,143
2021-05-24 14:00:00,15.6,0.2,11.3,30.6,158
2021-05-24 15:00:00,15.4,0.0,13.8,35.3,152
2021-05-24 16:00:00,13.9,0.1,13.9,40.3,159
2021-05-24 17:00:00,12.0,0.4,5.2,35.3,168
2021-05-24 18:00:00,11.5,0.5,4.7,16.2,58
2021-05-24 19:00:00,11.3,0.2,5.0,14.8,60
2021-05-24 20:00:00,11.3,0.2,4.7,14.4,67
2021-05-24 21:00:00,10.9,0.3,6.0,16.2,73
2021-05-24 22:00:00,10.3,0.3,4.8,16.6,103
2021-05-24 23:00:00,9.3,0.1,3.2,14.8,117
2021-05-25 00:00:00,9.5,0.1,0.8,11.2,63
2021-05-25 01:00:00,9.2,0.2,6.0,9.4,33
2021-05-25 02:00:00,9.1,0.4,4.8,13.0,27
2021-05-25 03:00:00,8.7,0.4,5.5,13.0,23
2021-05-25 04:00:00,8.5,0.3,4.7,13.0,32
2021-05-25 05:00:00,8.7,0.3,5.2,12.6,34
2021-05-25 06:00:00,9.1,0.3,6.1,15.1,40
2021-05-25 07:00:00,9.9,0.1,6.6,16.9,41
2021-05-25 08:00:00,10.8,0.1,6.6,16.9,41
2021-05-25 09:00:00,11.7,0.0,6.8,17.3,32
2021-05-25 10:00:00,13.0,0.0,6.1,18.4,28
2021-05-25 11:00:00,15.1,0.0,6.4,20.2,47
2021-05-25 12:00:00,15.4,0.0,8.4,22.3,59
2021-05-25 13:00:00,14.9,0.0,12.0,29.5,69
2021-05-25 14:00:00,15.0,0.1,13.7,35.3,55
2021-05-25 15:00:00,15.4,0.0,14.5,37.8,42
2021-05-25 16:00:00,15.4,0.0,15.1,39.6,38
2021-05-25 17:00:00,15.5,0.0,14.1,39.6,40
2021-05-25 18:00:00,15.1,0.0,12.6,36.7,31
2021-05-25 19:00:00,14.7,0.0,11.6,32.8,30
2021-05-25 20:00:00,14.2,0.0,10.5,30.6,31
2021-05-25 21:00:00,13.0,0.0,9.5,27.7,29
2021-05-25 22:00:00,11.8,0.0,8.4,24.1,40
2021-05-25 23:00:00,10.9,0.0,6.8,20.9,58
2021-05-26 00:00:00,10.1,0.0,6.8,17.6,65
2021-05-26 01:00:00,8.9,0.0,7.0,18.7,55
2021-05-26 02:00:00,9.2,0.0,8.2,18.4,49
2021-05-26 03:00:00,8.5,0.0,9.4,20.5,47
2021-05-26 04:00:00,8.3,0.0,9.7,22.3,51
2021-05-26 05:00:00,9.5,0.0,10.1,25.2,55
2021-05-26 06:00:00,11.6,0.0,10.3,27.0,54
2021-05-26 07:00:00,12.7,0.0,10.6,28.4,55
2021-05-26 08:00:00,14.8,0.0,11.2,30.6,48
2021-05-26 09:00:00,16.1,0.0,11.1,32.0,54
2021-05-26 10:00:00,17.4,0.0,10.6,31.7,55
2021-05-26 11:00:00,18.4,0.0,11.7,34.2,56
2021-05-26 12:00:00,19.6,0.0,10.3,34.6,54
2021-05-26 13:00:00,18.3,0.0,11.3,31.0,68
2021-05-26 14:00:00,18.8,0.0,10.9,32.0,63
2021-05-26 15:00:00,19.0,0.0,7.9,31.3,66
2021-05-26 16:00:00,18.3,0.0,3.2,22.3,333
2021-05-26 17:00:00,18.4,0.0,3.1,13.7,339
2021-05-26 18:00:00,18.2,0.0,3.5,10.4,66
2021-05-26 19:00:00,17.6,0.0,4.7,13.7,113
2021-05-26 20:00:00,16.3,0.0,5.2,12.6,168
2021-05-26 21:00:00,14.5,0.0,4.3,11.5,156
2021-05-26 22:00:00,12.7,0.0,3.3,10.1,131
2021-05-26 23:00:00,11.6,0.0,3.2,8.6,117
2021-05-27 00:00:00,10.5,0.0,4.7,11.2,122
2021-05-27 01:00:00,9.1,0.0,7.7,12.2,79
2021-05-27 02:00:00,9.5,0.0,8.7,18.0,73
2021-05-27 03:00:00,8.8,0.0,9.6,19.8,77
2021-05-27 04:00:00,8.2,0.0,9.7,20.2,75
2021-05-27 05:00:00,9.1,0.0,10.1,21.6,73
2021-05-27 06:00:00,11.9,0.0,8.8,22.0,71
2021-05-27 07:00:00,15.1,0.0,3.4,19.1,72
2021-05-27 08:00:00,16.9,0.0,1.3,11.9,34
2021-05-27 09:00:00,17.7,0.0,3.1,13.0,306
2021-05-27 10:00:00,18.2,0.0,7.7,23.4,298
2021-05-27 11:00:00,17.7,0.0,12.7,34.6,285
2021-05-27 12:00:00,17.4,0.0,13.1,37.1,286
2021-05-27 13:00:00,17.0,0.0,12.8,36.7,292
2021-05-27 14:00:00,17.8,0.0,12.0,36.4,303
2021-05-27 15:00:00,17.5,0.0,9.2,33.5,301
2021-05-27 16:00:00,16.8,0.0,9.1,26.6,279
2021-05-27 17:00:00,16.0,0.0,9.4,25.9,270
2021-05-27 18:00:00,15.6,0.0,7.4,25.6,256
2021-05-27 19:00:00,14.7,0.0,6.6,21.2,248
2021-05-27 20:00:00,13.6,0.0,5.2,17.6,236
2021-05-27 21:00:00,11.8,0.0,4.3,12.2,246
2021-05-27 22:00:00,9.4,0.0,4.4,8.3,261
2021-05-27 23:00:00,9.3,0.0,3.5,6.8,246
2021-05-28 00:00:00,8.1,0.0,3.5,7.6,204
2021-05-28 01:00:00,7.9,0.0,6.0,8.6,163
2021-05-28 02:00:00,8.4,0.0,5.4,14.0,143
2021-05-28 03:00:00,7.9,0.0,4.8,11.5,138
2021-05-28 04:00:00,7.4,0.0,4.9,10.8,163
2021-05-28 05:00:00,8.2,0.0,5.1,10.8,172
2021-05-28 06:00:00,10.0,0.0,3.8,11.5,163
2021-05-28 07:00:00,12.2,0.0,2.5,11.9,188
2021-05-28 08:00:00,14.2,0.0,3.4,14.4,238
2021-05-28 09:00:00,15.8,0.0,4.5,17.3,256
2021-05-28 10:00:00,17.0,0.0,6.8,22.0,270
2021-05-28 11:00:00,17.2,0.0,9.9,29.5,280
2021-05-28 12:00:00,16.9,0.0,10.7,31.7,282
2021-05-28 13:00:00,15.9,0.0,11.6,34.6,286
2021-05-28 14:00:00,16.1,0.0,12.2,35.6,284
2021-05-28 15:00:00,15.9,0.0,12.4,36.0,287
2021-05-28 16:00:00,15.8,0.0,12.3,35.3,291
2021-05-28 17:00:00,15.5,0.0,11.8,34.9,293
2021-05-28 18:00:00,15.0,0.0,10.6,33.1,294
2021-05-28 19:00:00,14.1,0.0,9.2,29.5,291
2021-05-28 20:00:00,13.0,0.0,6.5,24.8,289
2021-05-28 21:00:00,11.5,0.0,4.6,17.6,288
2021-05-28 22:00:00,9.6,0.0,4.3,11.9,312
2021-05-28 23:00:00,9.7,0.0,4.4,11.2,351
2021-05-29 00:00:00,9.9,0.0,3.4,9.4,18
2021-05-29 01:00:00,8.8,0.0,2.7,6.5,157
2021-05-29 02:00:00,8.0,0.0,3.1,6.8,159
2021-05-29 03:00:00,8.2,0.0,4.3,9.4,156
2021-05-29 04:00:00,8.0,0.0,4.1,9.7,142
2021-05-29 05:00:00,9.2,0.0,4.4,9.0,125
2021-05-29 06:00:00,11.5,0.0,3.7,10.1,151
2021-05-29 07:00:00,13.7,0.0,3.9,13.3,214
2021-05-29 08:00:00,15.2,0.0,5.4,17.6,250
2021-05-29 09:00:00,16.2,0.0,6.1,20.5,270
2021-05-29 10:00:00,17.3,0.0,6.5,22.3,276
2021-05-29 11:00:00,18.4,0.0,7.2,23.8,273
2021-05-29 12:00:00,18.9,0.0,9.0,27.4,272
2021-05-29 13:00:00,17.5,0.0,9.8,30.2,287
2021-05-29 14:00:00,17.7,0.0,10.5,31.3,286
2021-05-29 15:00:00,16.7,0.0,10.7,31.7,290
2021-05-29 16:00:00,15.4,0.0,10.0,31.3,291
2021-05-29 17:00:00,14.3,0.0,9.0,30.2,293
2021-05-29 18:00:00,13.6,0.0,7.7,27.7,298
2021-05-29 19:00:00,12.7,0.0,7.1,23.8,300
2021-05-29 20:00:00,11.5,0.0,6.6,21.2,299
2021-05-29 21:00:00,10.0,0.0,7.5,18.4,305
2021-05-29 22:00:00,9.1,0.0,6.8,16.6,335
2021-05-29 23:00:00,8.5,0.0,6.1,14.4,357
2021-05-30 00:00:00,7.9,0.0,5.1,13.0,8
2021-05-30 01:00:00,6.9,0.0,4.7,11.2,9
2021-05-30 02:00:00,7.4,0.0,5.5,11.9,349
2021-05-30 03:00:00,7.3,0.0,7.2,16.2,333
2021-05-30 04:00:00,7.3,0.0,8.8,21.6,341
2021-05-30 05:00:00,7.6,0.0,9.4,24.5,353
2021-05-30 06:00:00,8.1,0.0,8.0,24.5,8
2021-05-30 07:00:00,9.4,0.0,6.6,22.0,9
2021-05-30 08:00:00,11.6,0.0,5.1,19.8,356
2021-05-30 09:00:00,14.3,0.0,4.3,18.4,318
2021-05-30 10:00:00,15.7,0.0,8.7,26.6,300
2021-05-30 11:00:00,16.0,0.0,11.8,34.2,297
2021-05-30 12:00:00,16.7,0.0,10.6,34.2,298
2021-05-30 13:00:00,16.0,0.0,10.6,32.8,294
2021-05-30 14:00:00,17.2,0.0,9.6,32.4,290
2021-05-30 15:00:00,17.2,0.0,10.2,31.0,288
2021-05-30 16:00:00,16.6,0.0,10.8,31.7,285
2021-05-30 17:00:00,15.7,0.0,10.4,31.7,284
2021-05-30 18:00:00,14.6,0.0,9.7,29.9,292
2021-05-30 19:00:00,13.8,0.0,7.9,27.7,309
2021-05-30 20:00:00,13.0,0.0,5.9,22.3,308
2021-05-30 21:00:00,11.2,0.0,6.9,14.8,313
2021-05-30 22:00:00,9.6,0.0,6.8,14.0,328
2021-05-30 23:00:00,8.7,0.0,5.6,13.0,333
2021-05-31 00:00:00,7.8,0.0,3.9,10.8,338
2021-05-31 01:00:00,6.9,0.0,5.0,8.3,360
2021-05-31 02:00:00,7.4,0.0,3.8,7.2,17
2021-05-31 03:00:00,6.3,0.0,4.2,5.8,20
2021-05-31 04:00:00,6.4,0.0,3.2,6.5,27
2021-05-31 05:00:00,7.5,0.0,3.6,9.4,37
2021-05-31 06:00:00,8.8,0.0,2.4,10.1,27
2021-05-31 07:00:00,11.2,0.0,1.5,10.4,346
2021-05-31 08:00:00,14.0,0.0,2.9,13.7,300
2021-05-31 09:00:00,15.6,0.0,5.3,19.4,298
2021-05-31 10:00:00,16.9,0.0,6.6,23.0,299
2021-05-31 11:00:00,18.0,0.0,7.9,25.9,294
2021-05-31 12:00:00,18.5,0.0,9.9,30.2,289
2021-05-31 13:00:00,16.6,0.0,11.3,33.8,287
2021-05-31 14:00:00,16.4,0.0,10.9,34.2,287
2021-05-31 15:00:00,16.2,0.0,9.6,33.1,290
2021-05-31 16:00:00,16.5,0.0,8.3,29.9,288
2021-05-31 17:00:00,16.4,0.0,7.6,26.3,289
2021-05-31 18:00:00,15.4,0.0,8.3,24.1,288
2021-05-31 19:00:00,13.8,0.0,8.1,24.1,291
2021-05-31 20:00:00,12.4,0.0,6.4,22.3,297
2021-05-31 21:00:00,11.0,0.0,5.2,16.9,304
2021-05-31 22:00:00,9.7,0.0,3.7,10.8,331
2021-05-31 23:00:00,9.0,0.0,3.6,8.3,354
2021-06-01 00:00:00,8.1,0.0,4.4,8.3,351
2021-06-01 01:00:00,7.0,0.0,5.9,8.3,47
2021-06-01 02:00:00,7.0,0.0,5.2,9.0,34
2021-06-01 03:00:00,6.5,0.0,5.4,9.0,42
2021-06-01 04:00:00,7.4,0.0,4.4,9.0,55
2021-06-01 05:00:00,9.3,0.0,3.3,9.0,41
2021-06-01 06:00:00,11.7,0.0,3.6,9.7,315
2021-06-01 07:00:00,13.6,0.0,4.4,14.4,305
2021-06-01 08:00:00,15.3,0.0,5.1,17.6,309
2021-06-01 09:00:00,17.2,0.0,4.9,18.7,306
2021-06-01 10:00:00,19.1,0.0,5.6,20.5,297
2021-06-01 11:00:00,20.2,0.0,8.0,25.2,288
2021-06-01 12:00:00,20.3,0.0,9.8,29.5,287
2021-06-01 13:00:00,20.3,0.0,8.3,29.5,288
2021-06-01 14:00:00,21.3,0.0,8.6,26.6,292
2021-06-01 15:00:00,21.1,0.0,9.1,27.4,288
2021-06-01 16:00:00,19.9,0.0,9.3,27.7,286
2021-06-01 17:00:00,18.5,0.0,7.9,27.0,286
2021-06-01 18:00:00,17.1,0.0,7.3,24.1,290
2021-06-01 19:00:00,15.5,0.0,4.9,21.6,287
2021-06-01 20:00:00,14.1,0.0,3.8,15.5,287
2021-06-01 21:00:00,12.2,0.0,3.6,10.4,264
2021-06-01 22:00:00,10.2,0.0,3.2,7.2,243
2021-06-01 23:00:00,9.5,0.0,2.5,6.8,135
2021-06-02 00:00:00,9.8,0.0,3.8,9.7,163
2021-06-02 01:00:00,10.5,0.0,1.1,10.1,90
2021-06-02 02:00:00,9.5,0.0,2.6,7.6,124
2021-06-02 03:00:00,10.4,0.0,4.0,10.1,170
2021-06-02 04:00:00,11.2,0.0,5.7,13.7,162
2021-06-02 05:00:00,12.0,0.0,7.7,17.6,169
2021-06-02 06:00:00,13.5,0.0,8.7,20.2,163
2021-06-02 07:00:00,15.2,0.0,5.4,20.5,160
2021-06-02 08:00:00,16.3,0.0,5.1,15.5,176
2021-06-02 09:00:00,18.3,0.0,1.3,15.8,214
2021-06-02 10:00:00,20.1,0.0,1.9,12.6,338
2021-06-02 11:00:00,21.6,0.0,3.7,16.9,349
2021-06-02 12:00:00,22.7,0.0,3.3,16.9,311
2021-06-02 13:00:00,22.3,0.0,4.7,25.6,238
2021-06-02 14:00:00,21.9,0.0,6.9,23.4,276
2021-06-02 15:00:00,21.1,0.0,10.3,30.2,306
2021-06-02 16:00:00,21.4,0.0,10.7,32.4,318
2021-06-02 17:00:00,21.1,0.0,11.1,31.3,331
2021-06-02 18:00:00,20.7,0.0,10.8,31.0,339
2021-06-02 19:00:00,20.2,0.0,10.5,29.2,354
2021-06-02 20:00:00,19.0,0.0,6.4,25.9,344
2021-06-02 21:00:00,17.3,0.0,4.7,13.7,23
2021-06-02 22:00:00,15.8,0.0,5.0,14.0,90
2021-06-02 23:00:00,14.9,0.0,9.1,21.2,124
2021-06-03 00:00:00,14.3,0.0,8.2,21.6,128
2021-06-03 01:00:00,13.5,0.0,6.5,19.8,109
2021-06-03 02:00:00,12.7,0.0,5.8,17.3,94
2021-06-03 03:00:00,11.1,0.0,6.1,14.8,87
2021-06-03 04:00:00,10.3,0.0,6.5,15.5,87
2021-06-03 05:00:00,11.7,0.0,7.6,17.3,82
2021-06-03 06:00:00,15.6,0.0,8.8,19.8,81
2021-06-03 07:00:00,18.8,0.0,6.9,20.2,81
2021-06-03 08:00:00,20.5,0.0,8.3,23.8,92
2021-06-03 09:00:00,21.7,0.0,9.2,26.6,101
2021-06-03 10:00:00,22.7,0.0,9.7,29.2,105
2021-06-03 11:00:00,23.6,0.0,10.9,31.7,107
2021-06-03 12:00:00,24.3,0.0,12.1,34.2,120
2021-06-03 13:00:00,23.5,0.0,11.4,34.6,108
2021-06-03 14:00:00,23.7,0.0,10.5,32.0,117
2021-06-03 15:00:00,23.2,0.0,10.0,29.9,142
2021-06-03 16:00:00,22.4,0.0,8.9,29.5,153
2021-06-03 17:00:00,22.0,0.0,6.8,25.6,122
2021-06-03 18:00:00,22.1,0.0,8.4,23.0,115
2021-06-03 19:00:00,21.5,0.0,7.9,23.4,129
2021-06-03 20:00:00,20.3,0.0,6.9,20.5,141
2021-06-03 21:00:00,18.7,0.0,6.6,17.6,158
2021-06-03 22:00:00,17.0,0.0,5.1,17.3,141
2021-06-03 23:00:00,15.5,0.0,5.1,14.8,98
2021-06-04 00:00:00,13.6,0.0,7.3,16.9,81
2021-06-04 01:00:00,14.2,0.0,8.8,20.9,81
2021-06-04 02:00:00,14.2,0.0,9.7,22.0,75
2021-06-04 03:00:00,13.8,0.0,9.1,22.7,81
2021-06-04 04:00:00,13.3,0.0,8.4,22.3,80
2021-06-04 05:00:00,14.0,0.0,8.4,20.5,83
2021-06-04 06:00:00,16.3,0.0,7.6,20.9,90
2021-06-04 07:00:00,18.1,0.0,5.9,20.2,101
2021-06-04 08:00:00,20.1,0.0,8.9,24.8,137
2021-06-04 09:00:00,21.1,0.0,14.3,38.5,168
2021-06-04 10:00:00,21.6,0.0,14.9,41.8,172
2021-06-04 11:00:00,19.7,0.0,12.7,40.7,227
2021-06-04 12:00:00,17.3,0.0,11.9,33.8,241
2021-06-04 13:00:00,16.4,0.0,11.5,39.6,194
2021-06-04 14:00:00,16.2,0.2,9.4,30.2,148
2021-06-04 15:00:00,17.8,0.1,10.8,46.4,180
2021-06-04 16:00:00,17.1,0.1,12.5,48.2,198
2021-06-04 17:00:00,17.2,0.0,11.9,35.3,185
2021-06-04 18:00:00,17.8,0.0,10.8,33.1,178
2021-06-04 19:00:00,17.2,0.0,9.7,29.9,219
2021-06-04 20:00:00,15.9,0.0,7.9,27.0,227
2021-06-04 21:00:00,15.0,0.0,5.0,20.9,180
2021-06-04 22:00:00,13.9,0.0,5.7,13.3,125
2021-06-04 23:00:00,12.9,0.0,8.2,16.9,113
2021-06-05 00:00:00,12.4,0.0,7.8,16.9,103
2021-06-05 01:00:00,13.2,0.0,1.3,16.9,56
2021-06-05 02:00:00,13.3,0.0,2.0,5.4,315
2021-06-05 03:00:00,13.0,0.0,4.7,7.6,23
2021-06-05 04:00:00,12.6,0.0,6.6,12.6,29
2021-06-05 05:00:00,13.3,0.0,5.7,14.0,35
2021-06-05 06:00:00,14.8,0.0,2.5,12.2,45
2021-06-05 07:00:00,16.4,0.0,1.6,8.6,63
2021-06-05 08:00:00,18.2,0.0,0.4,8.6,180
2021-06-05 09:00:00,19.1,0.0,1.5,9.0,284
2021-06-05 10:00:00,20.2,0.0,1.6,11.2,297
2021-06-05 11:00:00,20.2,0.1,3.7,14.0,281
2021-06-05 12:00:00,19.6,0.0,7.2,22.0,273
2021-06-05 13:00:00,18.1,0.0,12.0,22.7,291
2021-06-05 14:00:00,16.8,0.0,8.5,32.4,298
2021-06-05 15:00:00,16.8,0.1,5.6,24.1,320
2021-06-05 16:00:00,18.1,0.0,5.7,18.7,342
2021-06-05 17:00:00,18.7,0.0,4.6,18.7,342
2021-06-05 18:00:00,19.1,0.0,4.3,15.5,318
2021-06-05 19:00:00,17.9,0.7,5.6,15.5,310
2021-06-05 20:00:00,17.0,0.0,4.0,13.3,297
2021-06-05 21:00:00,16.0,0.0,1.5,9.0,284
2021-06-05 22:00:00,15.1,0.0,1.8,5.8,127
2021-06-05 23:00:00,15.5,0.0,5.5,11.9,169
2021-06-06 00:00:00,15.5,0.0,7.9,23.8,183
2021-06-06 01:00:00,14.7,0.0,8.1,23.0,159
2021-06-06 02:00:00,14.2,0.0,7.9,19.4,177
2021-06-06 03:00:00,13.8,0.0,6.0,18.7,155
2021-06-06 04:00:00,13.1,0.0,6.4,14.4,153
2021-06-06 05:00:00,13.6,0.0,7.2,17.3,183
2021-06-06 06:00:00,13.7,0.3,5.2,17.3,192
2021-06-06 07:00:00,14.4,0.3,4.5,15.1,166
2021-06-06 08:00:00,14.9,0.1,3.0,14.8,194
2021-06-06 09:00:00,16.0,0.0,5.2,17.6,254
2021-06-06 10:00:00,16.6,0.0,6.1,19.4,270
2021-06-06 11:00:00,17.3,0.1,8.0,24.1,280
2021-06-06 12:00:00,17.1,0.3,10.7,30.2,282
2021-06-06 13:00:00,16.6,0.0,11.4,34.2,283
2021-06-06 14:00:00,17.0,0.0,11.0,33.8,293
2021-06-06 15:00:00,17.2,0.0,11.8,34.6,293
2021-06-06 16:00:00,16.6,0.0,12.2,35.3,289
2021-06-06 17:00:00,16.2,0.0,10.8,34.9,291
2021-06-06 18:00:00,15.9,0.0,9.8,31.0,298
2021-06-06 19:00:00,15.5,0.0,8.9,27.7,310
2021-06-06 20:00:00,14.8,0.0,7.9,24.8,317
2021-06-06 21:00:00,13.3,0.0,7.0,19.8,325
2021-06-06 22:00:00,11.9,0.0,6.8,15.5,335
2021-06-06 23:00:00,11.0,0.0,6.7,14.8,344
2021-06-07 00:00:00,10.3,0.0,6.5,14.8,360
2021-06-07 01:00:00,9.2,0.0,5.1,14.4,4
2021-06-07 02:00:00,9.4,0.0,4.9,14.4,17
2021-06-07 03:00:00,8.7,0.0,4.0,12.2,5
2021-06-07 04:00:00,8.7,0.0,5.4,12.2,360
2021-06-07 05:00:00,9.4,0.0,6.5,14.4,6
2021-06-07 06:00:00,11.1,0.0,4.4,14.4,351
2021-06-07 07:00:00,13.3,0.0,3.8,14.4,343
2021-06-07 08:00:00,15.6,0.0,4.1,16.2,322
2021-06-07 09:00:00,17.4,0.0,5.7,20.2,305
2021-06-07 10:00:00,18.6,0.0,7.6,24.5,289
2021-06-07 11:00:00,19.1,0.0,10.2,30.6,280
2021-06-07 12:00:00,19.4,0.0,9.9,32.0,280
2021-06-07 13:00:00,19.3,0.0,10.0,31.0,283
2021-06-07 14:00:00,19.7,0.0,11.7,33.8,281
2021-06-07 15:00:00,19.2,0.0,12.7,36.0,278
2021-06-07 16:00:00,18.1,0.0,13.2,38.5,281
2021-06-07 17:00:00,17.4,0.0,12.4,37.1,280
2021-06-07 18:00:00,15.9,0.0,12.2,35.6,284
2021-06-07 19:00:00,15.0,0.0,9.3,32.8,286
2021-06-07 20:00:00,13.9,0.0,7.8,25.2,283
2021-06-07 21:00:00,12.6,0.0,7.6,20.5,278
2021-06-07 22:00:00,11.6,0.0,6.3,17.3,283
2021-06-07 23:00:00,11.3,0.0,3.3,13.0,311
2021-06-08 00:00:00,10.3,0.0,4.0,7.9,360
2021-06-08 01:00:00,10.2,0.0,4.7,7.2,356
2021-06-08 02:00:00,11.0,0.0,3.0,7.6,14
2021-06-08 03:00:00,10.2,0.0,2.2,5.0,90
2021-06-08 04:00:00,10.0,0.0,1.5,4.7,104
2021-06-08 05:00:00,10.7,0.0,1.9,5.8,112
2021-06-08 06:00:00,11.9,0.0,2.9,10.1,120
2021-06-08 07:00:00,13.2,0.0,3.4,13.3,108
2021-06-08 08:00:00,15.0,0.0,2.3,13.7,162
2021-06-08 09:00:00,16.4,0.0,3.1,14.8,234
2021-06-08 10:00:00,17.3,0.0,5.1,19.4,262
2021-06-08 11:00:00,17.9,0.0,7.2,24.1,273
2021-06-08 12:00:00,18.3,0.0,9.1,28.4,277
2021-06-08 13:00:00,18.7,0.0,8.4,29.9,277
2021-06-08 14:00:00,19.0,0.0,8.8,28.4,279
2021-06-08 15:00:00,19.6,0.0,6.9,27.4,279
2021-06-08 16:00:00,19.8,0.0,6.8,23.8,273
2021-06-08 17:00:00,19.0,0.0,9.1,27.0,277
2021-06-08 18:00:00,18.1,0.0,8.0,27.0,275
2021-06-08 19:00:00,17.2,0.0,6.2,23.8,263
2021-06-08 20:00:00,16.2,0.0,5.0,18.4,240
2021-06-08 21:00:00,14.7,0.0,4.3,14.0,185
2021-06-08 22:00:00,13.1,0.0,6.9,15.8,152
2021-06-08 23:00:00,12.0,0.0,8.0,18.4,162
2021-06-09 00:00:00,11.3,0.0,9.2,21.6,159
2021-06-09 01:00:00,11.4,0.0,9.9,24.1,161
2021-06-09 02:00:00,11.7,0.0,10.5,25.6,174
2021-06-09 03:00:00,11.9,0.0,11.2,27.7,176
2021-06-09 04:00:00,12.3,0.0,11.7,28.8,171
2021-06-09 05:00:00,12.5,0.0,11.4,30.2,169
2021-06-09 06:00:00,13.2,0.0,12.4,33.1,170
2021-06-09 07:00:00,14.2,0.0,13.4,34.6,172
2021-06-09 08:00:00,15.6,0.0,14.6,38.5,170
2021-06-09 09:00:00,17.0,0.0,14.8,39.6,179
2021-06-09 10:00:00,17.9,0.0,16.3,43.6,186
2021-06-09 11:00:00,18.6,0.1,16.6,43.9,184
2021-06-09 12:00:00,19.1,0.1,17.1,45.0,187
2021-06-09 13:00:00,18.9,0.1,15.0,46.1,191
2021-06-09 14:00:00,19.8,0.0,14.7,42.1,197
2021-06-09 15:00:00,19.7,0.0,14.2,40.7,196
2021-06-09 16:00:00,18.7,0.0,14.4,40.0,193
2021-06-09 17:00:00,18.3,0.0,13.2,39.2,191
2021-06-09 18:00:00,17.5,0.0,12.7,36.4,187
2021-06-09 19:00:00,16.6,0.0,12.3,34.2,173
2021-06-09 20:00:00,15.1,0.1,10.1,33.1,176
2021-06-09 21:00:00,14.3,0.0,10.8,28.4,178
2021-06-09 22:00:00,13.7,0.5,10.2,28.8,162
2021-06-09 23:00:00,13.6,0.0,9.4,27.0,162
2021-06-10 00:00:00,14.0,0.2,13.0,32.4,166
2021-06-10 01:00:00,13.3,0.9,14.7,37.1,169
2021-06-10 02:00:00,13.0,1.3,13.4,38.5,160
2021-06-10 03:00:00,13.0,1.4,13.7,36.0,157
2021-06-10 04:00:00,13.1,1.2,14.8,38.2,166
2021-06-10 05:00:00,13.2,0.9,15.7,40.0,171
2021-06-10 06:00:00,13.3,0.9,15.5,40.3,168
2021-06-10 07:00:00,13.5,0.5,15.5,40.0,162
2021-06-10 08:00:00,14.1,0.1,16.6,41.8,162
2021-06-10 09:00:00,15.5,0.0,19.0,45.4,165
2021-06-10 10:00:00,16.2,0.0,18.8,46.4,168
2021-06-10 11:00:00,17.1,0.0,19.2,49.0,175
2021-06-10 12:00:00,17.8,0.0,18.4,49.0,181
2021-06-10 13:00:00,17.0,0.1,17.0,46.8,185
2021-06-10 14:00:00,16.6,0.2,15.1,42.1,179
2021-06-10 15:00:00,16.9,0.2,16.6,43.6,180
2021-06-10 16:00:00,16.5,0.1,16.6,42.8,180
2021-06-10 17:00:00,16.6,0.0,16.6,43.9,176
2021-06-10 18:00:00,17.3,0.0,18.0,49.3,182
2021-06-10 19:00:00,16.7,0.0,15.9,46.8,184
2021-06-10 20:00:00,16.3,0.0,14.8,43.9,181
2021-06-10 21:00:00,15.9,0.0,14.5,39.2,174
2021-06-10 22:00:00,15.7,0.0,15.5,40.3,177
2021-06-10 23:00:00,15.8,0.0,16.5,42.8,169
2021-06-11 00:00:00,15.6,0.0,16.9,44.3,164
2021-06-11 01:00:00,15.4,0.0,17.9,45.0,170
2021-06-11 02:00:00,15.6,0.2,19.3,50.8,171
2021-06-11 03:00:00,15.0,0.7,20.5,52.6,165
2021-06-11 04:00:00,14.9,0.2,19.5,52.6,161
2021-06-11 05:00:00,14.9,0.9,19.1,50.4,169
2021-06-11 06:00:00,14.5,1.7,18.8,49.3,173
2021-06-11 07:00:00,14.5,1.7,19.1,50.4,177
2021-06-11 08:00:00,14.6,1.0,20.9,53.6,179
2021-06-11 09:00:00,15.0,0.2,21.2,54.0,180
2021-06-11 10:00:00,14.5,0.9,20.2,52.6,180
2021-06-11 11:00:00,15.0,0.6,18.0,58.0,181
2021-06-11 12:00:00,15.0,0.5,19.6,53.3,186
2021-06-11 13:00:00,14.9,0.4,19.4,53.6,190
2021-06-11 14:00:00,15.5,0.3,15.8,49.7,197
2021-06-11 15:00:00,15.3,0.3,13.5,41.8,205
2021-06-11 16:00:00,15.2,0.3,11.1,36.0,205
2021-06-11 17:00:00,15.4,0.3,11.0,31.7,212
2021-06-11 18:00:00,14.2,2.7,13.0,36.0,222
2021-06-11 19:00:00,13.4,3.0,15.3,46.8,231
2021-06-11 20:00:00,12.8,1.6,16.4,42.8,255
2021-06-11 21:00:00,12.1,0.8,13.3,42.1,270
2021-06-11 22:00:00,11.6,0.6,14.7,35.6,301
2021-06-11 23:00:00,11.3,0.3,12.5,36.7,309
2021-06-12 00:00:00,10.9,0.1,11.4,30.2,298
2021-06-12 01:00:00,10.7,0.2,11.5,27.0,290
2021-06-12 02:00:00,10.3,0.1,10.9,27.4,279
2021-06-12 03:00:00,10.1,0.4,10.3,25.9,258
2021-06-12 04:00:00,9.7,0.7,8.9,27.0,249
2021-06-12 05:00:00,10.4,0.2,11.0,28.1,247
2021-06-12 06:00:00,10.8,0.2,10.5,28.8,243
2021-06-12 07:00:00,10.9,1.1,14.0,31.0,258
2021-06-12 08:00:00,11.5,1.0,13.1,37.4,262
2021-06-12 09:00:00,11.8,0.1,14.9,39.6,263
2021-06-12 10:00:00,12.1,0.1,15.5,43.6,265
2021-06-12 11:00:00,11.7,0.1,16.7,46.8,264
2021-06-12 12:00:00,12.3,0.2,13.7,44.6,268
2021-06-12 13:00:00,12.1,0.2,18.1,45.7,277
2021-06-12 14:00:00,12.5,0.1,17.3,50.0,274
2021-06-12 15:00:00,12.7,0.1,16.6,50.4,275
2021-06-12 16:00:00,12.4,0.1,15.6,48.6,277
2021-06-12 17:00:00,12.2,0.1,15.1,45.0,282
2021-06-12 18:00:00,11.8,0.0,14.6,42.5,286
2021-06-12 19:00:00,11.6,0.0,14.4,38.5,292
2021-06-12 20:00:00,11.0,0.0,13.0,36.7,294
2021-06-12 21:00:00,10.3,0.6,13.9,33.1,307
2021-06-12 22:00:00,9.5,0.5,14.1,36.4,320
2021-06-12 23:00:00,9.2,0.1,9.7,33.8,321
2021-06-13 00:00:00,9.0,0.1,8.1,23.8,315
2021-06-13 01:00:00,9.2,0.3,6.9,20.9,321
2021-06-13 02:00:00,9.5,0.1,4.7,19.1,302
2021-06-13 03:00:00,9.3,0.1,4.7,14.8,266
2021-06-13 04:00:00,9.1,0.1,3.1,13.0,216
2021-06-13 05:00:00,9.6,0.0,5.7,13.0,198
2021-06-13 06:00:00,10.2,0.0,4.9,13.7,197
2021-06-13 07:00:00,10.6,0.0,5.4,14.4,184
2021-06-13 08:00:00,11.0,0.1,7.7,20.2,191
2021-06-13 09:00:00,11.5,0.0,10.7,26.6,200
2021-06-13 10:00:00,11.9,0.0,14.4,36.0,193
2021-06-13 11:00:00,11.7,0.2,14.8,37.1,181
2021-06-13 12:00:00,11.7,0.6,17.0,42.1,185
2021-06-13 13:00:00,10.5,0.3,18.4,50.0,169
2021-06-13 14:00:00,10.9,0.5,18.9,47.9,167
2021-06-13 15:00:00,11.5,0.4,19.5,49.7,175
2021-06-13 16:00:00,11.5,0.9,18.0,49.3,168
2021-06-13 17:00:00,11.4,2.0,16.2,45.7,168
2021-06-13 18:00:00,11.3,2.0,16.6,41.4,162
2021-06-13 19:00:00,11.7,1.6,16.5,41.4,164
2021-06-13 20:00:00,12.0,2.8,16.3,41.0,174
2021-06-13 21:00:00,12.3,1.9,15.5,40.7,179
2021-06-13 22:00:00,12.4,1.4,14.4,38.9,181
2021-06-13 23:00:00,12.5,1.8,13.8,36.7,189
2021-06-14 00:00:00,12.5,2.4,13.5,36.4,196
2021-06-14 01:00:00,12.6,2.2,6.7,34.6,216
2021-06-14 02:00:00,12.3,2.4,5.4,17.6,233
2021-06-14 03:00:00,12.0,2.8,4.3,16.2,204
2021-06-14 04:00:00,11.9,2.9,7.9,38.5,223
2021-06-14 05:00:00,11.1,1.9,6.8,38.9,238
2021-06-14 06:00:00,10.9,0.6,5.9,18.0,191
2021-06-14 07:00:00,10.7,0.5,6.5,15.8,186
2021-06-14 08:00:00,10.9,0.3,5.5,16.6,203
2021-06-14 09:00:00,11.4,0.3,4.7,14.8,203
2021-06-14 10:00:00,11.3,0.6,5.6,14.8,230
2021-06-14 11:00:00,11.2,1.4,5.2,14.8,295
2021-06-14 12:00:00,11.6,1.7,13.2,29.2,281
2021-06-14 13:00:00,10.8,3.5,13.4,39.2,250
2021-06-14 14:00:00,11.4,0.4,13.6,34.6,248
2021-06-14 15:00:00,12.5,0.3,14.7,40.7,253
2021-06-14 16:00:00,11.6,1.1,13.5,40.0,245
2021-06-14 17:00:00,11.7,0.2,16.8,48.2,247
2021-06-14 18:00:00,11.5,0.1,17.9,48.6,240
2021-06-14 19:00:00,10.8,0.8,20.0,48.2,236
2021-06-14 20:00:00,10.1,1.7,20.2,51.5,239
2021-06-14 21:00:00,10.0,0.9,17.1,49.0,229
2021-06-14 22:00:00,9.6,2.0,18.3,45.4,238
2021-06-14 23:00:00,9.5,1.1,17.2,45.0,241
2021-06-15 00:00:00,9.4,1.1,16.7,42.8,245
2021-06-15 01:00:00,9.9,1.8,15.8,39.6,246
2021-06-15 02:00:00,9.9,1.2,15.9,40.0,245
2021-06-15 03:00:00,9.6,0.3,13.2,40.0,248
2021-06-15 04:00:00,9.8,0.4,14.9,33.8,263
2021-06-15 05:00:00,9.6,0.5,14.8,37.1,264
2021-06-15 06:00:00,9.9,0.1,13.2,35.3,287
2021-06-15 07:00:00,9.6,0.2,15.5,38.5,298
2021-06-15 08:00:00,9.7,0.1,16.7,41.0,307
2021-06-15 09:00:00,10.3,0.1,16.1,41.8,299
2021-06-15 10:00:00,10.4,0.1,18.4,47.5,305
2021-06-15 11:00:00,10.7,0.0,15.6,46.8,296
2021-06-15 12:00:00,11.6,0.0,14.4,42.1,292
2021-06-15 13:00:00,10.6,0.0,12.1,38.9,287
2021-06-15 14:00:00,11.7,0.0,10.6,33.8,280
2021-06-15 15:00:00,11.5,0.0,9.9,32.0,289
2021-06-15 16:00:00,11.0,0.0,8.8,28.8,282
2021-06-15 17:00:00,10.7,0.0,7.9,25.2,286
2021-06-15 18:00:00,10.6,0.0,6.3,22.7,294
2021-06-15 19:00:00,10.6,0.0,3.1,18.4,291
2021-06-15 20:00:00,10.3,0.0,5.4,14.0,270
2021-06-15 21:00:00,9.6,0.0,4.4,14.4,235
2021-06-15 22:00:00,9.0,0.0,6.5,15.1,180
2021-06-15 23:00:00,8.7,0.0,6.1,16.2,152
2021-06-16 00:00:00,8.7,0.0,8.1,20.2,135
2021-06-16 01:00:00,9.2,0.0,8.4,22.7,133
2021-06-16 02:00:00,9.4,0.0,10.1,27.0,153
2021-06-16 03:00:00,9.7,0.0,12.6,33.1,156
2021-06-16 04:00:00,9.8,0.0,14.5,36.7,150
2021-06-16 05:00:00,9.8,0.5,15.4,39.2,147
2021-06-16 06:00:00,9.5,0.4,16.7,42.1,143
2021-06-16 07:00:00,10.1,0.1,17.9,45.0,150
2021-06-16 08:00:00,11.0,0.1,20.0,50.8,157
2021-06-16 09:00:00,10.6,1.3,21.6,54.4,156
2021-06-16 10:00:00,10.3,1.1,20.8,55.4,154
2021-06-16 11:00:00,11.6,0.4,21.7,56.2,159
2021-06-16 12:00:00,12.9,0.8,21.4,57.6,163
2021-06-16 13:00:00,12.3,0.7,22.7,55.4,162
2021-06-16 14:00:00,14.1,0.1,22.0,59.8,165
2021-06-16 15:00:00,16.3,0.0,19.8,56.5,178
2021-06-16 16:00:00,16.9,0.0,22.7,57.6,180
2021-06-16 17:00:00,17.2,0.0,23.8,61.2,182
2021-06-16 18:00:00,16.9,0.0,23.1,61.9,182
2021-06-16 19:00:00,16.6,0.0,20.2,59.4,180
2021-06-16 20:00:00,16.0,0.0,21.6,56.5,179
2021-06-16 21:00:00,15.4,0.0,20.9,56.5,180
2021-06-16 22:00:00,15.1,0.0,20.2,54.7,180
2021-06-16 23:00:00,14.7,0.0,19.4,52.9,179
2021-06-17 00:00:00,14.6,0.1,17.7,50.4,176
2021-06-17 01:00:00,15.1,0.2,16.3,46.8,166
2021-06-17 02:00:00,14.8,0.0,14.4,41.8,167
2021-06-17 03:00:00,14.5,0.0,13.0,38.2,166
2021-06-17 04:00:00,14.5,0.0,12.9,35.3,167
2021-06-17 05:00:00,15.0,0.0,13.4,35.6,166
2021-06-17 06:00:00,15.7,0.0,13.4,36.0,160
2021-06-17 07:00:00,16.3,0.0,12.4,37.4,154
2021-06-17 08:00:00,16.9,0.1,13.0,35.6,161
2021-06-17 09:00:00,17.1,0.4,13.4,36.7,172
2021-06-17 10:00:00,15.2,1.0,14.0,38.5,168
2021-06-17 11:00:00,15.5,0.6,11.6,36.0,164
2021-06-17 12:00:00,16.5,0.4,7.6,30.6,188
2021-06-17 13:00:00,15.4,1.2,2.8,23.4,230
2021-06-17 14:00:00,15.4,0.7,4.2,14.4,200
2021-06-17 15:00:00,15.3,0.4,4.3,15.1,204
2021-06-17 16:00:00,15.0,0.2,2.3,15.1,162
2021-06-17 17:00:00,14.8,0.3,4.3,13.0,114
2021-06-17 18:00:00,14.8,0.7,4.0,12.2,90
2021-06-17 19:00:00,14.7,0.8,2.5,10.4,82
2021-06-17 20:00:00,14.4,1.0,2.5,7.6,45
2021-06-17 21:00:00,13.9,0.7,3.3,7.6,354
2021-06-17 22:00:00,14.0,0.4,7.4,14.8,313
2021-06-17 23:00:00,13.3,0.4,11.5,24.5,321
2021-06-18 00:00:00,12.4,0.4,11.7,27.4,326
2021-06-18 01:00:00,11.7,0.6,12.0,29.9,319
2021-06-18 02:00:00,10.9,0.6,12.7,31.3,325
2021-06-18 03:00:00,10.6,0.1,9.7,31.3,333
2021-06-18 04:00:00,10.6,0.0,8.2,24.1,337
2021-06-18 05:00:00,10.8,0.0,5.9,20.5,346
2021-06-18 06:00:00,11.2,0.0,4.1,16.2,308
2021-06-18 07:00:00,11.6,0.0,6.9,17.6,298
2021-06-18 08:00:00,12.8,0.0,9.6,25.9,290
2021-06-18 09:00:00,13.3,0.0,9.4,28.1,288
2021-06-18 10:00:00,14.0,0.0,10.2,29.9,293
2021-06-18 11:00:00,14.3,0.0,11.2,32.0,291
2021-06-18 12:00:00,14.4,0.0,11.8,34.2,293
2021-06-18 13:00:00,13.7,0.0,12.0,36.7,291
2021-06-18 14:00:00,14.1,0.0,12.9,36.7,297
2021-06-18 15:00:00,13.7,0.0,13.0,37.1,298
2021-06-18 16:00:00,13.8,0.0,13.3,36.7,303
2021-06-18 17:00:00,13.7,0.0,13.8,37.1,309
2021-06-18 18:00:00,13.2,0.0,13.8,37.1,319
2021-06-18 19:00:00,12.3,0.0,13.0,36.0,326
2021-06-18 20:00:00,11.6,0.0,12.7,33.1,331
2021-06-18 21:00:00,10.8,0.0,11.7,31.3,342
2021-06-18 22:00:00,9.9,0.0,10.9,28.1,343
2021-06-18 23:00:00,9.7,0.0,11.7,27.7,351
2021-06-19 00:00:00,9.5,0.0,10.6,27.7,350
2021-06-19 01:00:00,9.5,0.0,10.8,25.9,345
2021-06-19 02:00:00,9.2,0.0,10.1,26.6,354
2021-06-19 03:00:00,8.9,0.0,9.5,25.2,351
2021-06-19 04:00:00,9.0,0.0,8.6,23.8,345
2021-06-19 05:00:00,9.1,0.0,8.2,22.3,345
2021-06-19 06:00:00,9.5,0.0,8.0,22.3,350
2021-06-19 07:00:00,10.1,0.0,8.1,22.0,347
2021-06-19 08:00:00,10.6,0.2,5.0,20.9,339
2021-06-19 09:00:00,10.6,0.5,5.4,15.1,352
2021-06-19 10:00:00,10.9,1.1,5.1,15.1,356
2021-06-19 11:00:00,10.8,1.3,4.2,14.8,20
2021-06-19 12:00:00,11.0,1.1,4.1,13.0,322
2021-06-19 13:00:00,14.3,0.7,5.5,14.4,281
2021-06-19 14:00:00,16.5,0.0,7.6,24.5,295
2021-06-19 15:00:00,16.9,0.0,8.2,25.6,293
2021-06-19 16:00:00,16.7,0.0,11.0,31.0,281
2021-06-19 17:00:00,16.0,0.0,11.3,32.0,279
2021-06-19 18:00:00,15.4,0.0,11.4,32.0,288
2021-06-19 19:00:00,14.8,0.0,10.1,31.0,305
2021-06-19 20:00:00,13.8,0.0,8.5,26.3,298
2021-06-19 21:00:00,12.2,0.0,7.1,21.6,300
2021-06-19 22:00:00,10.9,0.0,6.7,16.2,306
2021-06-19 23:00:00,10.2,0.0,5.5,14.8,293
2021-06-20 00:00:00,9.9,0.0,6.8,13.7,302
2021-06-20 01:00:00,10.1,0.0,4.7,17.6,302
2021-06-20 02:00:00,10.3,0.0,1.8,12.2,281
2021-06-20 03:00:00,10.2,0.0,1.6,6.1,207
2021-06-20 04:00:00,10.3,0.0,1.0,5.8,135
2021-06-20 05:00:00,10.5,0.0,2.3,8.3,219
2021-06-20 06:00:00,11.1,0.0,1.9,10.4,202
2021-06-20 07:00:00,12.5,0.0,0.4,8.6,270
2021-06-20 08:00:00,14.6,0.0,0.7,9.7,270
2021-06-20 09:00:00,16.0,0.0,1.8,13.0,270
2021-06-20 10:00:00,17.1,0.0,5.7,19.8,325
2021-06-20 11:00:00,17.9,0.0,8.7,25.6,315
2021-06-20 12:00:00,18.7,0.0,11.5,32.4,311
2021-06-20 13:00:00,15.4,0.0,10.7,35.6,282
2021-06-20 14:00:00,15.0,0.0,7.6,27.7,315
2021-06-20 15:00:00,15.0,0.4,6.9,21.6,332
2021-06-20 16:00:00,14.8,0.9,8.2,19.4,337
2021-06-20 17:00:00,13.9,1.4,7.7,19.8,319
2021-06-20 18:00:00,13.4,1.5,7.9,19.4,317
2021-06-20 19:00:00,12.8,1.1,10.8,24.5,307
2021-06-20 20:00:00,12.1,0.9,15.8,37.4,315
2021-06-20 21:00:00,11.7,0.5,14.4,39.6,328
2021-06-20 22:00:00,11.4,0.7,11.8,36.7,340
2021-06-20 23:00:00,11.2,0.5,10.3,31.3,331
2021-06-21 00:00:00,11.3,0.4,10.2,27.7,312
2021-06-21 01:00:00,11.5,0.3,17.6,28.8,311
2021-06-21 02:00:00,11.4,0.0,15.8,40.7,313
2021-06-21 03:00:00,11.1,0.1,15.5,38.2,316
2021-06-21 04:00:00,10.8,0.2,14.9,37.4,323
2021-06-21 05:00:00,10.7,0.2,13.5,36.0,326
2021-06-21 06:00:00,10.9,0.1,14.0,33.8,325
2021-06-21 07:00:00,11.3,0.1,14.6,34.9,322
2021-06-21 08:00:00,12.0,0.2,13.5,35.6,312
2021-06-21 09:00:00,12.2,0.2,15.4,38.2,307
2021-06-21 10:00:00,12.5,0.2,16.6,42.1,309
2021-06-21 11:00:00,12.9,0.2,16.9,43.6,310
2021-06-21 12:00:00,13.6,0.1,15.9,42.8,309
2021-06-21 13:00:00,13.4,0.1,15.3,42.1,311
2021-06-21 14:00:00,14.3,0.0,15.6,41.8,310
2021-06-21 15:00:00,14.0,0.0,17.8,45.7,306
2021-06-21 16:00:00,13.7,0.0,18.7,48.6,320
2021-06-21 17:00:00,13.9,0.0,17.3,48.6,324
2021-06-21 18:00:00,13.0,0.0,17.9,46.4,330
2021-06-21 19:00:00,12.7,0.0,17.1,45.4,335
2021-06-21 20:00:00,11.7,0.0,15.8,43.6,336
2021-06-21 21:00:00,10.7,0.0,14.7,39.6,335
2021-06-21 22:00:00,9.9,0.0,14.6,36.4,340
2021-06-21 23:00:00,9.5,0.0,14.6,35.6,344
2021-06-22 00:00:00,9.1,0.0,14.3,36.0,348
2021-06-22 01:00:00,9.3,0.0,14.7,35.6,349
2021-06-22 02:00:00,9.4,0.0,15.0,37.4,349
2021-06-22 03:00:00,9.2,0.0,14.3,37.4,350
2021-06-22 04:00:00,9.1,0.0,13.3,36.0,347
2021-06-22 05:00:00,9.5,0.0,12.6,33.5,347
2021-06-22 06:00:00,10.7,0.0,13.2,34.2,349
2021-06-22 07:00:00,12.0,0.0,13.5,36.7,351
2021-06-22 08:00:00,13.3,0.0,12.0,35.6,344
2021-06-22 09:00:00,14.6,0.0,12.2,34.2,336
2021-06-22 10:00:00,15.7,0.0,12.9,35.6,330
2021-06-22 11:00:00,16.7,0.0,13.0,36.4,326
2021-06-22 12:00:00,17.4,0.0,12.8,36.7,320
2021-06-22 13:00:00,17.2,0.0,15.5,39.2,314
2021-06-22 14:00:00,17.3,0.0,16.8,45.0,312
2021-06-22 15:00:00,16.8,0.0,17.3,46.4,313
2021-06-22 16:00:00,16.2,0.0,17.3,46.1,315
2021-06-22 17:00:00,15.4,0.0,17.6,46.1,319
2021-06-22 18:00:00,14.4,0.0,16.6,46.1,321
2021-06-22 19:00:00,13.5,0.0,15.3,42.8,326
2021-06-22 20:00:00,12.5,0.0,13.0,38.9,326
2021-06-22 21:00:00,11.3,0.0,12.9,32.8,324
2021-06-22 22:00:00,10.0,0.0,11.8,31.0,333
2021-06-22 23:00:00,9.3,0.0,10.5,28.1,338
2021-06-23 00:00:00,8.7,0.0,9.1,24.5,342
2021-06-23 01:00:00,8.5,0.0,8.4,21.6,340
2021-06-23 02:00:00,8.5,0.0,7.8,20.2,347
2021-06-23 03:00:00,8.2,0.0,6.9,18.4,6
2021-06-23 04:00:00,7.7,0.0,5.3,16.2,28
2021-06-23 05:00:00,8.4,0.0,3.8,13.0,41
2021-06-23 06:00:00,9.7,0.0,3.4,12.2,18
2021-06-23 07:00:00,11.0,0.0,5.4,18.4,352
2021-06-23 08:00:00,12.1,0.0,5.2,18.7,348
2021-06-23 09:00:00,13.4,0.0,4.2,18.0,329
2021-06-23 10:00:00,14.6,0.0,5.2,19.8,304
2021-06-23 11:00:00,15.4,0.0,6.8,23.4,295
2021-06-23 12:00:00,15.9,0.0,7.8,24.8,292
2021-06-23 13:00:00,15.4,0.0,8.9,27.7,291
2021-06-23 14:00:00,15.7,0.0,10.2,30.2,293
2021-06-23 15:00:00,15.5,0.0,10.3,31.0,295
2021-06-23 16:00:00,15.0,0.0,10.0,30.2,296
2021-06-23 17:00:00,14.1,0.0,9.0,29.5,299
2021-06-23 18:00:00,13.3,0.0,7.3,26.3,303
2021-06-23 19:00:00,13.0,0.0,5.9,20.5,313
2021-06-23 20:00:00,12.9,0.0,3.7,16.9,331
2021-06-23 21:00:00,12.6,0.0,2.4,10.8,333
2021-06-23 22:00:00,12.0,0.0,2.8,6.5,310
2021-06-23 23:00:00,11.0,0.0,3.4,7.6,302
2021-06-24 00:00:00,10.5,0.0,3.6,7.2,323
2021-06-24 01:00:00,10.4,0.0,5.1,6.5,8
2021-06-24 02:00:00,10.9,0.0,3.3,7.9,41
2021-06-24 03:00:00,11.0,0.0,2.8,4.7,40
2021-06-24 04:00:00,11.3,0.0,2.5,4.0,45
2021-06-24 05:00:00,11.5,0.0,1.9,4.3,22
2021-06-24 06:00:00,12.3,0.0,0.8,5.0,63
2021-06-24 07:00:00,13.2,0.0,0.8,5.8,243
2021-06-24 08:00:00,13.4,0.0,2.1,7.9,239
2021-06-24 09:00:00,14.3,0.0,3.9,13.3,236
2021-06-24 10:00:00,15.1,0.0,4.3,15.8,246
2021-06-24 11:00:00,16.2,0.0,5.0,18.4,249
2021-06-24 12:00:00,17.6,0.0,6.5,22.3,251
2021-06-24 13:00:00,17.3,0.0,8.6,25.9,255
2021-06-24 14:00:00,16.8,0.0,10.2,31.3,280
2021-06-24 15:00:00,16.4,0.0,7.3,31.0,279
2021-06-24 16:00:00,17.1,0.0,7.2,23.8,270
2021-06-24 17:00:00,15.5,0.0,10.2,28.8,280
2021-06-24 18:00:00,14.6,0.0,8.0,28.8,275
2021-06-24 19:00:00,14.1,0.0,4.5,23.4,284
2021-06-24 20:00:00,13.8,0.0,4.2,13.7,290
2021-06-24 21:00:00,13.0,0.0,5.2,13.3,304
2021-06-24 22:00:00,12.4,0.0,4.3,11.9,312
2021-06-24 23:00:00,12.0,0.2,2.2,8.3,351
2021-06-25 00:00:00,12.0,0.4,2.0,4.7,45
2021-06-25 01:00:00,12.5,0.6,2.3,5.0,39
2021-06-25 02:00:00,12.6,0.8,2.2,6.1,9
2021-06-25 03:00:00,12.6,0.9,3.5,7.6,24
2021-06-25 04:00:00,12.5,0.8,3.0,8.3,346
2021-06-25 05:00:00,12.5,0.8,2.6,6.8,304
2021-06-25 06:00:00,12.8,0.2,3.6,10.1,6
2021-06-25 07:00:00,13.2,0.0,4.9,13.3,36
2021-06-25 08:00:00,14.4,0.0,3.7,14.4,29
2021-06-25 09:00:00,15.5,0.0,3.6,14.4,53
2021-06-25 10:00:00,15.7,0.0,0.8,14.0,27
2021-06-25 11:00:00,17.4,0.0,1.6,11.2,297
2021-06-25 12:00:00,18.4,0.0,4.5,16.2,299
2021-06-25 13:00:00,18.2,0.0,6.8,24.8,302
2021-06-25 14:00:00,18.9,0.0,9.2,27.7,291
2021-06-25 15:00:00,19.0,0.0,10.2,30.2,288
2021-06-25 16:00:00,18.3,0.0,11.5,32.8,290
2021-06-25 17:00:00,17.5,0.0,10.8,33.1,285
2021-06-25 18:00:00,17.3,0.0,7.6,29.9,273
2021-06-25 19:00:00,17.2,0.0,4.1,22.0,255
2021-06-25 20:00:00,16.5,0.0,3.8,13.7,229
2021-06-25 21:00:00,15.6,0.0,3.7,10.4,241
2021-06-25 22:00:00,14.1,0.0,5.5,11.2,247
2021-06-25 23:00:00,12.7,0.0,4.9,14.0,253
2021-06-26 00:00:00,12.1,0.0,3.9,10.4,146
2021-06-26 01:00:00,11.7,0.0,3.3,13.0,131
2021-06-26 02:00:00,12.4,0.0,5.1,10.8,129
2021-06-26 03:00:00,12.2,0.0,4.5,10.1,166
2021-06-26 04:00:00,11.9,0.0,7.6,16.2,199
2021-06-26 05:00:00,12.4,0.0,6.5,16.9,199
2021-06-26 06:00:00,13.3,0.0,6.5,18.0,177
2021-06-26 07:00:00,14.9,0.0,4.6,18.4,198
2021-06-26 08:00:00,16.4,0.0,5.8,19.1,202
2021-06-26 09:00:00,17.7,0.0,8.4,24.5,220
2021-06-26 10:00:00,17.7,0.0,9.4,27.7,252
2021-06-26 11:00:00,17.5,0.0,9.5,29.2,259
2021-06-26 12:00:00,17.6,0.0,10.1,31.0,266
2021-06-26 13:00:00,16.1,0.0,10.5,31.7,276
2021-06-26 14:00:00,17.0,0.0,11.9,34.2,284
2021-06-26 15:00:00,17.0,0.0,12.2,35.3,294
2021-06-26 16:00:00,16.4,0.0,14.3,38.5,304
2021-06-26 17:00:00,15.7,0.0,14.8,40.0,315
2021-06-26 18:00:00,14.0,0.0,14.8,39.6,326
2021-06-26 19:00:00,12.8,0.0,14.2,38.2,333
2021-06-26 20:00:00,12.0,0.0,13.0,36.4,341
2021-06-26 21:00:00,11.6,0.0,12.0,33.5,344
2021-06-26 22:00:00,11.3,0.0,10.0,31.0,345
2021-06-26 23:00:00,11.0,0.0,10.2,25.6,337
2021-06-27 00:00:00,10.8,0.0,9.2,25.2,339
2021-06-27 01:00:00,10.9,0.0,10.4,23.4,340
2021-06-27 02:00:00,10.5,0.0,8.8,25.2,348
2021-06-27 03:00:00,10.2,0.0,8.3,22.7,355
2021-06-27 04:00:00,10.6,0.0,8.4,21.2,353
2021-06-27 05:00:00,10.8,0.0,8.3,21.2,355
2021-06-27 06:00:00,11.4,0.0,7.2,20.9,360
2021-06-27 07:00:00,12.7,0.0,5.8,20.9,353
2021-06-27 08:00:00,14.0,0.0,5.9,19.8,322
2021-06-27 09:00:00,14.9,0.0,6.8,22.0,302
2021-06-27 10:00:00,15.5,0.0,9.4,28.1,293
2021-06-27 11:00:00,15.7,0.0,10.4,31.0,290
2021-06-27 12:00:00,16.0,0.0,10.6,31.3,288
2021-06-27 13:00:00,14.7,0.0,11.5,34.2,290
2021-06-27 14:00:00,15.0,0.0,11.4,33.5,288
2021-06-27 15:00:00,15.1,0.0,10.5,33.5,286
2021-06-27 16:00:00,14.9,0.0,11.2,32.0,285
2021-06-27 17:00:00,14.3,0.0,11.0,32.4,289
2021-06-27 18:00:00,13.9,0.0,11.1,32.0,299
2021-06-27 19:00:00,13.6,0.0,8.9,30.6,302
2021-06-27 20:00:00,13.2,0.0,7.0,24.5,305
2021-06-27 21:00:00,12.9,0.0,6.6,18.7,299
2021-06-27 22:00:00,12.6,0.0,5.8,16.9,300
2021-06-27 23:00:00,12.4,0.0,4.6,13.3,315
2021-06-28 00:00:00,12.0,0.0,2.8,9.7,310
2021-06-28 01:00:00,10.4,0.0,5.8,7.6,338
2021-06-28 02:00:00,11.0,0.0,2.9,10.4,7
2021-06-28 03:00:00,11.2,0.0,3.2,8.3,27
2021-06-28 04:00:00,11.6,0.0,3.1,8.6,21
2021-06-28 05:00:00,12.1,0.0,2.9,8.6,7
2021-06-28 06:00:00,12.4,0.0,3.4,10.8,18
2021-06-28 07:00:00,13.0,0.0,2.6,11.2,16
2021-06-28 08:00:00,13.5,0.0,2.7,10.8,23
2021-06-28 09:00:00,14.6,0.0,2.2,12.6,351
2021-06-28 10:00:00,15.7,0.0,4.4,16.6,305
2021-06-28 11:00:00,16.3,0.0,7.6,24.8,301
2021-06-28 12:00:00,16.6,0.0,9.2,28.8,296
2021-06-28 13:00:00,14.5,0.0,7.8,31.7,292
2021-06-28 14:00:00,15.0,0.0,10.0,29.5,291
2021-06-28 15:00:00,14.9,0.0,11.6,33.8,292
2021-06-28 16:00:00,14.2,0.0,11.4,34.2,288
2021-06-28 17:00:00,13.7,0.0,9.5,33.5,299
2021-06-28 18:00:00,13.5,0.0,7.6,28.4,301
2021-06-28 19:00:00,13.0,0.0,8.4,23.8,295
2021-06-28 20:00:00,12.3,0.0,8.5,23.4,298
2021-06-28 21:00:00,11.4,0.0,7.6,22.3,295
2021-06-28 22:00:00,10.3,0.0,7.1,16.9,319
2021-06-28 23:00:00,9.9,0.0,7.2,15.5,342
2021-06-29 00:00:00,9.6,0.0,6.2,15.8,7
2021-06-29 01:00:00,8.6,0.0,4.0,13.3,27
2021-06-29 02:00:00,9.6,0.0,4.0,11.9,27
2021-06-29 03:00:00,9.3,0.0,3.4,9.4,18
2021-06-29 04:00:00,9.3,0.0,5.0,11.2,30
2021-06-29 05:00:00,10.5,0.0,4.8,12.6,27
2021-06-29 06:00:00,11.0,0.0,7.2,20.2,354
2021-06-29 07:00:00,11.5,0.0,7.0,20.9,348
2021-06-29 08:00:00,12.3,0.0,7.6,23.0,341
2021-06-29 09:00:00,13.6,0.0,8.1,24.8,347
2021-06-29 10:00:00,15.1,0.0,7.1,25.2,330
2021-06-29 11:00:00,16.4,0.0,9.7,29.2,309
2021-06-29 12:00:00,16.8,0.0,12.5,36.0,303
2021-06-29 13:00:00,16.3,0.0,13.6,38.9,310
2021-06-29 14:00:00,17.1,0.0,15.0,41.8,318
2021-06-29 15:00:00,17.1,0.0,15.9,43.2,321
2021-06-29 16:00:00,17.1,0.0,15.5,43.2,324
2021-06-29 17:00:00,17.1,0.0,14.8,42.1,326
2021-06-29 18:00:00,16.8,0.0,14.1,40.3,328
2021-06-29 19:00:00,16.5,0.0,11.7,37.1,326
2021-06-29 20:00:00,15.8,0.0,8.4,30.6,320
2021-06-29 21:00:00,14.6,0.0,7.2,21.6,323
2021-06-29 22:00:00,13.6,0.0,7.2,17.6,354
2021-06-29 23:00:00,13.1,0.0,8.0,19.1,5
2021-06-30 00:00:00,12.5,0.0,8.0,19.1,5
2021-06-30 01:00:00,10.8,0.0,7.6,19.1,31
2021-06-30 02:00:00,12.1,0.0,6.5,16.2,19
2021-06-30 03:00:00,11.8,0.0,6.0,14.8,17
2021-06-30 04:00:00,11.4,0.0,6.0,13.7,33
2021-06-30 05:00:00,11.9,0.0,5.4,13.3,53
2021-06-30 06:00:00,14.5,0.0,3.2,11.5,63
2021-06-30 07:00:00,17.7,0.0,1.8,9.4,90
2021-06-30 08:00:00,20.5,0.0,1.8,10.1,191
2021-06-30 09:00:00,22.0,0.0,4.4,15.5,215
2021-06-30 10:00:00,22.4,0.0,8.1,23.4,212
2021-06-30 11:00:00,22.3,0.0,10.5,29.2,218
2021-06-30 12:00:00,22.6,0.0,9.7,29.9,222
2021-06-30 13:00:00,22.2,0.0,8.8,28.4,258
2021-06-30 14:00:00,22.9,0.0,8.8,27.0,261
2021-06-30 15:00:00,22.7,0.0,7.6,26.3,267
2021-06-30 16:00:00,22.6,0.0,7.6,24.1,265
2021-06-30 17:00:00,22.1,0.0,7.0,23.8,282
2021-06-30 18:00:00,21.4,0.0,5.8,21.6,277
2021-06-30 19:00:00,21.0,0.0,3.6,16.9,270
2021-06-30 20:00:00,19.9,0.0,2.3,11.2,252
2021-06-30 21:00:00,18.2,0.0,3.1,6.1,249
2021-06-30 22:00:00,16.1,0.0,3.6,5.8,264
2021-06-30 23:00:00,15.7,0.0,5.1,9.7,219
2021-07-01 00:00:00,14.6,0.0,4.0,10.1,180
2021-07-01 01:00:00,14.8,0.0,1.8,9.4,101
2021-07-01 02:00:00,14.4,0.0,5.9,11.2,169
2021-07-01 03:00:00,13.8,0.0,4.9,11.9,163
2021-07-01 04:00:00,13.9,0.0,5.8,11.9,150
2021-07-01 05:00:00,15.0,0.0,6.4,13.3,133
2021-07-01 06:00:00,16.7,0.0,4.5,13.3,151
2021-07-01 07:00:00,18.3,0.0,2.6,11.9,164
2021-07-01 08:00:00,20.2,0.0,0.8,10.8,243
2021-07-01 09:00:00,21.6,0.0,2.2,11.9,270
2021-07-01 10:00:00,22.3,0.0,4.0,16.2,270
2021-07-01 11:00:00,22.5,0.0,4.6,18.4,288
2021-07-01 12:00:00,22.1,0.1,7.7,23.4,298
2021-07-01 13:00:00,21.2,0.0,8.0,32.0,297
2021-07-01 14:00:00,21.7,0.0,9.0,28.4,286
2021-07-01 15:00:00,21.0,0.0,11.2,31.0,291
2021-07-01 16:00:00,20.4,0.0,10.7,31.3,290
2021-07-01 17:00:00,20.2,0.0,11.3,31.0,297
2021-07-01 18:00:00,20.5,0.0,10.5,30.6,311
2021-07-01 19:00:00,20.4,0.0,9.7,28.4,318
2021-07-01 20:00:00,19.4,0.0,5.5,25.6,293
2021-07-01 21:00:00,17.4,0.0,7.4,16.6,284
2021-07-01 22:00:00,15.5,0.0,5.1,16.2,278
2021-07-01 23:00:00,14.3,0.0,2.3,10.1,219
2021-07-02 00:00:00,13.5,0.0,2.7,6.5,203
2021-07-02 01:00:00,14.9,0.0,4.1,11.5,165
2021-07-02 02:00:00,14.8,0.0,1.8,10.1,90
2021-07-02 03:00:00,13.4,0.0,2.6,6.8,106
2021-07-02 04:00:00,13.9,0.0,2.2,6.8,99
2021-07-02 05:00:00,15.4,0.0,1.8,6.1,101
2021-07-02 06:00:00,17.0,0.0,1.5,7.6,45
2021-07-02 07:00:00,18.7,0.0,2.0,8.6,315
2021-07-02 08:00:00,20.8,0.0,2.1,10.4,301
2021-07-02 09:00:00,22.8,0.0,2.8,12.6,310
2021-07-02 10:00:00,24.3,0.0,4.3,16.9,318
2021-07-02 11:00:00,25.1,0.0,6.6,22.0,299
2021-07-02 12:00:00,25.5,0.0,9.7,28.8,292
2021-07-02 13:00:00,24.3,0.0,11.1,35.3,299
2021-07-02 14:00:00,24.8,0.0,12.6,34.2,297
2021-07-02 15:00:00,24.7,0.0,13.6,36.0,302
2021-07-02 16:00:00,25.0,0.0,12.2,36.4,315
2021-07-02 17:00:00,24.5,0.0,10.2,32.8,318
2021-07-02 18:00:00,23.4,0.0,8.3,27.0,304
2021-07-02 19:00:00,22.1,0.0,8.0,21.2,288
2021-07-02 20:00:00,20.4,0.0,8.6,19.8,272
2021-07-02 21:00:00,18.3,0.0,6.0,19.4,245
2021-07-02 22:00:00,17.2,0.0,9.2,21.2,201
2021-07-02 23:00:00,16.1,0.2,7.1,22.0,204
2021-07-03 00:00:00,15.7,0.2,1.1,15.5,162
2021-07-03 01:00:00,15.6,0.4,3.7,10.1,349
2021-07-03 02:00:00,15.3,6.4,2.5,7.2,360
2021-07-03 03:00:00,15.0,2.6,4.0,9.7,333
2021-07-03 04:00:00,14.9,0.6,3.2,8.3,333
2021-07-03 05:00:00,14.8,0.5,4.5,9.4,299
2021-07-03 06:00:00,15.0,0.4,5.2,11.9,295
2021-07-03 07:00:00,15.0,0.3,3.3,12.6,311
2021-07-03 08:00:00,15.3,0.8,3.8,9.7,343
2021-07-03 09:00:00,15.6,0.7,3.3,22.7,347
2021-07-03 10:00:00,16.0,0.2,2.8,10.4,320
2021-07-03 11:00:00,16.4,0.2,2.9,11.2,300
2021-07-03 12:00:00,16.4,0.5,4.5,14.0,299
2021-07-03 13:00:00,16.2,0.4,6.6,14.8,311
2021-07-03 14:00:00,16.0,0.7,8.4,21.6,295
2021-07-03 15:00:00,15.1,1.2,9.5,23.4,307
2021-07-03 16:00:00,15.0,2.3,9.2,22.3,315
2021-07-03 17:00:00,15.3,1.3,9.8,22.3,343
2021-07-03 18:00:00,15.0,0.9,8.7,22.3,343
2021-07-03 19:00:00,14.9,0.5,9.0,21.6,331
2021-07-03 20:00:00,14.5,0.2,8.7,20.2,343
2021-07-03 21:00:00,14.4,0.1,8.5,20.5,348
2021-07-03 22:00:00,14.2,0.0,7.8,19.4,347
2021-07-03 23:00:00,14.0,0.0,7.6,18.0,355
2021-07-04 00:00:00,14.0,0.0,6.5,16.6,3
2021-07-04 01:00:00,13.7,0.0,6.6,14.8,13
2021-07-04 02:00:00,14.0,0.0,7.1,17.3,15
2021-07-04 03:00:00,13.8,0.0,5.4,16.2,8
2021-07-04 04:00:00,13.8,0.0,5.1,13.0,8
2021-07-04 05:00:00,14.2,0.0,4.0,12.2,355
2021-07-04 06:00:00,14.9,0.0,1.8,10.8,11
2021-07-04 07:00:00,16.1,0.0,3.3,11.9,103
2021-07-04 08:00:00,18.0,0.0,2.4,14.4,153
2021-07-04 09:00:00,20.1,0.0,3.9,15.8,214
2021-07-04 10:00:00,21.1,0.0,5.5,18.7,191
2021-07-04 11:00:00,22.4,0.0,5.6,28.8,195
2021-07-04 12:00:00,22.9,0.0,5.6,30.2,243
2021-07-04 13:00:00,23.1,0.0,6.6,32.4,257
2021-07-04 14:00:00,22.6,0.0,8.2,37.4,247
2021-07-04 15:00:00,20.2,1.7,3.2,38.2,243
2021-07-04 16:00:00,20.1,0.2,3.7,28.8,281
2021-07-04 17:00:00,19.6,0.0,5.0,16.6,291
2021-07-04 18:00:00,19.5,0.0,3.8,15.5,287
2021-07-04 19:00:00,18.6,0.0,7.2,18.4,243
2021-07-04 20:00:00,17.2,0.1,7.9,20.5,210
2021-07-04 21:00:00,16.1,0.0,8.7,21.6,185
2021-07-04 22:00:00,15.0,0.0,9.8,25.2,172
2021-07-04 23:00:00,14.7,0.0,7.6,24.8,172
2021-07-05 00:00:00,14.2,0.4,5.2,29.2,146
2021-07-05 01:00:00,15.1,0.4,4.3,27.7,90
2021-07-05 02:00:00,15.1,0.9,6.6,25.6,49
2021-07-05 03:00:00,14.9,0.0,6.1,15.8,28
2021-07-05 04:00:00,14.8,0.0,4.7,14.4,356
2021-07-05 05:00:00,15.2,0.1,4.7,21.2,4
2021-07-05 06:00:00,15.5,0.2,4.4,20.9,9
2021-07-05 07:00:00,16.5,0.0,4.3,13.7,5
2021-07-05 08:00:00,18.3,0.0,4.2,15.5,31
2021-07-05 09:00:00,20.5,0.0,2.9,15.5,7
2021-07-05 10:00:00,22.6,0.0,3.2,29.2,333
2021-07-05 11:00:00,23.9,0.1,3.3,34.2,311
2021-07-05 12:00:00,24.2,0.2,4.1,33.5,285
2021-07-05 13:00:00,23.6,3.2,5.1,30.2,39
2021-07-05 14:00:00,25.0,0.1,3.5,25.9,114
2021-07-05 15:00:00,23.0,0.4,4.0,20.5,170
2021-07-05 16:00:00,24.1,0.0,7.0,20.2,102
2021-07-05 17:00:00,23.6,0.0,7.2,20.9,90
2021-07-05 18:00:00,23.4,0.0,6.5,22.0,93
2021-07-05 19:00:00,23.2,0.0,4.3,18.0,95
2021-07-05 20:00:00,22.3,0.0,3.6,12.6,174
2021-07-05 21:00:00,19.7,0.1,10.0,33.8,221
2021-07-05 22:00:00,17.1,0.1,9.7,31.3,195
2021-07-05 23:00:00,15.7,0.1,7.8,32.4,193
2021-07-06 00:00:00,15.6,0.1,6.8,28.1,180
2021-07-06 01:00:00,15.4,0.5,3.3,27.7,77
2021-07-06 02:00:00,15.5,3.6,5.5,22.3,122
2021-07-06 03:00:00,15.2,3.8,6.1,24.8,152
2021-07-06 04:00:00,15.0,1.3,7.7,30.2,169
2021-07-06 05:00:00,14.8,1.5,8.6,29.2,158
2021-07-06 06:00:00,15.0,1.0,11.6,28.1,175
2021-07-06 07:00:00,15.2,0.4,12.6,33.1,175
2021-07-06 08:00:00,15.6,0.1,10.0,29.9,167
2021-07-06 09:00:00,16.5,0.1,8.8,25.9,171
2021-07-06 10:00:00,17.4,0.1,6.9,27.4,174
2021-07-06 11:00:00,18.0,0.1,6.5,31.7,180
2021-07-06 12:00:00,18.5,0.1,4.0,32.8,180
2021-07-06 13:00:00,18.0,0.0,3.1,16.6,135
2021-07-06 14:00:00,19.4,0.0,3.8,18.4,131
2021-07-06 15:00:00,21.0,0.0,4.5,34.2,76
2021-07-06 16:00:00,21.5,0.0,5.4,33.5,127
2021-07-06 17:00:00,21.4,0.0,7.6,32.0,177
2021-07-06 18:00:00,20.1,0.0,7.2,20.9,217
2021-07-06 19:00:00,19.2,0.0,2.2,16.9,351
2021-07-06 20:00:00,18.6,0.0,4.9,10.8,36
2021-07-06 21:00:00,18.5,0.0,4.0,13.0,90
2021-07-06 22:00:00,17.6,0.7,4.0,13.7,90
2021-07-06 23:00:00,16.8,1.1,9.2,18.4,64
2021-07-07 00:00:00,14.3,0.0,5.7,19.8,108
2021-07-07 01:00:00,14.6,0.0,6.0,17.3,123
2021-07-07 02:00:00,14.7,0.0,4.4,14.8,55
2021-07-07 03:00:00,14.2,0.0,5.1,12.6,51
2021-07-07 04:00:00,13.8,0.1,2.7,11.2,67
2021-07-07 05:00:00,14.4,0.2,5.0,11.9,69
2021-07-07 06:00:00,15.8,0.0,7.0,16.6,55
2021-07-07 07:00:00,17.3,0.0,2.7,16.6,113
2021-07-07 08:00:00,17.7,1.2,8.4,31.7,170
2021-07-07 09:00:00,17.7,0.4,11.1,37.1,167
2021-07-07 10:00:00,16.7,1.3,15.8,48.6,163
2021-07-07 11:00:00,17.8,0.1,17.8,57.2,162
2021-07-07 12:00:00,19.2,0.1,19.4,61.6,169
2021-07-07 13:00:00,17.1,0.1,20.8,66.2,171
2021-07-07 14:00:00,18.1,0.6,15.6,53.6,173
2021-07-07 15:00:00,18.2,1.1,19.7,59.0,172
2021-07-07 16:00:00,17.7,2.2,13.5,57.2,164
2021-07-07 17:00:00,16.3,1.6,13.2,51.5,163
2021-07-07 18:00:00,14.5,1.4,16.6,51.5,167
2021-07-07 19:00:00,14.6,1.0,15.4,43.9,164
2021-07-07 20:00:00,14.7,0.1,11.8,38.2,149
2021-07-07 21:00:00,14.6,0.2,10.9,30.6,153
2021-07-07 22:00:00,14.4,0.2,9.7,28.4,141
2021-07-07 23:00:00,14.2,0.2,8.2,26.6,139
2021-07-08 00:00:00,13.6,0.1,6.2,23.4,144
2021-07-08 01:00:00,13.9,0.4,11.0,26.6,157
2021-07-08 02:00:00,13.4,0.0,9.5,28.8,155
2021-07-08 03:00:00,13.3,0.0,8.0,25.2,144
2021-07-08 04:00:00,13.2,0.0,8.4,23.0,133
2021-07-08 05:00:00,13.7,0.0,8.6,22.7,123
2021-07-08 06:00:00,14.5,0.1,12.4,30.6,144
2021-07-08 07:00:00,14.8,0.2,18.1,43.9,157
2021-07-08 08:00:00,15.3,0.6,16.4,47.5,165
2021-07-08 09:00:00,15.0,1.5,13.8,46.4,171
2021-07-08 10:00:00,16.6,0.3,12.1,36.7,168
2021-07-08 11:00:00,17.3,0.3,13.4,39.6,166
2021-07-08 12:00:00,18.2,0.3,13.3,42.5,177
2021-07-08 13:00:00,17.9,0.4,11.9,46.4,183
2021-07-08 14:00:00,18.3,0.2,10.1,42.5,178
2021-07-08 15:00:00,16.7,3.4,12.6,41.4,177
2021-07-08 16:00:00,16.9,1.4,7.2,38.9,162
2021-07-08 17:00:00,16.3,4.3,10.1,30.6,178
2021-07-08 18:00:00,15.4,1.4,8.3,30.6,162
2021-07-08 19:00:00,15.6,1.2,8.3,25.2,162
2021-07-08 20:00:00,15.1,0.1,7.4,23.4,151
2021-07-08 21:00:00,14.7,0.1,8.0,23.0,153
2021-07-08 22:00:00,14.1,0.2,7.1,19.4,150
2021-07-08 23:00:00,13.7,0.1,7.2,18.4,143
2021-07-09 00:00:00,13.4,0.4,6.5,21.6,146
2021-07-09 01:00:00,13.4,1.1,6.6,21.2,158
2021-07-09 02:00:00,13.5,2.5,4.7,20.5,148
2021-07-09 03:00:00,13.3,2.3,4.9,16.6,126
2021-07-09 04:00:00,13.2,1.4,5.9,17.3,133
2021-07-09 05:00:00,13.3,0.7,7.8,22.3,146
2021-07-09 06:00:00,13.7,0.5,7.7,23.0,139
2021-07-09 07:00:00,14.6,0.2,8.1,28.4,148
2021-07-09 08:00:00,14.8,0.2,8.1,29.2,159
2021-07-09 09:00:00,14.7,0.4,9.1,30.6,162
2021-07-09 10:00:00,15.2,0.1,8.6,32.4,158
2021-07-09 11:00:00,17.0,0.3,6.0,33.1,155
2021-07-09 12:00:00,17.2,2.3,10.3,36.0,192
2021-07-09 13:00:00,17.5,3.1,9.1,38.2,189
2021-07-09 14:00:00,16.9,2.4,7.6,34.6,199
2021-07-09 15:00:00,17.6,0.1,8.8,33.8,199
2021-07-09 16:00:00,17.3,0.1,7.9,33.8,196
2021-07-09 17:00:00,17.8,0.1,7.1,23.4,204
2021-07-09 18:00:00,17.4,0.1,7.3,22.0,189
2021-07-09 19:00:00,16.8,0.0,6.9,21.6,189
2021-07-09 20:00:00,16.1,0.0,4.4,19.1,189
2021-07-09 21:00:00,15.1,0.0,2.5,11.5,172
2021-07-09 22:00:00,13.7,0.0,2.5,6.8,188
2021-07-09 23:00:00,12.8,0.0,2.5,7.6,188
2021-07-10 00:00:00,11.9,0.0,2.9,7.2,173
2021-07-10 01:00:00,11.7,0.0,4.6,6.5,18
2021-07-10 02:00:00,12.5,0.0,4.4,8.3,35
2021-07-10 03:00:00,12.2,0.0,4.7,11.2,32
2021-07-10 04:00:00,12.5,0.0,4.4,11.2,9
2021-07-10 05:00:00,12.7,0.0,5.8,14.4,7
2021-07-10 06:00:00,13.0,0.0,7.1,18.0,24
2021-07-10 07:00:00,14.3,0.0,7.2,20.5,6
2021-07-10 08:00:00,15.8,0.0,8.5,23.8,348
2021-07-10 09:00:00,17.1,0.0,9.3,26.3,347
2021-07-10 10:00:00,18.5,0.0,8.5,26.3,332
2021-07-10 11:00:00,19.3,0.0,9.7,27.7,312
2021-07-10 12:00:00,19.6,0.0,11.4,32.0,294
2021-07-10 13:00:00,18.7,0.0,13.7,37.8,300
2021-07-10 14:00:00,18.4,0.0,16.3,42.5,305
2021-07-10 15:00:00,18.3,0.0,15.2,42.8,306
2021-07-10 16:00:00,18.0,0.0,14.9,40.7,302
2021-07-10 17:00:00,17.6,0.0,15.1,40.7,298
2021-07-10 18:00:00,16.9,0.0,14.5,39.2,297
2021-07-10 19:00:00,16.2,0.0,12.2,37.4,298
2021-07-10 20:00:00,15.7,0.0,11.1,31.3,295
2021-07-10 21:00:00,15.3,0.0,9.2,27.4,291
2021-07-10 22:00:00,15.0,0.0,8.2,23.0,285
2021-07-10 23:00:00,14.8,0.1,8.3,20.2,275
2021-07-11 00:00:00,14.6,0.1,9.0,21.2,265
2021-07-11 01:00:00,14.4,0.2,9.9,23.4,289
2021-07-11 02:00:00,14.1,0.5,7.8,23.4,283
2021-07-11 03:00:00,13.6,0.1,5.8,18.0,263
2021-07-11 04:00:00,13.2,0.1,5.5,14.4,238
2021-07-11 05:00:00,13.7,0.0,7.1,16.2,229
2021-07-11 06:00:00,14.3,0.0,6.0,17.3,213
2021-07-11 07:00:00,14.4,0.1,6.3,17.6,211
2021-07-11 08:00:00,15.4,0.1,6.1,20.2,208
2021-07-11 09:00:00,15.7,0.1,8.0,23.8,216
2021-07-11 10:00:00,16.4,0.1,9.4,28.4,223
2021-07-11 11:00:00,17.3,0.1,12.2,33.1,225
2021-07-11 12:00:00,17.6,0.2,12.2,34.2,223
2021-07-11 13:00:00,16.7,0.4,12.0,34.6,231
2021-07-11 14:00:00,17.0,0.1,11.8,34.6,232
2021-07-11 15:00:00,17.4,0.1,10.2,33.5,222
2021-07-11 16:00:00,17.7,0.0,10.2,29.9,222
2021-07-11 17:00:00,17.5,0.0,9.7,29.2,222
2021-07-11 18:00:00,17.0,0.0,9.0,27.4,203
2021-07-11 19:00:00,16.5,0.0,8.8,25.2,192
2021-07-11 20:00:00,15.8,0.0,8.0,23.8,185
2021-07-11 21:00:00,14.4,0.0,6.6,20.5,193
2021-07-11 22:00:00,13.8,0.0,5.2,16.6,155
2021-07-11 23:00:00,13.2,0.0,5.3,12.2,118
2021-07-12 00:00:00,12.5,0.0,4.7,12.2,122
2021-07-12 01:00:00,12.0,0.0,4.3,10.8,132
2021-07-12 02:00:00,12.2,0.0,5.6,13.3,135
2021-07-12 03:00:00,11.7,0.0,6.7,15.1,144
2021-07-12 04:00:00,11.6,0.0,7.7,17.3,139
2021-07-12 05:00:00,12.4,0.0,7.1,17.6,120
2021-07-12 06:00:00,14.4,0.0,5.3,16.2,118
2021-07-12 07:00:00,16.4,0.0,2.9,14.0,120
2021-07-12 08:00:00,17.6,0.0,2.2,11.5,171
2021-07-12 09:00:00,18.6,0.0,2.3,13.0,219
2021-07-12 10:00:00,19.8,0.0,1.5,13.0,284
2021-07-12 11:00:00,20.6,0.0,4.0,16.9,280
2021-07-12 12:00:00,20.8,0.0,8.0,24.8,288
2021-07-12 13:00:00,19.4,0.0,10.5,31.0,297
2021-07-12 14:00:00,20.2,0.0,10.3,31.0,299
2021-07-12 15:00:00,19.8,0.0,10.3,30.6,299
2021-07-12 16:00:00,19.2,0.0,10.5,29.5,292
2021-07-12 17:00:00,18.5,0.0,9.3,29.2,298
2021-07-12 18:00:00,18.4,0.0,6.9,25.9,317
2021-07-12 19:00:00,18.7,0.0,6.8,19.8,342
2021-07-12 20:00:00,17.9,0.0,7.6,18.4,335
2021-07-12 21:00:00,16.6,0.0,7.5,17.3,343
2021-07-12 22:00:00,15.6,0.0,6.0,16.6,343
2021-07-12 23:00:00,15.4,0.0,4.9,13.0,343
2021-07-13 00:00:00,15.1,0.0,4.7,10.4,9
2021-07-13 01:00:00,14.8,0.0,5.8,9.0,60
2021-07-13 02:00:00,15.3,0.3,4.8,13.0,48
2021-07-13 03:00:00,15.4,0.0,6.1,13.0,40
2021-07-13 04:00:00,15.9,0.0,6.6,13.7,49
2021-07-13 05:00:00,16.8,0.0,7.1,14.8,66
2021-07-13 06:00:00,17.7,0.0,7.4,15.5,76
2021-07-13 07:00:00,18.8,0.0,5.7,15.8,72
2021-07-13 08:00:00,19.7,0.0,1.1,12.6,288
2021-07-13 09:00:00,21.2,0.0,4.5,15.5,299
2021-07-13 10:00:00,22.1,0.0,5.9,19.1,317
2021-07-13 11:00:00,22.2,0.0,6.5,19.4,304
2021-07-13 12:00:00,23.3,0.0,7.5,23.8,305
2021-07-13 13:00:00,22.5,0.0,8.9,29.2,297
2021-07-13 14:00:00,22.8,0.0,11.0,30.6,302
2021-07-13 15:00:00,23.2,0.0,9.9,31.0,303
2021-07-13 16:00:00,22.4,0.0,9.2,28.8,296
2021-07-13 17:00:00,22.3,0.0,9.7,26.3,309
2021-07-13 18:00:00,21.4,0.0,8.7,26.6,312
2021-07-13 19:00:00,20.5,0.0,7.5,22.0,305
2021-07-13 20:00:00,18.7,0.1,5.4,18.4,312
2021-07-13 21:00:00,17.9,0.0,3.8,12.2,319
2021-07-13 22:00:00,17.3,0.0,4.4,8.3,325
2021-07-13 23:00:00,16.9,0.0,6.1,12.6,332
2021-07-14 00:00:00,16.3,0.0,5.4,13.0,360
2021-07-14 01:00:00,15.8,0.0,6.8,11.5,32
2021-07-14 02:00:00,15.7,2.2,7.1,18.7,49
2021-07-14 03:00:00,15.9,1.4,3.5,16.9,24
2021-07-14 04:00:00,15.8,0.9,5.7,12.6,325
2021-07-14 05:00:00,15.7,0.6,6.6,16.2,338
2021-07-14 06:00:00,15.7,0.8,6.6,16.2,351
2021-07-14 07:00:00,15.7,0.4,6.1,16.2,360
2021-07-14 08:00:00,17.1,0.1,5.4,17.6,352
2021-07-14 09:00:00,17.9,0.0,6.2,18.4,353
2021-07-14 10:00:00,19.1,0.0,4.6,18.4,342
2021-07-14 11:00:00,20.1,0.0,4.6,17.6,315
2021-07-14 12:00:00,20.3,0.0,5.8,19.1,292
2021-07-14 13:00:00,21.8,0.0,5.8,20.5,292
2021-07-14 14:00:00,21.3,0.0,11.3,30.2,287
2021-07-14 15:00:00,20.4,0.0,14.2,38.5,291
2021-07-14 16:00:00,20.0,0.0,11.9,38.5,295
2021-07-14 17:00:00,19.6,0.0,11.9,33.1,295
2021-07-14 18:00:00,18.6,0.0,11.3,33.1,297
2021-07-14 19:00:00,17.6,0.0,10.8,31.0,300
2021-07-14 20:00:00,16.8,0.0,8.4,29.2,313
2021-07-14 21:00:00,15.8,0.0,4.9,21.6,306
2021-07-14 22:00:00,14.6,0.0,7.9,15.5,286
2021-07-14 23:00:00,14.1,0.0,7.2,17.3,288
2021-07-15 00:00:00,14.0,0.0,4.5,15.8,299
2021-07-15 01:00:00,14.4,0.0,3.3,10.8,311
2021-07-15 02:00:00,14.4,0.0,5.0,13.3,270
2021-07-15 03:00:00,14.2,0.0,6.1,16.6,270
2021-07-15 04:00:00,14.2,0.0,3.1,16.2,249
2021-07-15 05:00:00,14.4,0.0,3.3,9.4,167
2021-07-15 06:00:00,14.6,0.1,5.9,16.2,191
2021-07-15 07:00:00,14.8,0.2,7.5,19.8,215
2021-07-15 08:00:00,15.4,0.2,8.2,20.9,255
2021-07-15 09:00:00,15.4,0.4,11.8,28.4,293
2021-07-15 10:00:00,15.8,0.5,15.5,38.5,306
2021-07-15 11:00:00,16.5,0.1,15.1,40.0,308
2021-07-15 12:00:00,16.6,0.0,14.5,39.6,314
2021-07-15 13:00:00,16.6,0.0,14.0,42.8,314
2021-07-15 14:00:00,17.1,0.0,15.8,42.1,315
2021-07-15 15:00:00,16.9,0.0,17.9,47.2,320
2021-07-15 16:00:00,16.7,0.0,17.5,47.9,328
2021-07-15 17:00:00,16.4,0.0,15.8,45.7,333
2021-07-15 18:00:00,16.0,0.0,15.3,41.8,336
2021-07-15 19:00:00,15.3,0.0,14.8,40.0,337
2021-07-15 20:00:00,14.5,0.0,13.4,38.2,336
2021-07-15 21:00:00,13.3,0.0,12.0,33.5,339
2021-07-15 22:00:00,12.3,0.0,10.8,29.5,339
2021-07-15 23:00:00,11.7,0.0,10.4,26.3,346
2021-07-16 00:00:00,11.1,0.0,9.5,24.8,351
2021-07-16 01:00:00,10.7,0.0,9.4,22.7,2
2021-07-16 02:00:00,10.6,0.0,8.6,22.0,360
2021-07-16 03:00:00,10.5,0.0,8.0,20.2,352
2021-07-16 04:00:00,10.5,0.0,6.6,19.1,13
2021-07-16 05:00:00,11.1,0.0,6.3,16.2,24
2021-07-16 06:00:00,12.4,0.0,5.4,15.5,356
2021-07-16 07:00:00,13.9,0.0,6.7,19.8,344
2021-07-16 08:00:00,15.3,0.0,4.7,20.5,356
2021-07-16 09:00:00,16.8,0.0,4.6,16.6,309
2021-07-16 10:00:00,17.2,0.0,10.5,30.2,297
2021-07-16 11:00:00,17.9,0.0,7.1,30.6,294
2021-07-16 12:00:00,18.9,0.0,7.6,25.2,289
2021-07-16 13:00:00,19.0,0.0,9.1,28.8,288
2021-07-16 14:00:00,19.2,0.0,10.5,31.3,286
2021-07-16 15:00:00,19.0,0.0,10.2,31.0,278
2021-07-16 16:00:00,18.8,0.0,9.7,31.0,272
2021-07-16 17:00:00,18.4,0.0,10.1,29.2,266
2021-07-16 18:00:00,17.5,0.0,10.5,29.9,262
2021-07-16 19:00:00,16.8,0.0,8.8,28.8,251
2021-07-16 20:00:00,16.2,0.1,9.4,24.1,252
2021-07-16 21:00:00,15.8,0.1,7.9,24.1,240
2021-07-16 22:00:00,15.2,0.0,6.5,20.2,199
2021-07-16 23:00:00,14.5,0.0,6.3,16.2,156
2021-07-17 00:00:00,14.0,0.0,7.4,15.5,137
2021-07-17 01:00:00,13.9,0.1,9.4,20.9,162
2021-07-17 02:00:00,14.4,0.1,9.1,22.7,187
2021-07-17 03:00:00,14.1,0.0,8.7,22.7,204
2021-07-17 04:00:00,13.5,0.0,8.1,21.6,212
2021-07-17 05:00:00,13.5,0.0,7.3,20.5,191
2021-07-17 06:00:00,14.0,0.0,7.9,20.5,177
2021-07-17 07:00:00,14.9,0.0,13.2,32.0,209
2021-07-17 08:00:00,15.1,0.0,12.4,33.1,206
2021-07-17 09:00:00,15.3,0.0,13.4,34.2,207
2021-07-17 10:00:00,15.6,0.1,13.8,35.6,186
2021-07-17 11:00:00,15.2,0.3,15.1,38.2,180
2021-07-17 12:00:00,14.9,1.9,16.6,44.3,178
2021-07-17 13:00:00,14.7,2.4,12.7,44.6,187
2021-07-17 14:00:00,15.7,1.9,13.6,37.8,217
2021-07-17 15:00:00,15.5,0.5,13.8,36.0,223
2021-07-17 16:00:00,15.5,0.3,12.2,37.1,236
2021-07-17 17:00:00,14.8,1.3,13.0,32.0,224
2021-07-17 18:00:00,13.8,2.5,16.6,43.2,214
2021-07-17 19:00:00,13.3,1.3,17.9,43.6,218
2021-07-17 20:00:00,13.3,1.5,18.3,42.8,250
2021-07-17 21:00:00,12.8,0.8,16.2,42.5,271
2021-07-17 22:00:00,12.4,0.7,13.9,38.2,280
2021-07-17 23:00:00,12.1,0.6,11.3,34.2,287
2021-07-18 00:00:00,11.9,0.4,10.4,28.4,290
2021-07-18 01:00:00,12.2,0.5,12.0,26.6,303
2021-07-18 02:00:00,11.7,0.2,9.3,28.4,306
2021-07-18 03:00:00,11.7,0.3,12.2,28.8,315
2021-07-18 04:00:00,11.0,0.2,11.0,31.0,308
2021-07-18 05:00:00,11.6,0.5,14.0,31.7,312
2021-07-18 06:00:00,11.6,0.6,13.0,34.2,318
2021-07-18 07:00:00,12.3,0.1,7.0,33.1,325
2021-07-18 08:00:00,13.1,0.1,6.0,25.6,327
2021-07-18 09:00:00,13.6,0.2,7.4,27.4,317
2021-07-18 10:00:00,14.0,0.2,11.1,33.1,306
2021-07-18 11:00:00,14.4,0.2,13.5,37.1,316
2021-07-18 12:00:00,14.8,0.1,11.5,37.1,311
2021-07-18 13:00:00,13.7,0.1,13.3,37.8,322
2021-07-18 14:00:00,14.0,0.0,14.6,38.5,320
2021-07-18 15:00:00,14.0,0.1,16.1,41.0,326
2021-07-18 16:00:00,13.8,0.3,15.4,42.1,327
2021-07-18 17:00:00,13.3,0.0,13.0,40.0,332
2021-07-18 18:00:00,13.7,0.1,13.7,36.0,342
2021-07-18 19:00:00,13.5,0.0,12.2,35.3,341
2021-07-18 20:00:00,13.3,0.0,11.6,31.0,338
2021-07-18 21:00:00,12.4,0.0,10.9,29.5,343
2021-07-18 22:00:00,11.2,0.0,11.7,27.7,342
2021-07-18 23:00:00,10.5,0.0,11.0,28.1,349
2021-07-19 00:00:00,9.9,0.0,10.1,26.3,356
2021-07-19 01:00:00,9.8,0.0,10.8,23.8,356
2021-07-19 02:00:00,9.5,0.0,9.1,25.2,9
2021-07-19 03:00:00,9.2,0.0,7.5,22.0,17
2021-07-19 04:00:00,8.9,0.0,6.0,19.1,25
2021-07-19 05:00:00,9.2,0.0,5.8,15.8,30
2021-07-19 06:00:00,10.4,0.0,5.2,16.2,16
2021-07-19 07:00:00,11.9,0.0,6.5,19.8,357
2021-07-19 08:00:00,13.3,0.0,9.5,26.3,351
2021-07-19 09:00:00,14.5,0.0,9.4,30.2,342
2021-07-19 10:00:00,15.2,0.0,8.9,27.7,328
2021-07-19 11:00:00,15.5,0.0,8.4,27.0,317
2021-07-19 12:00:00,15.8,0.0,9.5,28.1,295
2021-07-19 13:00:00,14.8,0.0,10.5,34.6,286
2021-07-19 14:00:00,14.5,0.0,12.5,34.6,282
2021-07-19 15:00:00,14.2,0.0,12.1,35.3,282
2021-07-19 16:00:00,14.2,0.0,11.0,33.8,281
2021-07-19 17:00:00,14.0,0.0,10.0,31.7,283
2021-07-19 18:00:00,13.6,0.0,8.7,28.4,287
2021-07-19 19:00:00,13.3,0.0,5.9,24.5,284
2021-07-19 20:00:00,13.1,0.0,4.0,16.6,265
2021-07-19 21:00:00,12.8,0.0,4.0,11.5,207
2021-07-19 22:00:00,12.3,0.0,5.2,11.9,164
2021-07-19 23:00:00,12.1,0.0,6.6,14.4,158
2021-07-20 00:00:00,11.8,0.1,8.2,18.4,151
2021-07-20 01:00:00,12.1,0.2,7.3,22.0,147
2021-07-20 02:00:00,12.1,0.4,7.0,16.6,145
2021-07-20 03:00:00,12.0,0.5,7.8,16.9,146
2021-07-20 04:00:00,11.9,0.4,8.6,19.1,147
2021-07-20 05:00:00,11.6,0.5,8.2,20.5,151
2021-07-20 06:00:00,11.9,0.2,9.9,21.6,161
2021-07-20 07:00:00,12.6,0.1,7.6,22.7,172
2021-07-20 08:00:00,13.2,0.1,3.5,17.3,246
2021-07-20 09:00:00,13.6,0.3,5.6,15.5,315
2021-07-20 10:00:00,14.5,0.3,10.0,24.1,319
2021-07-20 11:00:00,14.1,0.1,13.5,33.8,326
2021-07-20 12:00:00,14.6,0.0,12.2,34.2,326
2021-07-20 13:00:00,13.6,0.0,10.2,32.0,315
2021-07-20 14:00:00,14.6,0.0,9.2,27.7,318
2021-07-20 15:00:00,15.5,0.0,9.6,26.6,326
2021-07-20 16:00:00,15.7,0.0,11.7,30.6,326
2021-07-20 17:00:00,15.2,0.0,13.9,35.3,323
2021-07-20 18:00:00,14.4,0.0,13.9,36.0,323
2021-07-20 19:00:00,14.1,0.0,14.2,36.0,330
2021-07-20 20:00:00,13.1,0.0,13.9,35.6,335
2021-07-20 21:00:00,11.7,0.0,12.8,34.9,338
2021-07-20 22:00:00,10.5,0.0,12.6,31.3,340
2021-07-20 23:00:00,9.8,0.0,11.6,30.2,344
2021-07-21 00:00:00,9.1,0.0,10.2,28.1,350
2021-07-21 01:00:00,8.7,0.0,6.5,24.5,360
2021-07-21 02:00:00,9.0,0.0,5.9,18.0,11
2021-07-21 03:00:00,8.5,0.0,6.1,15.8,3
2021-07-21 04:00:00,8.4,0.0,6.9,17.6,6
2021-07-21 05:00:00,8.6,0.0,6.8,17.6,18
2021-07-21 06:00:00,10.1,0.0,5.4,16.9,4
2021-07-21 07:00:00,11.8,0.0,6.7,20.5,344
2021-07-21 08:00:00,13.4,0.0,8.1,24.1,339
2021-07-21 09:00:00,15.0,0.0,8.9,26.3,333
2021-07-21 10:00:00,16.3,0.0,9.3,27.7,324
2021-07-21 11:00:00,17.2,0.0,10.9,31.7,314
2021-07-21 12:00:00,17.6,0.0,12.3,34.9,310
2021-07-21 13:00:00,17.6,0.0,12.7,37.1,305
2021-07-21 14:00:00,17.7,0.0,13.7,37.8,305
2021-07-21 15:00:00,17.4,0.0,13.7,37.8,305
2021-07-21 16:00:00,17.0,0.0,13.3,37.8,308
2021-07-21 17:00:00,16.6,0.0,12.2,36.7,313
2021-07-21 18:00:00,15.8,0.0,11.7,33.5,313
2021-07-21 19:00:00,14.6,0.0,12.0,31.3,314
2021-07-21 20:00:00,13.5,0.0,11.3,31.0,323
2021-07-21 21:00:00,12.1,0.0,9.0,28.1,331
2021-07-21 22:00:00,11.1,0.0,8.6,20.9,338
2021-07-21 23:00:00,10.7,0.0,8.7,19.4,343
2021-07-22 00:00:00,10.5,0.0,7.7,19.1,349
2021-07-22 01:00:00,10.4,0.0,7.3,17.3,351
2021-07-22 02:00:00,10.6,0.0,6.5,17.3,6
2021-07-22 03:00:00,10.4,0.0,7.2,16.6,18
2021-07-22 04:00:00,10.2,0.0,5.9,16.2,43
2021-07-22 05:00:00,10.6,0.0,5.3,13.7,62
2021-07-22 06:00:00,11.8,0.0,3.5,13.0,24
2021-07-22 07:00:00,12.9,0.0,7.1,20.2,336
2021-07-22 08:00:00,13.7,0.0,8.6,24.8,338
2021-07-22 09:00:00,14.7,0.0,8.9,26.3,339
2021-07-22 10:00:00,15.5,0.0,10.2,28.8,337
2021-07-22 11:00:00,16.0,0.0,10.8,30.2,334
2021-07-22 12:00:00,16.5,0.0,11.3,31.7,333
2021-07-22 13:00:00,16.6,0.0,11.7,34.9,317
2021-07-22 14:00:00,17.8,0.0,14.1,38.2,320
2021-07-22 15:00:00,17.8,0.0,16.1,42.5,321
2021-07-22 16:00:00,17.9,0.0,16.8,44.3,325
2021-07-22 17:00:00,17.7,0.0,16.5,44.3,328
2021-07-22 18:00:00,17.0,0.0,16.8,43.2,332
2021-07-22 19:00:00,15.8,0.0,16.1,42.8,331
2021-07-22 20:00:00,14.5,0.0,14.4,41.0,328
2021-07-22 21:00:00,13.3,0.0,12.6,35.3,333
2021-07-22 22:00:00,12.3,0.0,10.7,29.9,340
2021-07-22 23:00:00,11.8,0.0,8.4,25.6,350
2021-07-23 00:00:00,11.4,0.0,5.8,20.2,4
2021-07-23 01:00:00,10.0,0.0,7.6,14.4,360
2021-07-23 02:00:00,10.1,0.0,4.4,15.5,35
2021-07-23 03:00:00,10.7,0.0,1.8,10.4,127
2021-07-23 04:00:00,9.9,0.0,1.0,6.5,135
2021-07-23 05:00:00,10.2,0.0,2.6,8.6,146
2021-07-23 06:00:00,11.4,0.0,3.7,11.2,151
2021-07-23 07:00:00,13.6,0.0,3.4,12.6,148
2021-07-23 08:00:00,16.7,0.0,3.3,14.0,167
2021-07-23 09:00:00,18.9,0.0,3.4,14.8,212
2021-07-23 10:00:00,20.4,0.0,4.0,16.9,243
2021-07-23 11:00:00,21.7,0.0,4.8,18.4,257
2021-07-23 12:00:00,22.6,0.0,5.4,20.2,262
2021-07-23 13:00:00,22.6,0.0,6.6,21.6,248
2021-07-23 14:00:00,23.3,0.0,6.7,24.1,234
2021-07-23 15:00:00,23.7,0.0,6.4,23.4,223
2021-07-23 16:00:00,23.2,0.0,8.4,25.9,211
2021-07-23 17:00:00,22.2,0.0,8.6,26.3,202
2021-07-23 18:00:00,21.5,0.0,9.6,26.3,193
2021-07-23 19:00:00,20.1,0.0,8.4,26.3,200
2021-07-23 20:00:00,18.1,0.0,7.7,23.0,208
2021-07-23 21:00:00,15.8,0.0,6.9,19.4,208
2021-07-23 22:00:00,14.3,0.0,5.8,16.6,176
2021-07-23 23:00:00,13.8,0.0,6.1,14.4,152
2021-07-24 00:00:00,13.7,0.0,7.3,16.2,160
2021-07-24 01:00:00,12.8,0.0,6.6,16.2,171
2021-07-24 02:00:00,13.2,0.0,5.2,15.8,164
2021-07-24 03:00:00,13.2,0.0,4.3,13.0,138
2021-07-24 04:00:00,13.3,0.0,3.1,10.4,111
2021-07-24 05:00:00,13.4,0.0,4.0,9.4,63
2021-07-24 06:00:00,14.3,0.0,2.3,9.7,51
2021-07-24 07:00:00,15.8,0.0,1.1,8.6,288
2021-07-24 08:00:00,17.5,0.0,1.9,11.5,292
2021-07-24 09:00:00,18.7,0.0,2.9,13.7,300
2021-07-24 10:00:00,20.3,0.0,3.3,15.8,311
2021-07-24 11:00:00,21.3,0.0,4.9,18.7,287
2021-07-24 12:00:00,22.0,0.0,8.0,24.8,278
2021-07-24 13:00:00,18.4,0.0,10.2,30.6,278
2021-07-24 14:00:00,19.7,0.0,8.4,30.2,295
2021-07-24 15:00:00,19.8,0.0,8.4,26.6,301
2021-07-24 16:00:00,19.4,0.0,8.0,25.9,306
2021-07-24 17:00:00,19.3,0.0,7.8,24.5,304
2021-07-24 18:00:00,18.8,0.0,8.2,23.8,299
2021-07-24 19:00:00,17.8,0.0,7.7,23.8,298
2021-07-24 20:00:00,17.1,0.0,5.3,20.9,298
2021-07-24 21:00:00,16.1,0.0,3.6,13.0,354
2021-07-24 22:00:00,15.6,0.0,4.9,10.4,36
2021-07-24 23:00:00,14.6,0.0,3.9,10.4,56
2021-07-25 00:00:00,14.6,0.0,3.9,7.9,68
2021-07-25 01:00:00,14.1,0.0,4.7,9.7,58
2021-07-25 02:00:00,15.0,0.0,6.8,13.7,58
2021-07-25 03:00:00,15.1,0.0,7.2,14.4,53
2021-07-25 04:00:00,15.0,0.0,7.1,15.8,49
2021-07-25 05:00:00,15.1,0.0,6.9,15.5,39
2021-07-25 06:00:00,16.7,0.0,5.7,14.8,18
2021-07-25 07:00:00,18.9,0.0,3.7,14.0,11
2021-07-25 08:00:00,21.0,0.0,2.2,12.2,9
2021-07-25 09:00:00,22.8,0.0,1.3,11.2,326
2021-07-25 10:00:00,24.0,0.0,3.1,13.7,249
2021-07-25 11:00:00,24.7,0.0,4.5,17.3,256
2021-07-25 12:00:00,25.4,0.0,5.1,18.7,274
2021-07-25 13:00:00,24.9,0.0,7.7,30.6,298
2021-07-25 14:00:00,25.3,0.0,9.2,31.3,296
2021-07-25 15:00:00,25.1,0.0,9.0,29.2,299
2021-07-25 16:00:00,25.2,0.0,8.7,27.0,315
2021-07-25 17:00:00,25.0,0.0,10.1,27.0,325
2021-07-25 18:00:00,24.2,0.0,9.2,27.0,334
2021-07-25 19:00:00,23.5,0.0,7.2,23.4,333
2021-07-25 20:00:00,21.7,0.0,5.8,17.6,338
2021-07-25 21:00:00,20.5,0.0,4.0,13.0,360
2021-07-25 22:00:00,19.6,0.0,3.6,9.4,84
2021-07-25 23:00:00,19.2,0.0,4.7,10.8,94
2021-07-26 00:00:00,18.9,0.0,7.9,17.3,114
2021-07-26 01:00:00,17.8,0.0,6.6,17.6,119
2021-07-26 02:00:00,17.3,0.0,7.6,18.0,109
2021-07-26 03:00:00,16.3,0.0,7.6,18.0,109
2021-07-26 04:00:00,16.4,0.0,7.2,19.4,108
2021-07-26 05:00:00,16.3,0.0,3.3,17.3,186
2021-07-26 06:00:00,17.1,0.0,1.1,9.4,72
2021-07-26 07:00:00,20.1,0.0,3.6,11.2,53
2021-07-26 08:00:00,22.9,0.0,3.6,12.6,53
2021-07-26 09:00:00,24.6,0.0,4.1,14.4,75
2021-07-26 10:00:00,25.9,0.0,5.7,18.7,125
2021-07-26 11:00:00,26.3,0.0,5.2,19.1,146
2021-07-26 12:00:00,27.0,0.0,10.1,28.1,180
2021-07-26 13:00:00,26.7,0.0,7.2,33.1,198
2021-07-26 14:00:00,26.5,0.0,7.8,23.0,236
2021-07-26 15:00:00,25.3,0.0,4.5,22.7,241
2021-07-26 16:00:00,24.9,0.0,3.9,14.4,292
2021-07-26 17:00:00,24.5,0.0,5.4,18.7,278
2021-07-26 18:00:00,21.3,0.1,6.6,25.6,299
2021-07-26 19:00:00,21.2,0.0,6.6,27.4,351
2021-07-26 20:00:00,20.3,0.0,4.4,22.3,55
2021-07-26 21:00:00,19.6,0.9,3.7,13.0,29
2021-07-26 22:00:00,18.7,0.4,4.8,11.5,333
2021-07-26 23:00:00,19.1,0.0,2.7,10.8,293
2021-07-27 00:00:00,17.5,0.0,1.3,8.6,146
2021-07-27 01:00:00,16.5,0.0,5.1,9.4,39
2021-07-27 02:00:00,16.8,0.1,5.2,13.0,25
2021-07-27 03:00:00,16.6,0.9,4.6,19.1,39
2021-07-27 04:00:00,16.3,1.2,2.4,10.8,27
2021-07-27 05:00:00,16.3,1.6,1.1,17.3,252
2021-07-27 06:00:00,16.3,1.8,3.3,21.2,96
2021-07-27 07:00:00,16.6,2.7,4.9,24.5,144
2021-07-27 08:00:00,16.9,5.3,6.8,26.6,148
2021-07-27 09:00:00,17.3,4.9,8.4,24.8,155
2021-07-27 10:00:00,17.6,1.4,9.0,28.8,157
2021-07-27 11:00:00,18.0,0.8,7.5,30.2,145
2021-07-27 12:00:00,19.6,0.0,6.3,23.4,156
2021-07-27 13:00:00,19.9,0.1,5.8,30.6,240
2021-07-27 14:00:00,20.5,0.1,4.7,30.6,279
2021-07-27 15:00:00,21.1,0.1,4.3,28.4,294
2021-07-27 16:00:00,20.5,0.0,5.8,27.0,300
2021-07-27 17:00:00,19.5,0.1,7.7,22.3,307
2021-07-27 18:00:00,18.5,0.1,6.6,22.3,315
2021-07-27 19:00:00,18.4,0.1,5.6,18.7,320
2021-07-27 20:00:00,18.1,0.0,6.3,16.2,336
2021-07-27 21:00:00,17.0,0.0,8.1,18.7,339
2021-07-27 22:00:00,16.1,0.1,6.8,18.7,342
2021-07-27 23:00:00,15.8,0.0,5.8,15.8,353
2021-07-28 00:00:00,15.4,0.0,5.0,13.3,360
2021-07-28 01:00:00,15.7,0.0,3.8,12.6,17
2021-07-28 02:00:00,15.8,0.0,2.2,10.8,360
2021-07-28 03:00:00,15.0,0.0,3.0,6.1,76
2021-07-28 04:00:00,15.9,0.0,2.1,5.8,149
2021-07-28 05:00:00,15.9,0.0,4.0,10.4,190
2021-07-28 06:00:00,16.1,0.0,4.4,12.2,189
2021-07-28 07:00:00,16.6,0.2,6.8,17.3,180
2021-07-28 08:00:00,17.1,1.2,6.1,16.9,152
2021-07-28 09:00:00,17.3,1.5,7.1,16.6,156
2021-07-28 10:00:00,17.2,0.6,8.0,20.2,170
2021-07-28 11:00:00,17.3,1.6,9.1,21.6,173
2021-07-28 12:00:00,17.2,1.3,11.0,25.9,191
2021-07-28 13:00:00,20.2,1.1,5.4,27.0,188
2021-07-28 14:00:00,20.9,0.0,8.4,30.2,220
2021-07-28 15:00:00,19.4,0.3,7.6,30.2,205
2021-07-28 16:00:00,19.8,0.0,3.5,24.8,204
2021-07-28 17:00:00,19.5,0.0,2.9,14.4,187
2021-07-28 18:00:00,19.1,0.0,1.5,12.2,104
2021-07-28 19:00:00,18.5,0.0,1.5,8.6,166
2021-07-28 20:00:00,17.7,0.0,3.7,9.0,169
2021-07-28 21:00:00,16.5,0.3,2.7,9.7,157
2021-07-28 22:00:00,16.4,0.3,1.1,7.2,90
2021-07-28 23:00:00,15.8,0.5,2.3,5.8,51
2021-07-29 00:00:00,15.5,0.5,3.4,6.8,108
2021-07-29 01:00:00,14.7,0.7,3.8,10.4,17
2021-07-29 02:00:00,15.2,0.0,5.4,13.0,20
2021-07-29 03:00:00,14.6,0.0,6.2,15.8,21
2021-07-29 04:00:00,14.3,0.0,5.2,15.5,16
2021-07-29 05:00:00,14.1,0.0,4.3,13.7,24
2021-07-29 06:00:00,15.3,0.0,4.6,12.6,18
2021-07-29 07:00:00,16.1,0.0,3.3,11.2,13
2021-07-29 08:00:00,17.7,0.0,1.9,12.2,22
2021-07-29 09:00:00,19.3,0.0,3.3,13.7,167
2021-07-29 10:00:00,18.2,2.0,7.8,20.2,167
2021-07-29 11:00:00,18.1,0.6,9.4,24.5,198
2021-07-29 12:00:00,17.8,1.1,6.3,24.8,193
2021-07-29 13:00:00,17.0,0.0,6.1,21.6,242
2021-07-29 14:00:00,17.3,0.2,8.4,23.0,245
2021-07-29 15:00:00,17.0,0.1,7.9,25.6,273
2021-07-29 16:00:00,17.4,0.1,8.6,23.8,285
2021-07-29 17:00:00,17.6,0.1,9.0,25.9,286
2021-07-29 18:00:00,17.0,0.0,9.3,25.6,286
2021-07-29 19:00:00,16.4,0.2,6.9,24.8,279
2021-07-29 20:00:00,16.1,0.1,6.1,18.0,267
2021-07-29 21:00:00,15.5,0.1,4.4,15.5,261
2021-07-29 22:00:00,15.4,0.1,5.4,12.6,274
2021-07-29 23:00:00,15.4,0.1,6.8,15.8,288
2021-07-30 00:00:00,15.4,0.1,6.8,16.2,288
2021-07-30 01:00:00,15.6,0.1,10.4,16.6,316
2021-07-30 02:00:00,15.6,0.1,9.7,24.5,321
2021-07-30 03:00:00,15.4,0.1,9.4,23.8,313
2021-07-30 04:00:00,15.3,0.1,7.5,22.0,305
2021-07-30 05:00:00,15.3,0.0,4.8,17.3,283
2021-07-30 06:00:00,15.5,0.0,3.3,11.9,257
2021-07-30 07:00:00,15.8,0.1,4.9,13.0,234
2021-07-30 08:00:00,16.1,0.1,4.9,14.0,234
2021-07-30 09:00:00,16.5,0.0,3.4,13.7,238
2021-07-30 10:00:00,17.2,0.1,1.8,11.9,270
2021-07-30 11:00:00,18.7,0.1,3.4,14.8,328
2021-07-30 12:00:00,19.4,0.0,6.5,19.8,304
2021-07-30 13:00:00,19.7,0.0,9.5,27.4,299
2021-07-30 14:00:00,19.9,0.0,12.6,33.5,294
2021-07-30 15:00:00,19.2,0.0,13.6,37.1,292
2021-07-30 16:00:00,18.7,0.0,12.8,37.1,292
2021-07-30 17:00:00,18.2,0.0,13.0,35.3,304
2021-07-30 18:00:00,17.2,0.0,13.2,35.6,313
2021-07-30 19:00:00,16.0,0.0,12.2,35.3,317
2021-07-30 20:00:00,14.7,0.0,11.0,31.7,322
2021-07-30 21:00:00,13.2,0.0,10.7,27.4,327
2021-07-30 22:00:00,12.2,0.0,10.0,25.6,330
2021-07-30 23:00:00,11.8,0.0,10.0,24.5,330
2021-07-31 00:00:00,11.5,0.0,10.5,25.2,329
2021-07-31 01:00:00,12.4,0.0,11.3,25.2,333
2021-07-31 02:00:00,12.3,0.0,11.4,28.4,336
2021-07-31 03:00:00,12.1,0.0,11.2,28.1,339
2021-07-31 04:00:00,11.8,0.0,10.1,27.4,343
2021-07-31 05:00:00,11.9,0.0,9.6,24.8,340
2021-07-31 06:00:00,12.6,0.0,9.2,25.6,339
2021-07-31 07:00:00,13.5,0.0,12.9,32.4,337
2021-07-31 08:00:00,14.3,0.0,14.6,37.8,340
2021-07-31 09:00:00,15.1,0.0,13.8,37.8,340
2021-07-31 10:00:00,15.1,0.0,12.3,36.7,345
2021-07-31 11:00:00,15.0,0.0,11.4,32.8,342
2021-07-31 12:00:00,15.9,0.0,11.5,31.3,340
2021-07-31 13:00:00,16.5,0.0,12.9,36.4,333
2021-07-31 14:00:00,16.5,0.0,15.8,41.4,330
2021-07-31 15:00:00,16.6,0.0,17.5,45.0,328
2021-07-31 16:00:00,16.0,0.0,18.0,46.1,327
2021-07-31 17:00:00,15.9,0.0,17.6,45.7,325
2021-07-31 18:00:00,15.4,0.0,18.4,47.2,329
2021-07-31 19:00:00,14.6,0.0,18.2,46.8,330
2021-07-31 20:00:00,13.7,0.0,16.5,45.7,328
2021-07-31 21:00:00,12.7,0.0,16.3,41.0,332
2021-07-31 22:00:00,12.2,0.0,15.0,39.6,339
2021-07-31 23:00:00,11.9,0.0,13.7,36.7,342
2021-08-01 00:00:00,11.6,0.0,14.0,34.2,348
2021-08-01 01:00:00,12.0,0.0,11.7,34.2,349
2021-08-01 02:00:00,11.5,0.0,10.9,28.1,354
2021-08-01 03:00:00,11.3,0.0,11.2,27.0,354
2021-08-01 04:00:00,10.9,0.0,11.2,27.0,358
2021-08-01 05:00:00,10.7,0.0,10.9,27.0,354
2021-08-01 06:00:00,11.6,0.0,11.4,29.5,349
2021-08-01 07:00:00,12.9,0.0,12.8,33.1,349
2021-08-01 08:00:00,14.3,0.0,14.3,38.2,348
2021-08-01 09:00:00,15.6,0.0,15.3,40.0,345
2021-08-01 10:00:00,16.7,0.0,16.2,43.2,343
2021-08-01 11:00:00,18.0,0.0,16.2,43.6,343
2021-08-01 12:00:00,18.9,0.0,16.8,45.0,345
2021-08-01 13:00:00,19.2,0.0,16.4,46.8,345
2021-08-01 14:00:00,19.9,0.0,16.1,44.3,340
2021-08-01 15:00:00,19.8,0.0,18.1,46.8,337
2021-08-01 16:00:00,18.9,0.0,21.4,53.6,331
2021-08-01 17:00:00,17.6,0.0,22.8,58.0,329
2021-08-01 18:00:00,16.3,0.0,22.9,58.3,334
2021-08-01 19:00:00,15.0,0.0,20.9,57.2,333
2021-08-01 20:00:00,13.8,0.0,20.3,52.9,337
2021-08-01 21:00:00,12.6,0.0,18.8,49.7,340
2021-08-01 22:00:00,11.9,0.0,17.9,46.4,341
2021-08-01 23:00:00,11.5,0.0,16.7,43.9,341
2021-08-02 00:00:00,11.0,0.0,16.3,41.4,342
2021-08-02 01:00:00,11.5,0.0,14.3,40.0,342
2021-08-02 02:00:00,11.2,0.0,14.1,35.3,341
2021-08-02 03:00:00,11.1,0.0,14.1,34.9,341
2021-08-02 04:00:00,11.2,0.0,14.6,36.4,340
2021-08-02 05:00:00,11.0,0.0,14.1,36.4,341
2021-08-02 06:00:00,11.4,0.0,13.4,35.6,340
2021-08-02 07:00:00,12.5,0.0,14.2,37.1,339
2021-08-02 08:00:00,13.5,0.0,15.0,39.6,339
2021-08-02 09:00:00,14.4,0.0,15.5,41.4,335
2021-08-02 10:00:00,15.1,0.0,15.1,41.8,327
2021-08-02 11:00:00,16.1,0.0,13.8,40.7,327
2021-08-02 12:00:00,16.8,0.0,13.6,38.2,320
2021-08-02 13:00:00,16.7,0.0,15.1,42.5,308
2021-08-02 14:00:00,17.0,0.0,18.4,47.9,309
2021-08-02 15:00:00,16.2,0.0,20.1,53.6,314
2021-08-02 16:00:00,16.1,0.0,18.1,52.6,316
2021-08-02 17:00:00,15.5,0.0,17.3,46.8,315
2021-08-02 18:00:00,14.9,0.0,16.3,45.0,315
2021-08-02 19:00:00,14.2,0.0,14.8,41.8,319
2021-08-02 20:00:00,13.2,0.0,12.2,37.1,315
2021-08-02 21:00:00,12.0,0.0,11.2,29.9,312
2021-08-02 22:00:00,11.4,0.0,10.7,26.6,315
2021-08-02 23:00:00,11.1,0.0,9.0,24.8,323
2021-08-03 00:00:00,10.9,0.0,7.6,20.9,335
2021-08-03 01:00:00,11.0,0.0,7.9,18.0,330
2021-08-03 02:00:00,11.0,0.0,7.6,20.2,329
2021-08-03 03:00:00,10.4,0.0,5.0,18.7,330
2021-08-03 04:00:00,9.0,0.0,6.3,14.0,329
2021-08-03 05:00:00,10.3,0.0,5.6,14.4,315
2021-08-03 06:00:00,11.1,0.0,3.6,12.6,323
2021-08-03 07:00:00,12.5,0.0,4.8,14.8,318
2021-08-03 08:00:00,13.6,0.0,8.3,23.4,326
2021-08-03 09:00:00,14.6,0.0,7.7,24.1,323
2021-08-03 10:00:00,15.6,0.0,6.9,23.4,317
2021-08-03 11:00:00,16.3,0.0,8.2,25.9,299
2021-08-03 12:00:00,16.7,0.0,10.5,31.0,292
2021-08-03 13:00:00,14.7,0.0,13.7,42.1,284
2021-08-03 14:00:00,15.0,0.0,13.3,38.2,289
2021-08-03 15:00:00,15.0,0.0,12.9,37.1,293
2021-08-03 16:00:00,15.0,0.0,11.4,35.3,294
2021-08-03 17:00:00,14.9,0.0,10.8,32.0,296
2021-08-03 18:00:00,14.6,0.0,10.3,29.5,295
2021-08-03 19:00:00,13.8,0.0,9.2,27.7,296
2021-08-03 20:00:00,12.7,0.0,7.8,24.1,292
2021-08-03 21:00:00,11.5,0.0,6.3,17.6,301
2021-08-03 22:00:00,11.0,0.0,5.6,14.0,315
2021-08-03 23:00:00,10.6,0.0,4.3,12.6,336
2021-08-04 00:00:00,9.7,0.0,3.9,10.4,22
2021-08-04 01:00:00,10.1,0.0,4.1,8.3,52
2021-08-04 02:00:00,8.9,0.0,4.0,6.5,85
2021-08-04 03:00:00,8.8,0.0,2.9,6.8,97
2021-08-04 04:00:00,8.7,0.0,4.1,8.6,105
2021-08-04 05:00:00,8.6,0.0,4.2,9.4,121
2021-08-04 06:00:00,9.8,0.0,5.1,10.1,141
2021-08-04 07:00:00,12.3,0.0,4.5,13.0,166
2021-08-04 08:00:00,13.6,0.0,5.0,16.6,180
2021-08-04 09:00:00,15.0,0.0,5.1,17.6,188
2021-08-04 10:00:00,15.8,0.0,4.8,17.6,222
2021-08-04 11:00:00,15.7,0.0,5.9,18.4,256
2021-08-04 12:00:00,15.6,0.0,6.6,20.9,261
2021-08-04 13:00:00,15.6,0.0,3.6,21.6,276
2021-08-04 14:00:00,17.1,0.0,5.5,17.6,293
2021-08-04 15:00:00,17.2,0.0,7.6,22.7,295
2021-08-04 16:00:00,16.7,0.0,7.6,23.0,278
2021-08-04 17:00:00,16.8,0.0,8.6,24.8,270
2021-08-04 18:00:00,15.7,0.0,8.3,25.2,272
2021-08-04 19:00:00,15.3,0.0,6.1,23.0,273
2021-08-04 20:00:00,14.3,0.0,1.9,16.9,338
2021-08-04 21:00:00,12.6,0.0,3.4,5.0,58
2021-08-04 22:00:00,11.6,0.0,2.5,6.5,90
2021-08-04 23:00:00,11.4,0.0,4.2,9.4,110
2021-08-05 00:00:00,10.8,0.0,5.3,11.2,118
2021-08-05 01:00:00,9.8,0.0,5.8,12.6,120
2021-08-05 02:00:00,10.4,0.0,7.4,16.6,129
2021-08-05 03:00:00,10.2,0.0,8.7,18.7,132
2021-08-05 04:00:00,10.0,0.0,9.2,20.5,135
2021-08-05 05:00:00,10.1,0.0,10.4,23.4,136
2021-08-05 06:00:00,11.7,0.0,10.0,24.1,139
2021-08-05 07:00:00,13.9,0.0,9.6,25.2,146
2021-08-05 08:00:00,15.6,0.0,11.6,31.3,158
2021-08-05 09:00:00,16.8,0.0,12.2,33.5,161
2021-08-05 10:00:00,17.7,0.0,13.7,40.0,175
2021-08-05 11:00:00,18.2,0.1,14.5,41.4,187
2021-08-05 12:00:00,18.2,0.2,16.0,41.8,194
2021-08-05 13:00:00,17.6,0.1,10.9,42.1,189
2021-08-05 14:00:00,18.8,0.1,10.1,32.4,197
2021-08-05 15:00:00,19.0,0.0,9.7,29.5,207
2021-08-05 16:00:00,18.8,0.0,8.7,28.1,204
2021-08-05 17:00:00,18.5,0.0,7.6,25.2,211
2021-08-05 18:00:00,17.9,0.0,6.5,22.3,214
2021-08-05 19:00:00,17.0,0.0,7.2,18.7,198
2021-08-05 20:00:00,15.7,0.0,7.3,20.2,169
2021-08-05 21:00:00,14.4,0.0,7.1,18.7,131
2021-08-05 22:00:00,14.0,0.0,7.7,17.6,127
2021-08-05 23:00:00,13.6,0.0,8.2,18.4,131
2021-08-06 00:00:00,13.3,0.0,7.9,18.4,114
2021-08-06 01:00:00,13.3,0.0,11.4,19.1,77
2021-08-06 02:00:00,13.9,0.0,9.5,25.2,79
2021-08-06 03:00:00,12.7,0.0,9.8,22.0,84
2021-08-06 04:00:00,12.0,0.0,9.4,21.6,86
2021-08-06 05:00:00,11.9,0.0,9.4,22.0,90
2021-08-06 06:00:00,12.8,0.0,9.0,21.6,90
2021-08-06 07:00:00,14.9,0.0,7.2,21.2,93
2021-08-06 08:00:00,16.8,0.0,4.7,18.4,81
2021-08-06 09:00:00,18.2,0.0,5.8,18.0,90
2021-08-06 10:00:00,18.8,0.0,6.3,18.0,66
2021-08-06 11:00:00,21.2,0.0,9.0,27.0,67
2021-08-06 12:00:00,22.6,0.0,8.4,27.0,100
2021-08-06 13:00:00,22.7,0.0,6.9,29.9,84
2021-08-06 14:00:00,23.7,0.0,5.0,24.8,90
2021-08-06 15:00:00,24.0,0.0,4.5,20.9,119
2021-08-06 16:00:00,23.9,0.0,6.0,19.4,123
2021-08-06 17:00:00,23.5,0.0,7.6,20.5,135
2021-08-06 18:00:00,22.6,0.0,9.7,24.5,129
2021-08-06 19:00:00,20.8,0.0,6.5,24.8,109
2021-08-06 20:00:00,19.5,0.0,7.6,19.1,90
2021-08-06 21:00:00,17.8,0.0,9.7,23.4,90
2021-08-06 22:00:00,16.5,0.0,10.9,27.4,81
2021-08-06 23:00:00,15.6,0.0,10.3,27.0,78
2021-08-07 00:00:00,15.1,0.0,8.0,25.2,72
2021-08-07 01:00:00,15.8,0.0,9.9,23.0,80
2021-08-07 02:00:00,16.6,0.0,9.3,25.2,77
2021-08-07 03:00:00,15.9,0.0,9.6,24.8,77
2021-08-07 04:00:00,15.3,0.0,9.8,24.8,66
2021-08-07 05:00:00,15.0,0.0,11.1,27.0,61
2021-08-07 06:00:00,16.2,0.0,11.8,30.2,67
2021-08-07 07:00:00,17.6,0.0,11.5,30.6,86
2021-08-07 08:00:00,18.0,0.0,12.2,33.1,90
2021-08-07 09:00:00,18.7,0.0,10.7,33.8,102
2021-08-07 10:00:00,20.7,0.0,14.2,38.9,111
2021-08-07 11:00:00,21.6,0.0,13.9,39.2,121
2021-08-07 12:00:00,22.5,0.0,15.0,44.6,132
2021-08-07 13:00:00,21.1,0.0,3.6,45.0,180
2021-08-07 14:00:00,22.3,0.0,10.6,30.2,152
2021-08-07 15:00:00,21.9,0.0,10.8,30.6,159
2021-08-07 16:00:00,20.4,0.1,9.2,30.2,169
2021-08-07 17:00:00,17.6,0.3,2.9,24.8,353
2021-08-07 18:00:00,17.3,0.1,6.8,16.2,357
2021-08-07 19:00:00,16.9,0.0,8.1,18.4,13
2021-08-07 20:00:00,16.9,0.0,3.6,20.2,45
2021-08-07 21:00:00,16.1,0.1,6.5,13.3,174
2021-08-07 22:00:00,15.3,0.1,4.2,15.5,211
2021-08-07 23:00:00,14.8,0.3,2.9,9.4,7
2021-08-08 00:00:00,14.9,0.1,7.3,15.8,33
2021-08-08 01:00:00,15.4,0.0,3.3,18.0,167
2021-08-08 02:00:00,13.6,0.1,5.0,10.8,21
2021-08-08 03:00:00,13.6,0.0,5.1,8.3,8
2021-08-08 04:00:00,13.4,0.0,4.9,9.0,36
2021-08-08 05:00:00,12.2,0.0,4.5,8.6,61
2021-08-08 06:00:00,13.9,0.0,3.3,7.9,84
2021-08-08 07:00:00,15.1,0.0,3.9,11.2,56
2021-08-08 08:00:00,16.8,0.0,3.6,13.3,45
2021-08-08 09:00:00,17.8,0.0,1.9,13.7,68
2021-08-08 10:00:00,18.9,0.1,2.9,13.7,187
2021-08-08 11:00:00,19.9,0.1,3.8,15.8,221
2021-08-08 12:00:00,20.3,0.1,5.7,19.4,252
2021-08-08 13:00:00,19.1,0.1,2.9,24.1,270
2021-08-08 14:00:00,19.4,0.1,7.9,23.4,321
2021-08-08 15:00:00,19.4,0.1,9.4,28.8,337
2021-08-08 16:00:00,19.9,0.0,5.2,27.7,344
2021-08-08 17:00:00,19.9,0.0,6.4,19.4,308
2021-08-08 18:00:00,19.4,0.0,6.5,20.2,304
2021-08-08 19:00:00,18.5,0.0,6.0,18.7,295
2021-08-08 20:00:00,17.6,0.0,5.0,14.0,330
2021-08-08 21:00:00,16.5,0.0,4.5,10.8,14
2021-08-08 22:00:00,15.9,0.0,5.1,11.5,45
2021-08-08 23:00:00,15.2,0.0,4.5,11.2,61
2021-08-09 00:00:00,14.7,0.0,4.4,10.1,81
2021-08-09 01:00:00,14.1,0.0,6.1,11.2,135
2021-08-09 02:00:00,14.1,0.0,4.7,15.5,122
2021-08-09 03:00:00,13.5,0.0,3.7,12.6,101
2021-08-09 04:00:00,12.9,0.0,3.3,10.4,96
2021-08-09 05:00:00,12.5,0.0,2.6,9.7,106
2021-08-09 06:00:00,13.8,0.0,2.9,8.3,150
2021-08-09 07:00:00,14.7,0.1,1.6,7.6,63
2021-08-09 08:00:00,16.8,0.0,3.6,11.2,53
2021-08-09 09:00:00,19.0,0.0,1.5,11.9,45
2021-08-09 10:00:00,20.1,0.0,1.5,24.1,194
2021-08-09 11:00:00,20.6,0.0,5.4,26.6,222
2021-08-09 12:00:00,19.0,0.0,5.5,27.7,247
2021-08-09 13:00:00,19.9,0.3,3.0,17.3,166
2021-08-09 14:00:00,20.8,0.0,4.5,31.0,209
2021-08-09 15:00:00,20.2,0.0,8.0,33.8,207
2021-08-09 16:00:00,18.1,0.4,9.3,35.3,167
2021-08-09 17:00:00,18.0,0.1,8.0,35.6,153
2021-08-09 18:00:00,18.0,0.0,7.4,30.6,151
2021-08-09 19:00:00,16.6,1.3,9.1,29.9,173
2021-08-09 20:00:00,15.6,0.4,7.9,29.5,150
2021-08-09 21:00:00,14.8,0.5,7.8,26.3,146
2021-08-09 22:00:00,14.6,1.2,6.4,24.1,142
2021-08-09 23:00:00,14.6,0.2,8.9,22.7,153
2021-08-10 00:00:00,14.4,0.8,9.9,25.9,161
2021-08-10 01:00:00,14.3,0.5,9.8,28.8,174
2021-08-10 02:00:00,14.6,0.2,14.6,33.1,170
2021-08-10 03:00:00,14.3,0.1,12.6,33.5,167
2021-08-10 04:00:00,14.2,0.0,10.8,29.5,159
2021-08-10 05:00:00,14.2,0.0,9.7,26.6,153
2021-08-10 06:00:00,14.1,0.0,9.4,24.1,157
2021-08-10 07:00:00,14.8,0.1,8.9,23.4,159
2021-08-10 08:00:00,15.7,0.0,9.2,24.8,154
2021-08-10 09:00:00,16.8,0.1,8.8,26.6,161
2021-08-10 10:00:00,17.6,0.0,8.1,25.9,167
2021-08-10 11:00:00,18.5,0.0,8.3,29.9,175
2021-08-10 12:00:00,19.1,0.1,8.5,29.9,192
2021-08-10 13:00:00,19.2,0.1,8.0,26.3,207
2021-08-10 14:00:00,19.3,0.2,6.9,24.1,219
2021-08-10 15:00:00,19.0,0.2,7.4,22.7,247
2021-08-10 16:00:00,18.3,0.2,7.9,23.0,240
2021-08-10 17:00:00,17.8,0.1,6.3,22.3,239
2021-08-10 18:00:00,17.3,0.1,4.6,18.4,225
2021-08-10 19:00:00,16.7,0.0,1.3,13.7,236
2021-08-10 20:00:00,15.9,0.0,1.3,5.0,124
2021-08-10 21:00:00,14.9,0.0,3.1,7.2,135
2021-08-10 22:00:00,14.3,0.0,5.1,10.1,141
2021-08-10 23:00:00,13.9,0.0,4.4,10.8,145
2021-08-11 00:00:00,13.4,0.0,3.3,9.4,139
2021-08-11 01:00:00,12.6,0.0,4.3,7.9,132
2021-08-11 02:00:00,12.4,0.0,3.1,7.9,126
2021-08-11 03:00:00,11.8,0.0,3.8,7.6,139
2021-08-11 04:00:00,11.6,0.0,4.6,8.6,141
2021-08-11 05:00:00,11.4,0.0,4.2,9.0,110
2021-08-11 06:00:00,13.2,0.0,1.8,7.9,90
2021-08-11 07:00:00,14.8,0.0,2.3,9.0,108
2021-08-11 08:00:00,16.1,0.0,3.8,13.3,163
2021-08-11 09:00:00,16.7,0.1,4.3,16.9,185
2021-08-11 10:00:00,17.5,0.1,4.8,17.3,193
2021-08-11 11:00:00,18.7,0.0,5.7,22.0,198
2021-08-11 12:00:00,19.4,0.0,8.0,27.0,216
2021-08-11 13:00:00,17.8,0.0,7.3,29.2,259
2021-08-11 14:00:00,18.0,0.3,8.4,24.8,277
2021-08-11 15:00:00,17.8,0.1,9.0,26.3,275
2021-08-11 16:00:00,17.4,0.2,9.4,27.7,274
2021-08-11 17:00:00,17.1,0.1,8.0,27.4,275
2021-08-11 18:00:00,16.9,0.0,6.1,22.7,273
2021-08-11 19:00:00,16.3,0.0,5.1,18.4,278
2021-08-11 20:00:00,15.6,0.0,3.3,14.0,283
2021-08-11 21:00:00,13.7,0.0,3.3,7.6,257
2021-08-11 22:00:00,13.0,0.0,1.0,8.6,135
2021-08-11 23:00:00,13.2,0.0,2.3,7.2,162
2021-08-12 00:00:00,13.3,0.0,2.7,8.3,157
2021-08-12 01:00:00,13.3,0.0,3.8,9.4,107
2021-08-12 02:00:00,13.6,0.0,4.8,12.2,138
2021-08-12 03:00:00,13.5,0.0,7.1,16.2,120
2021-08-12 04:00:00,13.5,0.0,7.4,18.7,113
2021-08-12 05:00:00,13.3,0.5,4.3,17.6,138
2021-08-12 06:00:00,13.7,0.0,6.1,15.1,140
2021-08-12 07:00:00,14.6,0.6,5.9,15.8,137
2021-08-12 08:00:00,16.2,0.0,8.2,22.0,139
2021-08-12 09:00:00,17.1,0.0,14.1,34.2,161
2021-08-12 10:00:00,18.0,0.0,15.4,40.3,159
2021-08-12 11:00:00,17.6,0.8,14.0,42.1,162
2021-08-12 12:00:00,18.5,0.3,15.9,41.4,162
2021-08-12 13:00:00,18.4,0.0,13.6,42.8,163
2021-08-12 14:00:00,18.6,0.3,14.4,44.6,148
2021-08-12 15:00:00,18.4,0.8,16.1,46.1,151
2021-08-12 16:00:00,17.1,1.0,14.0,45.4,162
2021-08-12 17:00:00,16.0,1.3,14.8,38.9,177
2021-08-12 18:00:00,16.1,0.3,12.8,37.8,190
2021-08-12 19:00:00,16.0,0.1,12.2,32.8,180
2021-08-12 20:00:00,15.0,0.0,11.3,32.8,171
2021-08-12 21:00:00,14.4,0.0,9.9,29.2,161
2021-08-12 22:00:00,13.9,0.0,9.4,26.3,162
2021-08-12 23:00:00,13.9,0.0,8.3,25.2,162
2021-08-13 00:00:00,13.6,0.0,7.0,22.7,159
2021-08-13 01:00:00,13.3,0.0,8.6,20.2,147
2021-08-13 02:00:00,13.4,0.0,8.3,22.3,146
2021-08-13 03:00:00,13.1,0.0,6.4,21.6,137
2021-08-13 04:00:00,12.5,0.0,5.6,18.7,140
2021-08-13 05:00:00,12.2,0.0,6.4,17.3,137
2021-08-13 06:00:00,12.7,0.0,7.2,18.4,143
2021-08-13 07:00:00,14.1,0.0,9.5,23.4,155
2021-08-13 08:00:00,14.8,0.0,10.5,28.4,172
2021-08-13 09:00:00,15.6,0.0,14.1,34.6,177
2021-08-13 10:00:00,16.2,0.0,13.7,36.4,183
2021-08-13 11:00:00,17.3,0.0,13.0,36.4,185
2021-08-13 12:00:00,17.6,0.0,13.3,35.6,182
2021-08-13 13:00:00,17.5,0.0,15.0,40.0,190
2021-08-13 14:00:00,15.9,0.5,13.7,43.9,182
2021-08-13 15:00:00,15.5,0.3,12.2,36.4,182
2021-08-13 16:00:00,14.9,0.5,10.1,33.5,180
2021-08-13 17:00:00,14.0,1.1,9.2,27.0,191
2021-08-13 18:00:00,13.7,1.1,8.4,22.0,173
2021-08-13 19:00:00,13.6,0.2,9.7,23.8,182
2021-08-13 20:00:00,13.3,0.1,9.0,22.7,164
2021-08-13 21:00:00,12.3,0.2,10.0,24.1,159
2021-08-13 22:00:00,11.9,0.1,9.6,24.8,160
2021-08-13 23:00:00,11.5,0.2,9.8,24.8,144
2021-08-14 00:00:00,12.0,0.1,9.7,25.2,141
2021-08-14 01:00:00,11.9,0.3,10.5,23.4,142
2021-08-14 02:00:00,12.0,0.0,9.7,24.5,141
2021-08-14 03:00:00,11.8,0.0,8.7,23.4,142
2021-08-14 04:00:00,11.7,0.0,8.2,21.2,139
2021-08-14 05:00:00,11.7,0.1,6.6,20.2,135
2021-08-14 06:00:00,12.3,0.0,6.7,17.3,126
2021-08-14 07:00:00,12.8,0.0,5.5,15.5,122
2021-08-14 08:00:00,13.7,0.1,5.0,16.6,159
2021-08-14 09:00:00,14.6,0.0,2.3,14.8,198
2021-08-14 10:00:00,15.3,0.2,1.6,12.6,207
2021-08-14 11:00:00,15.5,0.2,2.7,13.7,247
2021-08-14 12:00:00,15.5,0.5,4.5,18.4,284
2021-08-14 13:00:00,15.1,0.5,5.4,24.8,262
2021-08-14 14:00:00,15.3,0.2,7.0,23.8,291
2021-08-14 15:00:00,15.8,0.1,9.2,29.9,301
2021-08-14 16:00:00,15.9,0.1,10.8,33.1,307
2021-08-14 17:00:00,15.5,0.0,10.7,33.1,312
2021-08-14 18:00:00,15.2,0.1,11.7,32.4,315
2021-08-14 19:00:00,14.8,0.2,12.5,31.7,309
2021-08-14 20:00:00,13.9,0.1,11.5,32.0,311
2021-08-14 21:00:00,12.9,0.0,7.9,27.4,309
2021-08-14 22:00:00,12.9,0.1,6.3,19.8,301
2021-08-14 23:00:00,13.0,0.1,6.9,17.3,279
2021-08-15 00:00:00,12.7,0.2,7.4,19.1,284
2021-08-15 01:00:00,11.5,0.2,6.8,18.4,270
2021-08-15 02:00:00,12.8,0.2,4.7,16.6,261
2021-08-15 03:00:00,12.3,0.2,4.0,14.8,243
2021-08-15 04:00:00,11.7,0.4,6.3,16.6,257
2021-08-15 05:00:00,11.6,0.5,5.0,16.2,249
2021-08-15 06:00:00,11.9,0.5,7.8,22.3,236
2021-08-15 07:00:00,12.3,0.3,7.3,23.0,237
2021-08-15 08:00:00,12.7,0.5,6.8,19.1,245
2021-08-15 09:00:00,13.3,0.3,9.0,27.7,233
2021-08-15 10:00:00,13.3,0.3,9.9,27.0,226
2021-08-15 11:00:00,13.0,0.5,9.5,29.2,209
2021-08-15 12:00:00,13.2,0.5,8.6,28.1,202
2021-08-15 13:00:00,13.3,0.6,6.0,26.6,205
2021-08-15 14:00:00,13.1,0.8,5.4,23.4,217
2021-08-15 15:00:00,12.1,2.9,7.1,19.1,225
2021-08-15 16:00:00,11.9,1.4,1.8,17.6,233
2021-08-15 17:00:00,12.4,0.5,4.0,14.4,243
2021-08-15 18:00:00,12.0,0.5,3.2,15.1,243
2021-08-15 19:00:00,11.8,0.3,3.3,11.2,193
2021-08-15 20:00:00,11.4,0.7,0.4,11.5,360
2021-08-15 21:00:00,10.7,0.1,2.5,4.0,45
2021-08-15 22:00:00,10.4,0.0,3.1,5.8,54
2021-08-15 23:00:00,10.1,0.0,3.6,6.5,45
2021-08-16 00:00:00,9.6,0.0,4.2,7.9,31
2021-08-16 01:00:00,9.6,0.0,6.0,9.0,25
2021-08-16 02:00:00,9.8,0.0,7.1,18.0,24
2021-08-16 03:00:00,9.5,0.0,6.0,17.6,17
2021-08-16 04:00:00,9.2,0.0,6.2,16.6,10
2021-08-16 05:00:00,8.9,0.0,5.9,16.6,11
2021-08-16 06:00:00,9.2,0.0,8.2,18.7,15
2021-08-16 07:00:00,9.8,0.0,9.2,23.4,11
2021-08-16 08:00:00,11.3,0.0,6.9,24.1,9
2021-08-16 09:00:00,13.2,0.0,7.6,23.4,360
2021-08-16 10:00:00,15.2,0.0,8.7,25.9,5
2021-08-16 11:00:00,16.6,0.0,8.3,26.3,358
2021-08-16 12:00:00,18.2,0.0,8.8,26.6,351
2021-08-16 13:00:00,18.8,0.0,7.1,28.8,345
2021-08-16 14:00:00,19.3,0.0,7.1,23.4,336
2021-08-16 15:00:00,19.6,0.0,7.6,22.7,315
2021-08-16 16:00:00,19.6,0.0,9.4,25.9,310
2021-08-16 17:00:00,19.7,0.0,11.2,29.2,320
2021-08-16 18:00:00,19.2,0.0,12.3,31.0,328
2021-08-16 19:00:00,17.7,0.0,13.8,34.2,332
2021-08-16 20:00:00,15.6,0.0,12.6,33.8,333
2021-08-16 21:00:00,14.0,0.0,11.4,30.2,336
2021-08-16 22:00:00,12.9,0.0,8.7,27.4,343
2021-08-16 23:00:00,12.4,0.0,5.9,20.5,346
2021-08-17 00:00:00,11.6,0.0,4.0,14.8,355
2021-08-17 01:00:00,11.5,0.0,5.7,14.4,288
2021-08-17 02:00:00,12.0,0.0,6.6,17.3,315
2021-08-17 03:00:00,12.0,0.0,4.7,15.1,328
2021-08-17 04:00:00,11.9,0.0,2.9,11.5,330
2021-08-17 05:00:00,11.8,0.0,4.8,12.2,297
2021-08-17 06:00:00,11.8,0.0,5.6,14.8,297
2021-08-17 07:00:00,12.0,0.0,5.9,16.2,308
2021-08-17 08:00:00,12.7,0.0,5.7,17.3,325
2021-08-17 09:00:00,14.1,0.0,4.7,17.3,337
2021-08-17 10:00:00,16.3,0.0,7.1,22.3,315
2021-08-17 11:00:00,17.1,0.0,8.5,25.9,306
2021-08-17 12:00:00,18.0,0.0,9.7,28.4,301
2021-08-17 13:00:00,16.9,0.0,14.7,34.6,295
2021-08-17 14:00:00,17.2,0.0,14.6,41.8,303
2021-08-17 15:00:00,17.1,0.0,16.1,42.8,309
2021-08-17 16:00:00,16.6,0.0,16.8,44.6,315
2021-08-17 17:00:00,15.8,0.0,17.1,44.6,316
2021-08-17 18:00:00,15.1,0.0,16.6,44.3,319
2021-08-17 19:00:00,14.3,0.0,14.1,42.1,322
2021-08-17 20:00:00,13.4,0.0,13.1,35.6,323
2021-08-17 21:00:00,12.7,0.0,11.2,32.8,327
2021-08-17 22:00:00,12.4,0.0,10.4,27.7,326
2021-08-17 23:00:00,12.2,0.0,8.7,26.3,330
2021-08-18 00:00:00,12.1,0.0,8.7,22.0,330
2021-08-18 01:00:00,12.7,0.0,10.2,24.1,328
2021-08-18 02:00:00,13.1,0.0,10.1,27.4,333
2021-08-18 03:00:00,13.1,0.0,9.0,25.9,331
2021-08-18 04:00:00,12.9,0.0,9.3,25.6,332
2021-08-18 05:00:00,12.3,0.0,6.8,23.8,328
2021-08-18 06:00:00,12.6,0.1,6.6,18.4,338
2021-08-18 07:00:00,12.7,0.1,8.2,20.9,319
2021-08-18 08:00:00,12.8,0.3,13.1,31.3,323
2021-08-18 09:00:00,12.0,0.5,13.6,32.4,320
2021-08-18 10:00:00,12.2,0.3,11.7,34.2,315
2021-08-18 11:00:00,12.6,0.1,12.5,33.1,327
2021-08-18 12:00:00,13.1,0.1,12.8,35.3,328
2021-08-18 13:00:00,13.2,0.0,13.9,38.2,329
2021-08-18 14:00:00,14.5,0.1,14.3,36.4,326
2021-08-18 15:00:00,15.2,0.0,17.9,44.3,322
2021-08-18 16:00:00,14.7,0.0,18.3,45.7,324
2021-08-18 17:00:00,14.8,0.0,20.1,51.5,327
2021-08-18 18:00:00,14.5,0.0,19.8,50.4,331
2021-08-18 19:00:00,13.8,0.0,19.0,50.8,333
2021-08-18 20:00:00,12.9,0.0,18.0,47.9,334
2021-08-18 21:00:00,12.2,0.0,18.5,47.5,339
2021-08-18 22:00:00,12.2,0.0,17.3,46.8,337
2021-08-18 23:00:00,11.8,0.0,16.3,43.6,335
2021-08-19 00:00:00,11.2,0.0,15.6,41.0,337
2021-08-19 01:00:00,12.0,0.0,16.4,40.3,334
2021-08-19 02:00:00,11.9,0.0,15.6,40.0,331
2021-08-19 03:00:00,11.6,0.0,15.9,39.2,332
2021-08-19 04:00:00,11.9,0.0,15.0,39.6,333
2021-08-19 05:00:00,11.9,0.0,15.8,39.2,336
2021-08-19 06:00:00,11.5,0.0,14.8,40.0,334
2021-08-19 07:00:00,11.7,0.0,13.9,37.4,335
2021-08-19 08:00:00,12.1,0.0,13.4,40.3,340
2021-08-19 09:00:00,12.9,0.1,14.7,38.2,335
2021-08-19 10:00:00,13.5,0.1,15.5,40.0,332
2021-08-19 11:00:00,14.0,0.2,16.3,42.8,329
2021-08-19 12:00:00,14.7,0.2,18.2,46.4,330
2021-08-19 13:00:00,15.0,0.2,16.1,46.8,321
2021-08-19 14:00:00,15.2,0.0,16.6,43.6,321
2021-08-19 15:00:00,15.0,0.0,16.9,45.0,320
2021-08-19 16:00:00,14.6,0.0,16.1,44.6,318
2021-08-19 17:00:00,14.3,0.0,15.9,42.5,321
2021-08-19 18:00:00,13.7,0.0,14.6,40.3,322
2021-08-19 19:00:00,13.0,0.0,12.5,37.4,327
2021-08-19 20:00:00,12.0,0.0,11.4,31.0,325
2021-08-19 21:00:00,11.4,0.0,11.0,27.7,328
2021-08-19 22:00:00,11.0,0.0,9.0,26.6,337
2021-08-19 23:00:00,10.6,0.0,8.6,22.3,338
2021-08-20 00:00:00,10.4,0.0,6.8,20.9,335
2021-08-20 01:00:00,10.9,0.1,8.2,16.9,331
2021-08-20 02:00:00,10.8,0.1,8.6,20.9,327
2021-08-20 03:00:00,10.3,0.1,9.2,24.1,334
2021-08-20 04:00:00,10.2,0.0,8.6,23.8,345
2021-08-20 05:00:00,10.1,0.0,6.0,21.6,343
2021-08-20 06:00:00,10.2,0.1,9.3,23.4,344
2021-08-20 07:00:00,10.8,0.0,6.5,22.7,354
2021-08-20 08:00:00,11.4,0.0,7.4,20.5,346
2021-08-20 09:00:00,12.3,0.0,9.3,25.2,347
2021-08-20 10:00:00,13.2,0.0,9.0,25.6,337
2021-08-20 11:00:00,14.3,0.0,11.4,31.3,325
2021-08-20 12:00:00,14.5,0.0,12.5,34.2,316
2021-08-20 13:00:00,14.7,0.0,12.2,36.0,317
2021-08-20 14:00:00,15.3,0.0,12.0,33.5,311
2021-08-20 15:00:00,14.8,0.0,14.6,38.2,308
2021-08-20 16:00:00,14.8,0.0,13.4,38.2,324
2021-08-20 17:00:00,14.7,0.1,13.8,36.7,327
2021-08-20 18:00:00,14.2,0.0,12.5,35.6,327
2021-08-20 19:00:00,13.8,0.0,11.4,32.0,332
2021-08-20 20:00:00,12.4,0.0,10.6,28.4,336
2021-08-20 21:00:00,11.2,0.0,8.9,25.2,339
2021-08-20 22:00:00,10.7,0.0,8.2,20.9,345
2021-08-20 23:00:00,10.3,0.0,6.6,18.7,347
2021-08-21 00:00:00,9.8,0.0,4.5,15.5,346
2021-08-21 01:00:00,9.4,0.0,5.6,11.5,27
2021-08-21 02:00:00,8.5,0.0,4.6,11.5,45
2021-08-21 03:00:00,9.9,0.0,3.1,9.7,69
2021-08-21 04:00:00,10.1,0.0,2.5,7.2,82
2021-08-21 05:00:00,9.5,0.0,1.8,6.1,90
2021-08-21 06:00:00,8.4,0.0,1.8,5.8,79
2021-08-21 07:00:00,10.6,0.0,3.1,8.6,45
2021-08-21 08:00:00,12.7,0.0,2.3,10.8,18
2021-08-21 09:00:00,14.3,0.0,2.2,12.2,351
2021-08-21 10:00:00,15.7,0.0,3.2,14.8,333
2021-08-21 11:00:00,16.9,0.0,4.6,17.6,321
2021-08-21 12:00:00,16.9,0.0,6.9,21.6,309
2021-08-21 13:00:00,16.1,0.0,9.4,26.6,293
2021-08-21 14:00:00,16.8,0.0,10.6,30.2,298
2021-08-21 15:00:00,16.8,0.0,11.4,32.0,305
2021-08-21 16:00:00,16.8,0.0,11.4,32.4,305
2021-08-21 17:00:00,16.5,0.0,10.7,31.7,303
2021-08-21 18:00:00,15.9,0.0,9.7,29.5,315
2021-08-21 19:00:00,14.8,0.0,8.6,25.6,327
2021-08-21 20:00:00,13.1,0.0,8.4,19.8,340
2021-08-21 21:00:00,12.1,0.0,6.2,18.4,353
2021-08-21 22:00:00,10.8,0.0,3.7,14.0,11
2021-08-21 23:00:00,9.5,0.0,4.9,9.7,17
2021-08-22 00:00:00,9.2,0.0,4.4,9.7,35
2021-08-22 01:00:00,9.2,0.0,5.6,9.7,40
2021-08-22 02:00:00,8.5,0.0,4.0,9.4,63
2021-08-22 03:00:00,8.1,0.0,3.6,7.6,84
2021-08-22 04:00:00,10.4,0.0,1.8,6.5,101
2021-08-22 05:00:00,10.7,0.0,2.7,4.7,67
2021-08-22 06:00:00,9.0,0.0,4.2,7.2,59
2021-08-22 07:00:00,11.8,0.0,3.7,7.6,29
2021-08-22 08:00:00,13.5,0.0,2.9,11.5,353
2021-08-22 09:00:00,15.3,0.0,3.0,13.3,346
2021-08-22 10:00:00,16.9,0.0,3.6,15.1,315
2021-08-22 11:00:00,17.9,0.0,5.5,19.1,293
2021-08-22 12:00:00,18.4,0.0,7.9,24.5,286
2021-08-22 13:00:00,18.6,0.0,9.4,28.1,293
2021-08-22 14:00:00,18.4,0.0,12.1,33.5,287
2021-08-22 15:00:00,17.7,0.0,12.0,34.2,286
2021-08-22 16:00:00,17.4,0.0,10.0,33.1,283
2021-08-22 17:00:00,17.1,0.0,8.5,28.4,282
2021-08-22 18:00:00,16.5,0.0,7.1,24.5,285
2021-08-22 19:00:00,15.4,0.0,5.7,18.7,288
2021-08-22 20:00:00,13.7,0.0,5.6,12.6,315
2021-08-22 21:00:00,12.5,0.0,5.0,12.2,330
2021-08-22 22:00:00,11.8,0.0,5.0,10.8,330
2021-08-22 23:00:00,11.1,0.0,4.6,10.8,342
2021-08-23 00:00:00,9.9,0.0,4.7,10.8,9
2021-08-23 01:00:00,11.0,0.0,5.6,10.4,15
2021-08-23 02:00:00,10.8,0.0,3.5,9.4,24
2021-08-23 03:00:00,10.8,0.0,3.5,6.1,24
2021-08-23 04:00:00,11.0,0.0,2.5,5.8,98
2021-08-23 05:00:00,11.0,0.0,2.6,5.4,164
2021-08-23 06:00:00,11.4,0.0,1.3,6.1,124
2021-08-23 07:00:00,12.0,0.0,2.7,5.8,113
2021-08-23 08:00:00,13.8,0.0,1.1,8.3,90
2021-08-23 09:00:00,15.2,0.0,2.2,11.2,279
2021-08-23 10:00:00,16.5,0.0,4.3,16.2,265
2021-08-23 11:00:00,17.3,0.0,6.5,21.2,267
2021-08-23 12:00:00,17.7,0.0,8.3,25.9,270
2021-08-23 13:00:00,17.7,0.0,9.1,30.2,279
2021-08-23 14:00:00,17.1,0.0,12.6,35.3,283
2021-08-23 15:00:00,16.7,0.0,10.4,35.3,284
2021-08-23 16:00:00,16.7,0.0,8.9,30.2,284
2021-08-23 17:00:00,16.5,0.0,8.0,26.6,288
2021-08-23 18:00:00,15.8,0.0,6.4,23.0,286
2021-08-23 19:00:00,14.7,0.0,8.0,19.1,288
2021-08-23 20:00:00,13.3,0.0,8.9,19.1,310
2021-08-23 21:00:00,12.2,0.0,7.8,21.6,338
2021-08-23 22:00:00,11.5,0.0,4.4,16.9,351
2021-08-23 23:00:00,10.2,0.0,4.7,11.9,9
2021-08-24 00:00:00,10.5,0.0,4.0,9.4,333
2021-08-24 01:00:00,10.7,0.0,5.8,12.6,330
2021-08-24 02:00:00,10.4,0.0,4.0,14.8,355
2021-08-24 03:00:00,9.5,0.0,5.4,10.8,340
2021-08-24 04:00:00,9.8,0.0,4.3,11.2,336
2021-08-24 05:00:00,9.1,0.0,5.9,11.5,346
2021-08-24 06:00:00,9.6,0.0,5.4,12.2,352
2021-08-24 07:00:00,11.8,0.0,5.6,14.8,333
2021-08-24 08:00:00,12.4,0.0,6.3,16.9,347
2021-08-24 09:00:00,13.0,0.0,5.4,17.3,352
2021-08-24 10:00:00,13.7,0.0,7.3,20.2,340
2021-08-24 11:00:00,14.7,0.0,7.0,21.2,339
2021-08-24 12:00:00,15.8,0.0,7.5,23.8,325
2021-08-24 13:00:00,16.2,0.0,9.7,28.4,297
2021-08-24 14:00:00,16.5,0.0,11.3,32.4,292
2021-08-24 15:00:00,15.8,0.0,10.9,32.4,287
2021-08-24 16:00:00,14.8,0.0,9.1,31.7,288
2021-08-24 17:00:00,15.2,0.0,9.0,25.9,293
2021-08-24 18:00:00,15.3,0.0,8.1,24.8,291
2021-08-24 19:00:00,14.7,0.0,8.0,23.0,275
2021-08-24 20:00:00,14.2,0.2,7.2,21.2,267
2021-08-24 21:00:00,14.1,0.5,8.4,21.2,245
2021-08-24 22:00:00,14.2,0.4,10.4,25.9,272
2021-08-24 23:00:00,14.3,0.5,11.3,28.4,279
2021-08-25 00:00:00,14.0,0.3,13.1,32.8,291
2021-08-25 01:00:00,14.5,0.6,17.7,36.7,290
2021-08-25 02:00:00,14.1,1.4,16.6,44.6,311
2021-08-25 03:00:00,13.8,1.4,16.3,41.4,315
2021-08-25 04:00:00,13.7,0.6,17.6,44.6,325
2021-08-25 05:00:00,13.9,0.1,17.7,43.9,333
2021-08-25 06:00:00,13.7,0.0,18.0,45.7,334
2021-08-25 07:00:00,13.2,0.0,19.6,49.0,334
2021-08-25 08:00:00,13.0,0.0,22.1,54.7,338
2021-08-25 09:00:00,13.8,0.0,23.0,58.7,346
2021-08-25 10:00:00,15.3,0.0,22.7,58.7,350
2021-08-25 11:00:00,15.8,0.0,22.5,59.0,347
2021-08-25 12:00:00,16.1,0.0,24.7,61.6,347
2021-08-25 13:00:00,17.8,0.0,23.2,61.6,348
2021-08-25 14:00:00,17.1,0.0,24.2,61.6,337
2021-08-25 15:00:00,17.4,0.0,25.3,64.1,340
2021-08-25 16:00:00,16.6,0.0,23.8,64.8,340
2021-08-25 17:00:00,16.2,0.0,22.3,61.2,342
2021-08-25 18:00:00,15.4,0.0,20.9,56.9,341
2021-08-25 19:00:00,14.3,0.0,19.6,53.3,343
2021-08-25 20:00:00,13.2,0.0,19.5,50.0,344
2021-08-25 21:00:00,12.6,0.0,19.8,51.1,348
2021-08-25 22:00:00,12.2,0.0,18.4,50.8,349
2021-08-25 23:00:00,11.6,0.0,15.3,47.2,352
2021-08-26 00:00:00,11.0,0.0,13.0,38.9,357
2021-08-26 01:00:00,11.8,0.0,17.3,33.5,5
2021-08-26 02:00:00,11.4,0.0,14.8,44.3,359
2021-08-26 03:00:00,11.0,0.0,13.7,38.5,355
2021-08-26 04:00:00,10.7,0.0,13.4,34.9,354
2021-08-26 05:00:00,10.4,0.0,13.7,34.2,358
2021-08-26 06:00:00,10.3,0.0,13.3,34.2,3
2021-08-26 07:00:00,11.5,0.0,12.0,32.8,7
2021-08-26 08:00:00,13.4,0.0,10.9,30.2,6
2021-08-26 09:00:00,15.4,0.0,10.5,29.9,8
2021-08-26 10:00:00,17.3,0.0,9.6,29.5,13
2021-08-26 11:00:00,18.8,0.0,7.7,27.4,11
2021-08-26 12:00:00,20.0,0.0,7.2,23.8,354
2021-08-26 13:00:00,20.7,0.0,5.8,25.6,4
2021-08-26 14:00:00,21.6,0.0,6.5,20.9,341
2021-08-26 15:00:00,21.8,0.0,8.5,24.8,332
2021-08-26 16:00:00,21.7,0.0,9.5,26.3,331
2021-08-26 17:00:00,21.2,0.0,10.6,27.0,325
2021-08-26 18:00:00,20.0,0.0,11.5,27.7,319
2021-08-26 19:00:00,18.1,0.0,10.8,27.4,330
2021-08-26 20:00:00,16.4,0.0,8.7,25.2,355
2021-08-26 21:00:00,15.0,0.0,5.8,19.4,60
2021-08-26 22:00:00,15.2,0.0,12.9,28.8,103
2021-08-26 23:00:00,15.6,0.0,12.0,30.6,99
2021-08-27 00:00:00,14.5,0.0,10.4,28.4,92
2021-08-27 01:00:00,11.9,0.0,9.0,24.8,88
2021-08-27 02:00:00,13.3,0.0,5.5,19.1,67
2021-08-27 03:00:00,12.0,0.0,3.8,14.0,49
2021-08-27 04:00:00,10.8,0.0,3.6,9.4,53
2021-08-27 05:00:00,10.7,0.0,3.7,7.6,79
2021-08-27 06:00:00,10.8,0.0,6.2,11.9,83
2021-08-27 07:00:00,12.3,0.0,6.6,13.3,81
2021-08-27 08:00:00,15.4,0.0,4.0,14.0,80
2021-08-27 09:00:00,17.7,0.0,0.8,11.9,117
2021-08-27 10:00:00,18.8,0.0,2.3,11.9,288
2021-08-27 11:00:00,19.7,0.0,3.3,14.8,283
2021-08-27 12:00:00,20.3,0.0,5.2,18.4,282
2021-08-27 13:00:00,19.4,0.0,12.1,27.4,293
2021-08-27 14:00:00,18.8,0.0,14.8,38.9,293
2021-08-27 15:00:00,18.3,0.0,13.7,39.6,293
2021-08-27 16:00:00,18.3,0.0,11.8,37.4,301
2021-08-27 17:00:00,18.3,0.0,11.2,32.4,312
2021-08-27 18:00:00,17.4,0.0,10.0,30.2,319
2021-08-27 19:00:00,15.8,0.0,7.9,25.2,321
2021-08-27 20:00:00,14.0,0.0,7.7,18.7,332
2021-08-27 21:00:00,13.1,0.0,6.7,17.6,344
2021-08-27 22:00:00,12.5,0.0,5.9,16.2,14
2021-08-27 23:00:00,11.5,0.0,3.8,14.4,49
2021-08-28 00:00:00,12.5,0.0,3.4,11.2,32
2021-08-28 01:00:00,12.5,0.0,1.8,8.3,360
2021-08-28 02:00:00,12.5,0.0,3.2,6.5,333
2021-08-28 03:00:00,12.4,0.0,0.7,5.8,90
2021-08-28 04:00:00,12.3,0.0,1.9,3.6,112
2021-08-28 05:00:00,12.1,0.0,2.2,4.7,99
2021-08-28 06:00:00,10.0,0.0,2.6,5.4,106
2021-08-28 07:00:00,12.2,0.0,1.8,5.4,127
2021-08-28 08:00:00,14.6,0.0,1.0,7.2,225
2021-08-28 09:00:00,16.8,0.0,1.3,9.4,236
2021-08-28 10:00:00,18.4,0.0,2.5,12.6,262
2021-08-28 11:00:00,19.1,0.0,6.7,20.9,286
2021-08-28 12:00:00,19.2,0.0,8.6,26.3,292
2021-08-28 13:00:00,18.9,0.0,7.9,26.3,294
2021-08-28 14:00:00,19.4,0.0,9.5,28.4,295
2021-08-28 15:00:00,19.0,0.0,11.5,32.0,290
2021-08-28 16:00:00,18.3,0.0,13.0,35.6,294
2021-08-28 17:00:00,17.7,0.0,11.5,35.3,311
2021-08-28 18:00:00,17.0,0.0,10.4,30.6,316
2021-08-28 19:00:00,15.4,0.0,10.2,26.6,321
2021-08-28 20:00:00,13.5,0.0,10.3,24.1,331
2021-08-28 21:00:00,12.5,0.0,8.9,23.8,346
2021-08-28 22:00:00,12.0,0.0,8.6,20.9,345
2021-08-28 23:00:00,11.6,0.0,8.6,20.2,345
2021-08-29 00:00:00,11.2,0.0,7.5,19.8,343
2021-08-29 01:00:00,10.5,0.0,6.1,18.4,357
2021-08-29 02:00:00,10.3,0.0,5.8,15.8,4
2021-08-29 03:00:00,10.0,0.0,9.1,19.1,326
2021-08-29 04:00:00,9.8,0.0,6.9,22.3,351
2021-08-29 05:00:00,9.9,0.0,5.2,18.0,12
2021-08-29 06:00:00,9.8,0.0,6.1,14.0,332
2021-08-29 07:00:00,10.6,0.0,5.8,18.4,353
2021-08-29 08:00:00,12.1,0.0,4.8,16.9,333
2021-08-29 09:00:00,13.9,0.0,7.3,22.7,327
2021-08-29 10:00:00,16.2,0.0,7.0,24.5,339
2021-08-29 11:00:00,18.2,0.0,7.3,24.1,327
2021-08-29 12:00:00,19.6,0.0,7.9,25.2,317
2021-08-29 13:00:00,19.6,0.0,10.8,30.6,307
2021-08-29 14:00:00,19.8,0.0,12.3,34.9,310
2021-08-29 15:00:00,19.6,0.0,12.0,34.9,314
2021-08-29 16:00:00,19.1,0.0,11.8,34.2,320
2021-08-29 17:00:00,19.0,0.0,8.2,32.4,319
2021-08-29 18:00:00,17.6,0.0,10.7,26.3,303
2021-08-29 19:00:00,15.0,0.0,11.3,29.2,323
2021-08-29 20:00:00,13.2,0.0,9.0,27.4,337
2021-08-29 21:00:00,12.3,0.0,8.9,20.9,333
2021-08-29 22:00:00,11.6,0.0,9.8,22.7,332
2021-08-29 23:00:00,11.2,0.0,8.9,23.0,339
2021-08-30 00:00:00,11.3,0.0,7.2,21.6,342
2021-08-30 01:00:00,11.0,0.0,4.8,18.4,347
2021-08-30 02:00:00,11.1,0.0,5.0,14.0,330
2021-08-30 03:00:00,11.0,0.0,6.7,17.3,324
2021-08-30 04:00:00,11.1,0.0,6.4,17.6,333
2021-08-30 05:00:00,11.0,0.0,6.3,16.9,336
2021-08-30 06:00:00,11.0,0.0,8.5,22.0,332
2021-08-30 07:00:00,11.3,0.0,7.2,22.0,333
2021-08-30 08:00:00,11.9,0.0,6.9,20.9,332
2021-08-30 09:00:00,13.0,0.0,7.2,21.6,333
2021-08-30 10:00:00,14.2,0.0,8.2,24.5,331
2021-08-30 11:00:00,15.7,0.0,7.9,25.2,336
2021-08-30 12:00:00,17.5,0.0,8.4,25.9,320
2021-08-30 13:00:00,17.4,0.0,10.2,33.1,318
2021-08-30 14:00:00,18.3,0.0,13.0,35.6,318
2021-08-30 15:00:00,18.0,0.0,14.1,37.8,320
2021-08-30 16:00:00,17.2,0.0,14.3,37.8,321
2021-08-30 17:00:00,16.0,0.0,15.1,39.6,327
2021-08-30 18:00:00,15.1,0.0,14.0,39.2,331
2021-08-30 19:00:00,13.7,0.0,13.2,36.0,331
2021-08-30 20:00:00,12.3,0.0,14.3,34.9,335
2021-08-30 21:00:00,11.7,0.0,13.8,35.3,340
2021-08-30 22:00:00,11.1,0.0,12.8,33.5,344
2021-08-30 23:00:00,10.6,0.0,12.1,32.0,348
2021-08-31 00:00:00,10.1,0.0,10.5,30.2,354
2021-08-31 01:00:00,9.9,0.0,9.9,26.3,350
2021-08-31 02:00:00,9.9,0.0,9.1,24.5,353
2021-08-31 03:00:00,9.7,0.0,9.8,24.5,354
2021-08-31 04:00:00,9.5,0.0,10.1,25.9,354
2021-08-31 05:00:00,9.2,0.0,11.3,29.2,353
2021-08-31 06:00:00,9.2,0.0,11.7,30.2,351
2021-08-31 07:00:00,10.4,0.0,12.1,32.8,350
2021-08-31 08:00:00,12.7,0.0,12.7,34.9,345
2021-08-31 09:00:00,14.7,0.0,16.1,42.5,344
2021-08-31 10:00:00,16.2,0.0,18.3,47.5,344
2021-08-31 11:00:00,17.4,0.0,18.4,49.3,343
2021-08-31 12:00:00,18.2,0.0,19.4,51.5,342
2021-08-31 13:00:00,18.6,0.0,18.7,51.5,337
2021-08-31 14:00:00,19.0,0.0,19.8,51.8,331
2021-08-31 15:00:00,18.1,0.0,21.0,54.4,329
2021-08-31 16:00:00,17.4,0.0,19.7,54.4,329
2021-08-31 17:00:00,16.5,0.0,19.0,50.4,331
2021-08-31 18:00:00,15.5,0.0,17.7,48.2,333
2021-08-31 19:00:00,14.3,0.0,16.1,45.0,340
2021-08-31 20:00:00,13.1,0.0,14.8,39.6,342
2021-08-31 21:00:00,12.4,0.0,14.1,37.1,345
2021-08-31 22:00:00,12.0,0.0,14.3,36.7,348
2021-08-31 23:00:00,11.5,0.0,13.8,36.7,351
2021-09-01 00:00:00,11.0,0.0,13.0,34.9,355
2021-09-01 01:00:00,11.3,0.0,11.6,32.8,353
2021-09-01 02:00:00,11.1,0.0,11.3,29.5,351
2021-09-01 03:00:00,10.8,0.0,11.9,30.2,346
2021-09-01 04:00:00,10.7,0.0,12.3,31.3,345
2021-09-01 05:00:00,10.6,0.0,14.2,35.3,344
2021-09-01 06:00:00,10.9,0.0,14.7,36.7,343
2021-09-01 07:00:00,12.2,0.0,16.9,40.0,344
2021-09-01 08:00:00,13.6,0.0,18.0,46.4,348
2021-09-01 09:00:00,14.7,0.0,16.8,46.1,350
2021-09-01 10:00:00,16.0,0.0,16.9,44.6,349
2021-09-01 11:00:00,17.3,0.0,17.6,46.8,349
2021-09-01 12:00:00,18.7,0.0,17.7,48.2,347
2021-09-01 13:00:00,18.6,0.0,16.8,49.3,345
2021-09-01 14:00:00,19.6,0.0,17.7,47.5,340
2021-09-01 15:00:00,19.8,0.0,19.0,49.3,335
2021-09-01 16:00:00,19.0,0.0,20.6,53.3,335
2021-09-01 17:00:00,17.8,0.0,20.9,53.6,336
2021-09-01 18:00:00,16.3,0.0,20.3,53.3,333
2021-09-01 19:00:00,14.7,0.0,19.7,51.8,339
2021-09-01 20:00:00,13.3,0.0,18.4,50.4,343
2021-09-01 21:00:00,12.5,0.0,17.5,47.2,341
2021-09-01 22:00:00,11.9,0.0,16.5,44.3,344
2021-09-01 23:00:00,11.5,0.0,14.9,41.4,345
2021-09-02 00:00:00,11.2,0.0,14.1,38.2,345
2021-09-02 01:00:00,11.6,0.0,15.8,36.0,343
2021-09-02 02:00:00,11.9,0.0,14.8,40.7,347
2021-09-02 03:00:00,11.8,0.0,15.0,40.3,349
2021-09-02 04:00:00,11.8,0.0,14.2,39.6,351
2021-09-02 05:00:00,11.9,0.0,11.9,36.4,346
2021-09-02 06:00:00,12.0,0.0,10.9,30.6,343
2021-09-02 07:00:00,12.3,0.0,13.3,32.8,341
2021-09-02 08:00:00,12.8,0.0,13.7,36.0,342
2021-09-02 09:00:00,13.2,0.0,12.6,35.6,340
2021-09-02 10:00:00,13.7,0.0,12.2,33.5,341
2021-09-02 11:00:00,14.4,0.0,11.9,33.5,331
2021-09-02 12:00:00,14.7,0.0,12.9,34.6,324
2021-09-02 13:00:00,14.8,0.0,12.0,37.8,309
2021-09-02 14:00:00,15.1,0.0,13.8,37.1,313
2021-09-02 15:00:00,14.7,0.0,13.2,37.4,317
2021-09-02 16:00:00,14.9,0.0,14.2,38.2,324
2021-09-02 17:00:00,14.3,0.0,14.5,38.2,325
2021-09-02 18:00:00,13.6,0.0,15.0,38.9,325
2021-09-02 19:00:00,13.0,0.0,12.9,37.8,324
2021-09-02 20:00:00,12.5,0.0,11.6,33.1,330
2021-09-02 21:00:00,12.3,0.0,10.7,29.9,327
2021-09-02 22:00:00,12.2,0.0,10.1,27.7,325
2021-09-02 23:00:00,12.2,0.1,10.7,27.4,327
2021-09-03 00:00:00,12.2,0.1,10.8,27.4,330
2021-09-03 01:00:00,12.2,0.1,13.8,27.4,313
2021-09-03 02:00:00,12.2,0.2,13.5,34.2,316
2021-09-03 03:00:00,12.1,0.2,12.0,33.8,319
2021-09-03 04:00:00,12.1,0.1,12.3,31.0,320
2021-09-03 05:00:00,11.8,0.2,12.6,32.4,323
2021-09-03 06:00:00,11.8,0.1,11.9,30.6,335
2021-09-03 07:00:00,12.0,0.1,13.0,30.6,346
2021-09-03 08:00:00,12.6,0.0,10.2,30.6,350
2021-09-03 09:00:00,13.4,0.0,9.9,27.4,350
2021-09-03 10:00:00,14.6,0.1,13.8,36.0,351
2021-09-03 11:00:00,15.4,0.0,14.1,37.4,347
2021-09-03 12:00:00,15.8,0.0,14.2,38.2,336
2021-09-03 13:00:00,15.0,0.0,15.5,40.0,335
2021-09-03 14:00:00,15.4,0.0,16.2,42.8,339
2021-09-03 15:00:00,15.6,0.0,15.8,42.8,336
2021-09-03 16:00:00,15.4,0.0,15.1,42.1,335
2021-09-03 17:00:00,14.9,0.0,13.5,40.0,331
2021-09-03 18:00:00,14.0,0.0,13.4,35.6,329
2021-09-03 19:00:00,12.7,0.0,11.3,33.8,333
2021-09-03 20:00:00,11.2,0.0,10.8,28.1,339
2021-09-03 21:00:00,10.3,0.0,9.6,26.3,340
2021-09-03 22:00:00,9.8,0.0,8.2,23.4,345
2021-09-03 23:00:00,9.6,0.0,6.1,19.1,360
2021-09-04 00:00:00,8.9,0.0,3.4,15.5,18
2021-09-04 01:00:00,8.4,0.0,5.9,10.4,14
2021-09-04 02:00:00,8.7,0.0,3.6,13.0,6
2021-09-04 03:00:00,8.9,0.0,3.8,10.8,343
2021-09-04 04:00:00,9.3,0.0,4.8,11.9,318
2021-09-04 05:00:00,9.1,0.0,4.3,11.9,312
2021-09-04 06:00:00,8.3,0.0,4.4,11.2,325
2021-09-04 07:00:00,9.8,0.0,2.8,10.1,40
2021-09-04 08:00:00,11.3,0.0,1.5,7.9,194
2021-09-04 09:00:00,12.9,0.0,4.3,15.5,204
2021-09-04 10:00:00,14.2,0.0,5.9,20.2,218
2021-09-04 11:00:00,15.2,0.0,7.7,24.5,221
2021-09-04 12:00:00,16.0,0.0,9.2,28.1,222
2021-09-04 13:00:00,15.3,0.0,8.9,30.2,243
2021-09-04 14:00:00,15.6,0.0,9.2,28.4,244
2021-09-04 15:00:00,15.3,0.0,8.4,28.4,250
2021-09-04 16:00:00,14.5,0.0,8.0,26.3,265
2021-09-04 17:00:00,13.5,0.0,7.2,24.5,288
2021-09-04 18:00:00,12.6,0.0,7.2,22.0,297
2021-09-04 19:00:00,11.2,0.0,7.0,19.4,305
2021-09-04 20:00:00,10.4,0.0,4.3,14.8,318
2021-09-04 21:00:00,10.0,0.0,2.9,8.6,353
2021-09-04 22:00:00,9.5,0.0,3.8,7.6,17
2021-09-04 23:00:00,9.0,0.0,3.6,9.0,45
2021-09-05 00:00:00,9.2,0.0,2.1,9.0,59
2021-09-05 01:00:00,8.2,0.0,4.4,7.9,55
2021-09-05 02:00:00,9.8,0.0,2.3,7.9,72
2021-09-05 03:00:00,10.7,0.0,2.2,7.2,81
2021-09-05 04:00:00,11.2,0.0,2.2,7.9,90
2021-09-05 05:00:00,11.2,0.0,2.5,7.9,82
2021-09-05 06:00:00,11.7,0.0,3.3,9.7,96
2021-09-05 07:00:00,12.2,0.0,5.0,12.6,111
2021-09-05 08:00:00,14.0,0.0,3.9,13.7,146
2021-09-05 09:00:00,15.7,0.0,4.8,16.6,167
2021-09-05 10:00:00,16.8,0.0,12.6,31.3,180
2021-09-05 11:00:00,17.4,0.0,17.4,45.0,187
2021-09-05 12:00:00,16.7,0.0,15.4,45.4,191
2021-09-05 13:00:00,16.7,0.1,16.6,42.8,182
2021-09-05 14:00:00,16.6,0.0,15.2,42.5,185
2021-09-05 15:00:00,16.7,0.0,13.4,38.9,194
2021-09-05 16:00:00,16.5,0.0,12.7,35.3,195
2021-09-05 17:00:00,15.6,0.0,12.8,34.9,190
2021-09-05 18:00:00,14.8,0.0,11.0,33.8,203
2021-09-05 19:00:00,14.1,0.0,8.0,28.4,188
2021-09-05 20:00:00,12.8,0.0,7.6,20.2,172
2021-09-05 21:00:00,12.2,0.0,7.9,19.4,164
2021-09-05 22:00:00,12.5,0.0,7.6,20.5,155
2021-09-05 23:00:00,12.6,0.0,7.3,18.7,160
2021-09-06 00:00:00,12.6,0.0,9.2,22.0,169
2021-09-06 01:00:00,12.5,0.0,9.2,23.8,159
2021-09-06 02:00:00,12.7,0.0,8.8,23.4,168
2021-09-06 03:00:00,12.7,0.0,8.4,22.0,173
2021-09-06 04:00:00,12.3,0.0,8.8,20.9,161
2021-09-06 05:00:00,12.3,0.0,9.5,22.3,155
2021-09-06 06:00:00,12.3,0.0,9.4,23.0,148
2021-09-06 07:00:00,12.5,0.0,10.0,25.2,154
2021-09-06 08:00:00,12.9,0.1,11.6,27.4,164
2021-09-06 09:00:00,13.1,0.1,13.6,31.3,169
2021-09-06 10:00:00,13.9,0.0,13.3,35.3,178
2021-09-06 11:00:00,14.2,0.0,13.0,33.5,175
2021-09-06 12:00:00,14.1,0.0,13.8,34.2,174
2021-09-06 13:00:00,15.3,0.1,13.4,37.4,174
2021-09-06 14:00:00,16.2,0.0,14.8,38.5,186
2021-09-06 15:00:00,16.4,0.0,14.9,39.2,187
2021-09-06 16:00:00,15.9,0.0,13.7,38.2,185
2021-09-06 17:00:00,15.4,0.0,12.7,35.6,187
2021-09-06 18:00:00,14.8,0.0,11.9,33.1,182
2021-09-06 19:00:00,14.4,0.0,11.3,31.0,173
2021-09-06 20:00:00,14.2,0.0,11.4,29.2,162
2021-09-06 21:00:00,14.1,0.0,12.4,31.7,163
2021-09-06 22:00:00,14.1,0.0,12.1,31.7,170
2021-09-06 23:00:00,14.2,0.0,13.3,33.1,161
2021-09-07 00:00:00,14.2,0.0,13.4,34.6,166
2021-09-07 01:00:00,14.0,0.1,14.6,36.7,160
2021-09-07 02:00:00,13.8,0.1,16.1,40.3,160
2021-09-07 03:00:00,13.8,0.0,14.8,40.3,167
2021-09-07 04:00:00,13.8,0.2,15.9,39.6,167
2021-09-07 05:00:00,13.7,0.2,15.9,39.6,167
2021-09-07 06:00:00,13.6,0.4,15.4,39.2,164
2021-09-07 07:00:00,13.7,0.4,14.2,38.2,164
2021-09-07 08:00:00,13.7,0.8,12.4,35.3,172
2021-09-07 09:00:00,14.1,0.9,12.6,31.7,175
2021-09-07 10:00:00,14.5,0.7,14.4,35.3,183
2021-09-07 11:00:00,14.9,0.6,14.1,35.6,183
2021-09-07 12:00:00,14.8,0.6,13.3,34.6,183
2021-09-07 13:00:00,15.1,0.4,12.3,33.5,195
2021-09-07 14:00:00,15.3,0.3,11.0,29.9,199
2021-09-07 15:00:00,15.8,0.1,10.6,28.4,204
2021-09-07 16:00:00,15.8,0.2,10.0,26.3,206
2021-09-07 17:00:00,15.6,0.2,8.3,24.5,198
2021-09-07 18:00:00,15.7,0.1,7.3,21.2,171
2021-09-07 19:00:00,15.2,0.1,7.3,17.3,160
2021-09-07 20:00:00,14.8,0.1,8.1,19.1,159
2021-09-07 21:00:00,14.8,0.0,8.8,20.5,161
2021-09-07 22:00:00,14.7,0.0,10.0,24.5,167
2021-09-07 23:00:00,14.8,0.0,11.4,27.7,169
2021-09-08 00:00:00,14.8,0.0,11.9,29.9,178
2021-09-08 01:00:00,14.5,0.1,10.9,30.6,186
2021-09-08 02:00:00,14.7,0.0,10.9,28.1,186
2021-09-08 03:00:00,14.6,0.1,9.7,25.2,180
2021-09-08 04:00:00,14.6,0.3,8.6,23.0,180
2021-09-08 05:00:00,14.6,0.1,9.0,21.6,180
2021-09-08 06:00:00,14.4,0.0,8.3,21.6,185
2021-09-08 07:00:00,14.5,0.2,10.0,22.3,193
2021-09-08 08:00:00,14.5,0.4,11.2,23.8,182
2021-09-08 09:00:00,14.7,0.2,11.5,25.6,182
2021-09-08 10:00:00,15.1,0.1,12.1,28.1,192
2021-09-08 11:00:00,15.2,0.2,13.0,30.6,194
2021-09-08 12:00:00,15.4,0.1,13.4,31.3,186
2021-09-08 13:00:00,15.9,0.1,13.0,33.1,175
2021-09-08 14:00:00,17.6,0.0,13.8,34.2,173
2021-09-08 15:00:00,18.7,0.0,13.3,35.6,177
2021-09-08 16:00:00,18.8,0.0,11.2,34.2,180
2021-09-08 17:00:00,18.4,0.0,11.9,31.3,183
2021-09-08 18:00:00,17.1,0.0,9.0,31.0,175
2021-09-08 19:00:00,15.6,0.0,8.7,23.8,175
2021-09-08 20:00:00,14.9,0.0,10.0,24.1,154
2021-09-08 21:00:00,15.6,0.0,12.1,28.8,150
2021-09-08 22:00:00,16.6,0.0,12.4,31.7,154
2021-09-08 23:00:00,16.5,0.0,12.2,32.0,166
2021-09-09 00:00:00,16.2,0.0,11.3,32.0,171
2021-09-09 01:00:00,16.6,0.0,10.5,30.6,186
2021-09-09 02:00:00,16.3,0.1,11.9,31.7,180
2021-09-09 03:00:00,15.4,0.0,12.2,33.1,180
2021-09-09 04:00:00,15.0,0.0,11.2,31.3,182
2021-09-09 05:00:00,15.0,0.0,10.6,28.1,170
2021-09-09 06:00:00,15.2,0.0,10.2,26.6,170
2021-09-09 07:00:00,15.3,0.0,9.5,25.9,171
2021-09-09 08:00:00,15.6,0.0,10.2,25.6,172
2021-09-09 09:00:00,16.0,0.1,8.7,25.9,175
2021-09-09 10:00:00,16.4,0.0,9.0,23.0,178
2021-09-09 11:00:00,17.2,0.0,9.4,25.2,180
2021-09-09 12:00:00,17.8,0.0,8.3,24.5,178
2021-09-09 13:00:00,19.7,0.0,5.9,23.4,194
2021-09-09 14:00:00,20.3,0.0,5.2,18.0,245
2021-09-09 15:00:00,20.2,0.0,6.9,21.2,276
2021-09-09 16:00:00,18.9,0.0,7.4,22.0,299
2021-09-09 17:00:00,18.4,0.0,5.4,21.2,307
2021-09-09 18:00:00,17.7,0.0,3.9,16.2,326
2021-09-09 19:00:00,16.4,0.0,3.0,10.1,346
2021-09-09 20:00:00,15.6,0.0,3.1,6.5,36
2021-09-09 21:00:00,15.8,0.2,2.3,6.8,72
2021-09-09 22:00:00,14.4,0.0,2.2,5.8,171
2021-09-09 23:00:00,14.5,0.0,1.3,6.5,146
2021-09-10 00:00:00,14.6,0.0,1.9,5.4,112
2021-09-10 01:00:00,14.0,0.0,3.2,5.8,117
2021-09-10 02:00:00,14.4,0.0,4.3,8.6,85
2021-09-10 03:00:00,14.2,0.0,3.3,9.7,84
2021-09-10 04:00:00,14.7,0.1,1.3,6.8,236
2021-09-10 05:00:00,14.5,0.1,1.8,5.8,217
2021-09-10 06:00:00,13.7,0.5,2.6,6.8,196
2021-09-10 07:00:00,14.0,0.1,4.2,11.5,160
2021-09-10 08:00:00,14.9,0.2,3.1,11.5,144
2021-09-10 09:00:00,16.1,0.1,1.9,10.1,68
2021-09-10 10:00:00,16.9,0.0,3.3,11.5,84
2021-09-10 11:00:00,19.0,0.0,3.8,20.2,139
2021-09-10 12:00:00,20.3,0.0,5.2,25.2,205
2021-09-10 13:00:00,19.4,0.0,2.5,30.2,360
2021-09-10 14:00:00,20.5,0.0,1.3,20.5,326
2021-09-10 15:00:00,20.9,0.0,1.6,20.5,243
2021-09-10 16:00:00,20.3,0.2,4.9,19.8,234
2021-09-10 17:00:00,19.0,0.1,3.9,21.2,338
2021-09-10 18:00:00,18.4,0.0,5.2,11.5,25
2021-09-10 19:00:00,17.4,0.0,5.4,12.2,37
2021-09-10 20:00:00,16.9,0.1,5.9,12.2,47
2021-09-10 21:00:00,16.7,0.3,5.9,20.9,52
2021-09-10 22:00:00,16.2,0.1,4.0,13.3,63
2021-09-10 23:00:00,16.2,1.1,3.6,21.2,96
2021-09-11 00:00:00,15.7,1.2,5.4,23.0,176
2021-09-11 01:00:00,15.6,1.6,6.1,23.8,180
2021-09-11 02:00:00,15.9,1.5,3.4,21.6,122
2021-09-11 03:00:00,15.9,0.1,5.5,14.8,101
2021-09-11 04:00:00,14.6,0.3,4.3,14.8,114
2021-09-11 05:00:00,15.1,0.7,3.6,13.7,127
2021-09-11 06:00:00,15.0,0.8,3.6,11.9,143
2021-09-11 07:00:00,15.1,0.8,5.0,13.7,159
2021-09-11 08:00:00,15.4,0.8,6.8,17.3,162
2021-09-11 09:00:00,15.7,0.5,7.4,19.1,151
2021-09-11 10:00:00,16.5,0.4,8.4,20.5,155
2021-09-11 11:00:00,16.8,0.3,9.7,23.4,165
2021-09-11 12:00:00,16.9,0.5,8.3,24.5,175
2021-09-11 13:00:00,16.4,0.4,12.0,25.2,187
2021-09-11 14:00:00,16.9,0.3,11.7,28.8,198
2021-09-11 15:00:00,16.6,0.3,9.2,28.8,201
2021-09-11 16:00:00,16.3,0.2,7.6,22.7,199
2021-09-11 17:00:00,16.1,0.1,7.2,19.4,198
2021-09-11 18:00:00,15.7,0.5,6.8,20.5,205
2021-09-11 19:00:00,15.4,0.6,7.1,18.0,204
2021-09-11 20:00:00,15.2,0.3,6.5,15.8,180
2021-09-11 21:00:00,15.1,0.5,6.2,14.8,173
2021-09-11 22:00:00,15.0,0.7,5.1,14.4,188
2021-09-11 23:00:00,14.9,0.6,4.8,12.6,207
2021-09-12 00:00:00,14.7,0.4,4.6,11.9,225
2021-09-12 01:00:00,14.6,0.5,2.5,13.7,270
2021-09-12 02:00:00,14.2,0.3,3.1,8.3,291
2021-09-12 03:00:00,13.8,0.0,5.0,11.9,291
2021-09-12 04:00:00,13.3,0.0,6.9,16.2,298
2021-09-12 05:00:00,13.2,0.0,9.3,20.9,306
2021-09-12 06:00:00,12.9,0.0,9.4,21.2,317
2021-09-12 07:00:00,12.8,0.0,10.5,23.4,319
2021-09-12 08:00:00,12.9,0.0,13.3,29.2,327
2021-09-12 09:00:00,12.9,0.0,15.6,34.6,331
2021-09-12 10:00:00,13.0,0.0,15.0,36.4,330
2021-09-12 11:00:00,13.6,0.0,15.0,37.4,325
2021-09-12 12:00:00,14.7,0.0,16.0,40.7,329
2021-09-12 13:00:00,15.1,0.0,16.4,42.8,327
2021-09-12 14:00:00,15.6,0.0,18.6,47.5,328
2021-09-12 15:00:00,15.3,0.0,18.6,48.2,328
2021-09-12 16:00:00,14.2,0.0,20.3,51.1,330
2021-09-12 17:00:00,13.3,0.0,20.0,51.1,332
2021-09-12 18:00:00,12.2,0.0,19.0,50.0,333
2021-09-12 19:00:00,11.0,0.0,19.2,48.2,337
2021-09-12 20:00:00,10.4,0.0,18.6,47.2,338
2021-09-12 21:00:00,10.0,0.0,17.4,45.7,342
2021-09-12 22:00:00,9.6,0.0,16.2,43.2,343
2021-09-12 23:00:00,9.4,0.0,14.8,40.7,347
2021-09-13 00:00:00,8.9,0.0,12.4,37.8,350
2021-09-13 01:00:00,9.1,0.0,14.2,31.7,351
2021-09-13 02:00:00,8.8,0.0,12.6,35.3,355
2021-09-13 03:00:00,8.8,0.0,11.9,32.4,355
2021-09-13 04:00:00,8.5,0.0,10.9,31.0,354
2021-09-13 05:00:00,8.2,0.0,10.8,28.4,356
2021-09-13 06:00:00,7.8,0.0,10.8,28.1,356
2021-09-13 07:00:00,8.2,0.0,9.4,27.0,360
2021-09-13 08:00:00,9.7,0.0,8.4,24.5,353
2021-09-13 09:00:00,11.4,0.0,9.2,26.6,349
2021-09-13 10:00:00,13.1,0.0,10.0,28.4,347
2021-09-13 11:00:00,14.4,0.0,10.4,29.5,340
2021-09-13 12:00:00,15.2,0.0,11.8,32.4,329
2021-09-13 13:00:00,15.5,0.0,10.0,34.6,322
2021-09-13 14:00:00,15.7,0.0,11.0,31.0,311
2021-09-13 15:00:00,15.2,0.0,12.0,32.8,309
2021-09-13 16:00:00,14.7,0.0,11.3,32.8,307
2021-09-13 17:00:00,13.8,0.0,11.0,30.2,308
2021-09-13 18:00:00,12.7,0.0,9.4,28.1,310
2021-09-13 19:00:00,11.3,0.0,9.5,22.7,323
2021-09-13 20:00:00,10.4,0.0,9.3,22.3,347
2021-09-13 21:00:00,9.9,0.0,7.2,21.6,6
2021-09-13 22:00:00,9.6,0.0,4.2,17.6,20
2021-09-13 23:00:00,8.4,0.0,4.5,11.9,29
2021-09-14 00:00:00,8.3,0.0,3.6,9.7,37
2021-09-14 01:00:00,9.3,0.0,4.7,9.7,9
2021-09-14 02:00:00,7.9,0.0,5.1,9.4,8
2021-09-14 03:00:00,8.3,0.0,3.8,9.4,41
2021-09-14 04:00:00,8.2,0.0,3.9,9.7,56
2021-09-14 05:00:00,8.7,0.0,4.1,9.4,75
2021-09-14 06:00:00,7.2,0.0,4.3,7.2,48
2021-09-14 07:00:00,8.5,0.0,3.6,7.9,53
2021-09-14 08:00:00,10.4,0.0,4.4,12.6,55
2021-09-14 09:00:00,12.2,0.0,2.5,11.9,352
2021-09-14 10:00:00,13.6,0.0,3.4,13.7,328
2021-09-14 11:00:00,14.6,0.0,4.3,16.2,318
2021-09-14 12:00:00,15.4,0.0,5.1,18.0,315
2021-09-14 13:00:00,15.0,0.0,5.4,19.4,290
2021-09-14 14:00:00,15.4,0.0,6.3,20.9,301
2021-09-14 15:00:00,15.0,0.0,8.1,23.8,302
2021-09-14 16:00:00,14.0,0.0,10.8,29.2,291
2021-09-14 17:00:00,12.8,0.0,10.1,30.2,305
2021-09-14 18:00:00,12.1,0.0,7.1,26.3,311
2021-09-14 19:00:00,11.0,0.0,7.0,16.6,339
2021-09-14 20:00:00,10.4,0.0,7.2,15.8,354
2021-09-14 21:00:00,9.8,0.0,6.1,15.1,3
2021-09-14 22:00:00,9.0,0.0,3.9,14.0,22
2021-09-14 23:00:00,8.4,0.0,3.9,9.7,34
2021-09-15 00:00:00,8.3,0.0,4.4,8.6,35
2021-09-15 01:00:00,8.7,0.0,5.7,7.2,35
2021-09-15 02:00:00,8.8,0.0,3.9,10.8,56
2021-09-15 03:00:00,8.6,0.0,4.7,8.6,67
2021-09-15 04:00:00,9.2,0.0,4.9,7.6,54
2021-09-15 05:00:00,9.7,0.0,4.8,7.2,48
2021-09-15 06:00:00,10.6,0.0,4.3,8.6,66
2021-09-15 07:00:00,10.6,0.0,3.1,8.6,69
2021-09-15 08:00:00,11.6,0.0,0.4,7.2,90
2021-09-15 09:00:00,12.8,0.0,2.1,9.0,211
2021-09-15 10:00:00,13.0,0.0,1.1,9.0,252
2021-09-15 11:00:00,14.1,0.0,0.8,7.9,243
2021-09-15 12:00:00,14.7,0.0,0.8,7.9,243
2021-09-15 13:00:00,15.9,0.1,4.4,7.2,35
2021-09-15 14:00:00,16.4,0.0,3.2,13.0,27
2021-09-15 15:00:00,17.1,0.0,3.0,11.2,346
2021-09-15 16:00:00,17.2,0.0,5.2,14.8,326
2021-09-15 17:00:00,15.4,0.0,5.6,15.1,320
2021-09-15 18:00:00,14.3,0.0,5.6,12.6,345
2021-09-15 19:00:00,13.5,0.1,5.8,12.2,353
2021-09-15 20:00:00,13.1,0.2,5.4,12.6,360
2021-09-15 21:00:00,12.9,0.3,4.7,11.9,4
2021-09-15 22:00:00,12.8,0.1,5.2,11.5,16
2021-09-15 23:00:00,12.6,0.0,4.6,11.5,45
2021-09-16 00:00:00,12.6,0.1,4.2,10.4,59
2021-09-16 01:00:00,12.1,0.1,4.8,9.7,27
2021-09-16 02:00:00,12.6,0.2,3.9,8.3,22
2021-09-16 03:00:00,12.0,0.6,4.4,9.4,9
2021-09-16 04:00:00,11.9,0.5,4.3,10.1,355
2021-09-16 05:00:00,11.8,0.2,4.3,10.4,24
2021-09-16 06:00:00,11.7,0.2,4.1,10.4,38
2021-09-16 07:00:00,11.9,0.2,4.1,9.4,38
2021-09-16 08:00:00,12.4,0.2,2.9,8.3,353
2021-09-16 09:00:00,12.8,0.1,1.3,6.1,34
2021-09-16 10:00:00,13.1,0.0,1.9,7.9,68
2021-09-16 11:00:00,13.6,0.0,2.4,9.0,63
2021-09-16 12:00:00,14.1,0.0,3.1,10.1,69
2021-09-16 13:00:00,14.0,0.0,0.4,10.1,360
2021-09-16 14:00:00,13.9,0.4,1.5,18.7,76
2021-09-16 15:00:00,13.8,0.3,3.7,10.4,101
2021-09-16 16:00:00,13.4,0.2,4.2,12.2,121
2021-09-16 17:00:00,13.2,0.2,5.1,13.3,129
2021-09-16 18:00:00,12.9,0.1,6.9,15.8,129
2021-09-16 19:00:00,12.6,0.0,7.7,17.6,131
2021-09-16 20:00:00,12.4,0.0,8.2,19.4,139
2021-09-16 21:00:00,12.4,0.0,8.9,20.5,148
2021-09-16 22:00:00,12.2,0.1,8.9,21.2,153
2021-09-16 23:00:00,12.2,0.1,7.9,20.5,150
2021-09-17 00:00:00,12.2,0.0,7.9,18.4,156
2021-09-17 01:00:00,12.2,0.0,4.3,18.0,132
2021-09-17 02:00:00,12.4,0.0,6.1,13.7,118
2021-09-17 03:00:00,12.4,0.0,6.3,15.1,121
2021-09-17 04:00:00,12.4,0.0,5.6,14.0,130
2021-09-17 05:00:00,12.3,0.0,6.9,15.8,133
2021-09-17 06:00:00,11.9,0.0,8.2,18.4,142
2021-09-17 07:00:00,11.8,0.0,8.1,18.4,167
2021-09-17 08:00:00,12.5,0.0,9.0,21.6,178
2021-09-17 09:00:00,13.3,0.0,7.6,21.2,161
2021-09-17 10:00:00,14.5,0.0,6.8,21.2,180
2021-09-17 11:00:00,15.4,0.0,6.8,21.6,180
2021-09-17 12:00:00,16.0,0.0,9.1,25.6,171
2021-09-17 13:00:00,16.2,0.0,11.0,30.2,169
2021-09-17 14:00:00,16.5,0.0,11.7,31.7,169
2021-09-17 15:00:00,16.6,0.0,11.6,32.4,175
2021-09-17 16:00:00,16.0,0.0,10.6,31.3,190
2021-09-17 17:00:00,15.2,0.0,8.2,28.1,203
2021-09-17 18:00:00,13.6,0.0,7.2,22.0,183
2021-09-17 19:00:00,11.5,0.0,10.0,23.0,159
2021-09-17 20:00:00,10.6,0.0,10.5,25.6,153
2021-09-17 21:00:00,10.5,0.0,10.0,25.6,142
2021-09-17 22:00:00,10.6,0.0,10.5,26.6,139
2021-09-17 23:00:00,10.5,0.0,9.3,26.6,144
2021-09-18 00:00:00,10.2,0.0,9.4,23.8,133
2021-09-18 01:00:00,10.6,0.0,12.5,25.6,141
2021-09-18 02:00:00,10.2,0.0,11.5,30.6,129
2021-09-18 03:00:00,9.8,0.0,10.7,28.8,123
2021-09-18 04:00:00,9.6,0.0,10.6,27.4,118
2021-09-18 05:00:00,9.3,0.0,10.3,26.3,115
2021-09-18 06:00:00,9.6,0.0,10.7,26.6,110
2021-09-18 07:00:00,10.9,0.0,11.0,28.4,109
2021-09-18 08:00:00,12.1,0.0,8.5,27.7,118
2021-09-18 09:00:00,13.4,0.0,8.3,23.8,124
2021-09-18 10:00:00,14.5,0.0,9.7,26.6,138
2021-09-18 11:00:00,15.4,0.0,11.0,29.9,148
2021-09-18 12:00:00,15.9,0.0,13.0,34.6,152
2021-09-18 13:00:00,15.6,0.0,15.5,37.1,167
2021-09-18 14:00:00,16.0,0.0,15.8,41.0,168
2021-09-18 15:00:00,16.0,0.0,13.5,39.6,164
2021-09-18 16:00:00,16.0,0.0,11.3,34.2,163
2021-09-18 17:00:00,15.4,0.0,8.1,29.2,159
2021-09-18 18:00:00,14.9,0.0,7.3,22.0,160
2021-09-18 19:00:00,14.4,0.0,7.3,19.8,160
2021-09-18 20:00:00,14.0,0.0,8.4,22.0,170
2021-09-18 21:00:00,13.5,0.0,8.6,23.0,158
2021-09-18 22:00:00,13.3,0.0,7.5,22.3,145
2021-09-18 23:00:00,13.1,0.0,8.3,22.3,146
2021-09-19 00:00:00,12.2,0.0,7.7,22.3,139
2021-09-19 01:00:00,12.7,0.0,9.2,20.2,135
2021-09-19 02:00:00,12.4,0.0,9.7,23.8,132
2021-09-19 03:00:00,11.9,0.0,9.4,24.1,133
2021-09-19 04:00:00,11.8,0.0,8.6,23.8,123
2021-09-19 05:00:00,11.3,0.0,7.9,21.2,114
2021-09-19 06:00:00,10.5,0.0,7.9,19.8,120
2021-09-19 07:00:00,10.7,0.0,6.4,19.8,128
2021-09-19 08:00:00,12.0,0.0,6.9,18.7,141
2021-09-19 09:00:00,13.7,0.0,6.6,20.5,139
2021-09-19 10:00:00,13.8,0.0,6.6,20.9,151
2021-09-19 11:00:00,14.2,0.1,7.1,21.2,156
2021-09-19 12:00:00,13.6,0.2,8.2,22.3,151
2021-09-19 13:00:00,15.3,0.0,12.4,22.7,158
2021-09-19 14:00:00,15.8,0.0,11.9,33.5,155
2021-09-19 15:00:00,16.0,0.0,12.2,32.8,166
2021-09-19 16:00:00,15.2,0.0,11.2,32.4,176
2021-09-19 17:00:00,14.7,0.0,10.8,30.6,182
2021-09-19 18:00:00,13.6,0.0,9.4,28.4,184
2021-09-19 19:00:00,13.1,0.0,9.1,25.2,187
2021-09-19 20:00:00,12.8,0.0,9.7,26.3,180
2021-09-19 21:00:00,12.2,0.0,9.5,26.3,171
2021-09-19 22:00:00,12.1,0.0,9.5,25.9,171
2021-09-19 23:00:00,11.8,0.0,9.7,26.6,176
2021-09-20 00:00:00,11.6,0.0,9.9,26.6,170
2021-09-20 01:00:00,11.8,0.0,12.8,26.6,169
2021-09-20 02:00:00,11.5,0.0,12.3,32.4,173
2021-09-20 03:00:00,11.3,0.0,12.1,32.8,170
2021-09-20 04:00:00,11.1,0.0,12.3,33.5,159
2021-09-20 05:00:00,11.0,0.0,12.6,33.1,156
2021-09-20 06:00:00,10.8,0.0,11.6,32.8,158
2021-09-20 07:00:00,10.7,0.0,11.0,31.3,157
2021-09-20 08:00:00,11.5,0.0,11.3,30.6,153
2021-09-20 09:00:00,12.4,0.0,12.2,31.7,166
2021-09-20 10:00:00,12.9,0.0,15.9,40.7,177
2021-09-20 11:00:00,13.2,0.0,16.9,43.2,179
2021-09-20 12:00:00,13.5,0.0,18.4,46.4,181
2021-09-20 13:00:00,13.8,0.0,16.6,46.8,176
2021-09-20 14:00:00,14.0,0.0,18.2,46.4,171
2021-09-20 15:00:00,14.1,0.0,18.8,47.5,176
2021-09-20 16:00:00,13.7,0.0,18.0,47.9,177
2021-09-20 17:00:00,13.6,0.0,15.5,46.4,184
2021-09-20 18:00:00,12.9,0.0,15.5,43.2,177
2021-09-20 19:00:00,12.4,0.0,17.8,46.1,172
2021-09-20 20:00:00,12.4,0.0,20.1,51.5,170
2021-09-20 21:00:00,11.9,0.4,21.7,54.7,168
2021-09-20 22:00:00,11.0,0.6,21.8,56.5,167
2021-09-20 23:00:00,10.4,1.1,20.8,56.9,166
2021-09-21 00:00:00,9.9,1.4,20.3,55.4,167
2021-09-21 01:00:00,10.4,6.4,15.5,55.4,181
2021-09-21 02:00:00,11.7,1.6,7.9,39.6,223
2021-09-21 03:00:00,11.8,0.3,11.3,28.1,248
2021-09-21 04:00:00,11.6,0.1,10.2,26.6,238
2021-09-21 05:00:00,11.3,0.1,8.6,24.5,237
2021-09-21 06:00:00,11.4,0.1,9.1,24.1,236
2021-09-21 07:00:00,10.8,0.8,11.1,31.0,245
2021-09-21 08:00:00,11.7,0.1,9.0,30.2,247
2021-09-21 09:00:00,12.1,0.2,10.6,32.0,252
2021-09-21 10:00:00,12.6,0.1,8.3,35.6,270
2021-09-21 11:00:00,12.8,0.1,9.0,31.3,275
2021-09-21 12:00:00,13.4,0.1,11.2,33.5,274
2021-09-21 13:00:00,13.1,0.2,9.0,30.6,272
2021-09-21 14:00:00,13.3,0.3,7.2,24.5,252
2021-09-21 15:00:00,13.0,0.5,8.5,20.9,216
2021-09-21 16:00:00,12.6,0.3,9.8,23.0,186
2021-09-21 17:00:00,12.6,0.2,11.9,31.3,180
2021-09-21 18:00:00,11.6,0.8,13.4,33.5,172
2021-09-21 19:00:00,11.7,0.3,15.5,38.2,167
2021-09-21 20:00:00,11.9,0.0,16.2,40.3,167
2021-09-21 21:00:00,11.9,0.0,16.9,42.1,164
2021-09-21 22:00:00,12.0,0.0,17.6,43.6,165
2021-09-21 23:00:00,11.9,0.1,19.2,47.2,163
2021-09-22 00:00:00,11.9,0.1,19.5,48.6,164
2021-09-22 01:00:00,12.1,0.1,19.0,49.0,161
2021-09-22 02:00:00,12.5,0.0,19.6,49.3,160
2021-09-22 03:00:00,12.7,0.0,19.5,49.3,161
2021-09-22 04:00:00,12.8,0.0,20.3,50.4,160
2021-09-22 05:00:00,13.1,0.0,19.5,50.8,164
2021-09-22 06:00:00,13.2,0.0,19.4,49.3,165
2021-09-22 07:00:00,13.0,0.0,18.9,49.3,166
2021-09-22 08:00:00,13.6,0.0,18.6,49.0,170
2021-09-22 09:00:00,13.9,0.0,22.8,54.7,174
2021-09-22 10:00:00,14.4,0.2,21.6,56.5,180
2021-09-22 11:00:00,15.1,0.7,22.1,60.1,186
2021-09-22 12:00:00,14.2,5.9,20.6,55.8,192
2021-09-22 13:00:00,13.3,2.3,21.5,52.9,189
2021-09-22 14:00:00,13.1,3.0,19.5,54.0,184
2021-09-22 15:00:00,13.1,3.9,17.1,49.7,188
2021-09-22 16:00:00,13.1,2.4,14.8,43.2,221
2021-09-22 17:00:00,12.4,2.6,10.2,49.7,247
2021-09-22 18:00:00,11.8,0.8,7.7,44.6,217
2021-09-22 19:00:00,11.4,0.6,10.7,24.5,220
2021-09-22 20:00:00,10.9,1.0,7.5,27.7,235
2021-09-22 21:00:00,10.7,0.4,7.1,21.2,221
2021-09-22 22:00:00,10.5,0.1,7.6,19.8,183
2021-09-22 23:00:00,10.3,0.1,8.8,27.0,171
2021-09-23 00:00:00,10.4,0.1,9.7,29.5,178
2021-09-23 01:00:00,9.9,0.2,10.1,31.3,182
2021-09-23 02:00:00,10.2,0.8,12.6,35.3,182
2021-09-23 03:00:00,9.6,1.7,14.7,38.9,202
2021-09-23 04:00:00,9.4,2.3,17.6,44.3,215
2021-09-23 05:00:00,9.5,2.1,12.0,43.2,196
2021-09-23 06:00:00,9.3,1.8,14.9,36.7,195
2021-09-23 07:00:00,9.2,3.0,15.0,40.3,190
2021-09-23 08:00:00,9.4,3.0,17.4,44.3,193
2021-09-23 09:00:00,10.0,2.4,15.7,43.2,196
2021-09-23 10:00:00,7.4,4.2,33.9,88.6,279
2021-09-23 11:00:00,7.1,1.5,15.9,79.9,283
2021-09-23 12:00:00,8.5,1.1,10.7,40.7,256
2021-09-23 13:00:00,11.0,1.9,16.1,31.7,304
2021-09-23 14:00:00,11.8,0.3,12.7,39.2,331
2021-09-23 15:00:00,11.0,0.4,19.8,50.0,333
2021-09-23 16:00:00,11.1,0.0,22.1,53.3,332
2021-09-23 17:00:00,11.0,0.0,22.4,55.4,332
2021-09-23 18:00:00,10.3,0.0,21.1,55.8,333
2021-09-23 19:00:00,9.5,0.0,16.9,52.6,336
2021-09-23 20:00:00,9.1,0.0,13.9,42.5,335
2021-09-23 21:00:00,8.5,0.0,8.7,34.9,330
2021-09-23 22:00:00,8.9,0.0,8.7,22.7,318
2021-09-23 23:00:00,8.9,0.0,5.4,22.3,318
2021-09-24 00:00:00,9.2,0.1,2.4,14.0,333
2021-09-24 01:00:00,8.8,0.1,1.1,7.2,180
2021-09-24 02:00:00,8.7,0.1,6.1,13.3,177
2021-09-24 03:00:00,8.6,0.0,9.9,23.0,170
2021-09-24 04:00:00,8.5,0.1,11.9,28.8,155
2021-09-24 05:00:00,8.6,0.6,13.3,33.5,161
2021-09-24 06:00:00,8.2,1.4,16.1,40.3,153
2021-09-24 07:00:00,8.2,2.1,20.6,51.5,155
2021-09-24 08:00:00,8.3,1.9,23.8,61.2,160
2021-09-24 09:00:00,8.7,2.5,22.7,60.8,160
2021-09-24 10:00:00,9.9,4.1,21.3,60.8,161
2021-09-24 11:00:00,11.7,12.6,19.5,53.6,185
2021-09-24 12:00:00,13.0,7.0,20.1,51.1,226
2021-09-24 13:00:00,13.1,2.4,20.8,54.0,236
2021-09-24 14:00:00,13.1,0.7,20.5,56.9,248
2021-09-24 15:00:00,12.9,0.5,20.7,50.0,247
2021-09-24 16:00:00,12.8,0.3,17.8,49.0,249
2021-09-24 17:00:00,11.9,0.7,16.3,44.3,248
2021-09-24 18:00:00,11.3,1.1,13.9,41.8,245
2021-09-24 19:00:00,11.2,0.7,13.3,34.6,237
2021-09-24 20:00:00,10.6,0.5,16.0,37.8,261
2021-09-24 21:00:00,10.3,0.5,13.8,39.6,276
2021-09-24 22:00:00,10.2,0.2,15.5,38.9,298
2021-09-24 23:00:00,10.1,0.0,13.4,38.2,290
2021-09-25 00:00:00,10.1,0.1,10.7,32.0,284
2021-09-25 01:00:00,10.3,0.0,13.2,28.4,281
2021-09-25 02:00:00,10.5,0.3,12.7,32.4,295
2021-09-25 03:00:00,10.3,0.1,10.5,30.6,301
2021-09-25 04:00:00,10.0,0.1,12.5,30.2,303
2021-09-25 05:00:00,9.7,0.2,11.8,30.2,310
2021-09-25 06:00:00,9.6,0.2,8.9,28.1,320
2021-09-25 07:00:00,9.9,0.2,6.7,22.0,324
2021-09-25 08:00:00,10.2,0.2,3.1,16.6,315
2021-09-25 09:00:00,10.7,0.1,0.4,15.5,90
2021-09-25 10:00:00,11.3,0.2,2.9,18.7,150
2021-09-25 11:00:00,12.2,0.2,3.6,13.7,217
2021-09-25 12:00:00,13.0,0.1,6.6,19.4,229
2021-09-25 13:00:00,12.1,0.0,7.2,22.0,174
2021-09-25 14:00:00,12.5,0.1,10.6,26.6,170
2021-09-25 15:00:00,12.5,0.0,11.2,27.7,180
2021-09-25 16:00:00,12.7,0.0,13.3,33.5,178
2021-09-25 17:00:00,12.5,0.0,11.4,34.2,167
2021-09-25 18:00:00,11.8,0.0,11.1,29.5,167
2021-09-25 19:00:00,11.8,0.0,10.6,28.4,162
2021-09-25 20:00:00,11.1,0.0,12.1,29.2,150
2021-09-25 21:00:00,11.5,0.0,13.4,33.8,149
2021-09-25 22:00:00,11.8,0.0,12.9,34.2,150
2021-09-25 23:00:00,10.9,0.0,12.8,33.1,142
2021-09-26 00:00:00,10.4,0.0,13.0,33.1,138
2021-09-26 01:00:00,11.9,0.0,15.6,33.5,142
2021-09-26 02:00:00,12.2,0.0,14.5,39.2,145
2021-09-26 03:00:00,13.0,0.0,14.0,38.2,151
2021-09-26 04:00:00,13.2,0.0,14.0,38.5,151
2021-09-26 05:00:00,13.0,0.0,13.2,37.8,154
2021-09-26 06:00:00,12.7,0.0,12.7,36.0,151
2021-09-26 07:00:00,12.8,0.1,14.2,37.8,153
2021-09-26 08:00:00,13.7,0.0,14.2,39.6,159
2021-09-26 09:00:00,14.4,0.0,14.1,39.6,167
2021-09-26 10:00:00,15.4,0.0,13.1,38.9,171
2021-09-26 11:00:00,15.1,0.0,12.4,38.2,170
2021-09-26 12:00:00,16.2,0.0,18.2,47.9,172
2021-09-26 13:00:00,17.0,0.0,19.0,49.7,161
2021-09-26 14:00:00,17.6,0.0,18.3,50.4,158
2021-09-26 15:00:00,17.9,0.0,16.3,47.9,155
2021-09-26 16:00:00,17.7,0.0,12.7,42.8,151
2021-09-26 17:00:00,16.7,0.1,15.6,42.1,161
2021-09-26 18:00:00,16.4,0.0,16.0,42.8,157
2021-09-26 19:00:00,16.5,0.0,15.1,42.8,152
2021-09-26 20:00:00,15.9,0.0,14.3,40.3,146
2021-09-26 21:00:00,16.6,0.0,14.1,38.9,148
2021-09-26 22:00:00,16.1,0.0,11.8,37.8,149
2021-09-26 23:00:00,16.1,0.0,11.0,32.4,148
2021-09-27 00:00:00,14.9,0.5,11.8,45.4,140
2021-09-27 01:00:00,15.5,0.2,14.8,32.4,129
2021-09-27 02:00:00,15.8,0.0,16.0,41.8,134
2021-09-27 03:00:00,15.8,0.1,16.3,42.8,133
2021-09-27 04:00:00,15.4,0.3,16.5,42.8,126
2021-09-27 05:00:00,15.8,0.0,16.2,42.8,127
2021-09-27 06:00:00,15.7,0.1,15.5,42.5,134
2021-09-27 07:00:00,14.9,0.3,14.8,47.5,124
2021-09-27 08:00:00,15.4,0.0,15.9,41.8,115
2021-09-27 09:00:00,17.0,0.0,17.1,45.4,125
2021-09-27 10:00:00,18.4,0.0,15.6,45.7,130
2021-09-27 11:00:00,19.5,0.0,16.1,44.6,129
2021-09-27 12:00:00,19.8,0.0,14.8,44.3,131
2021-09-27 13:00:00,21.0,0.0,15.8,45.0,131
2021-09-27 14:00:00,19.8,0.0,16.1,43.2,130
2021-09-27 15:00:00,19.1,0.1,15.9,43.6,123
2021-09-27 16:00:00,18.2,0.0,16.3,42.8,118
2021-09-27 17:00:00,18.0,0.0,17.4,47.5,112
2021-09-27 18:00:00,17.5,0.0,16.1,46.4,114
2021-09-27 19:00:00,17.2,0.0,16.1,44.3,132
2021-09-27 20:00:00,17.3,0.1,19.9,53.6,134
2021-09-27 21:00:00,16.8,0.8,21.4,56.5,135
2021-09-27 22:00:00,13.9,3.7,27.9,77.4,187
2021-09-27 23:00:00,12.2,4.8,17.4,83.9,204
2021-09-28 00:00:00,11.4,2.3,18.5,62.3,193
2021-09-28 01:00:00,10.9,0.6,15.8,46.1,181
2021-09-28 02:00:00,10.9,0.5,13.7,41.8,180
2021-09-28 03:00:00,11.2,0.1,13.7,34.6,153
2021-09-28 04:00:00,10.5,0.0,13.6,33.5,148
2021-09-28 05:00:00,10.3,0.0,14.3,35.3,146
2021-09-28 06:00:00,10.1,0.0,14.1,35.6,142
2021-09-28 07:00:00,10.0,0.0,14.5,36.0,138
2021-09-28 08:00:00,10.9,0.0,14.5,36.4,138
2021-09-28 09:00:00,12.3,0.0,13.6,37.4,143
2021-09-28 10:00:00,13.5,0.0,16.3,41.4,149
2021-09-28 11:00:00,14.3,0.0,20.1,50.4,159
2021-09-28 12:00:00,14.8,0.0,20.7,53.6,163
2021-09-28 13:00:00,15.2,0.2,20.9,53.3,165
2021-09-28 14:00:00,14.8,0.1,19.8,53.6,164
2021-09-28 15:00:00,14.7,0.1,17.2,54.7,154
2021-09-28 16:00:00,14.6,0.0,16.9,45.4,153
2021-09-28 17:00:00,14.1,0.0,15.5,44.3,155
2021-09-28 18:00:00,13.2,0.0,13.2,41.0,154
2021-09-28 19:00:00,12.5,0.0,12.0,35.6,147
2021-09-28 20:00:00,12.2,0.0,11.2,32.8,140
2021-09-28 21:00:00,11.9,0.0,10.7,31.0,132
2021-09-28 22:00:00,11.1,0.0,10.5,29.5,121
2021-09-28 23:00:00,10.9,0.0,10.9,29.2,117
2021-09-29 00:00:00,11.0,0.0,10.9,29.5,117
2021-09-29 01:00:00,11.5,0.0,11.8,29.5,113
2021-09-29 02:00:00,11.9,0.0,12.2,32.4,114
2021-09-29 03:00:00,11.4,0.7,11.2,33.1,96
2021-09-29 04:00:00,11.1,0.0,12.6,32.0,92
2021-09-29 05:00:00,11.2,0.0,13.5,34.9,99
2021-09-29 06:00:00,11.8,0.0,13.5,35.6,106
2021-09-29 07:00:00,12.5,0.0,13.0,36.4,104
2021-09-29 08:00:00,12.8,0.0,11.0,34.9,101
2021-09-29 09:00:00,14.0,0.0,10.8,30.6,105
2021-09-29 10:00:00,15.2,0.0,10.5,31.0,121
2021-09-29 11:00:00,15.4,0.0,10.4,30.2,124
2021-09-29 12:00:00,15.4,0.0,9.8,29.5,114
2021-09-29 13:00:00,17.4,0.0,13.2,31.3,119
2021-09-29 14:00:00,17.4,0.0,11.8,34.9,128
2021-09-29 15:00:00,17.4,0.0,8.7,31.3,120
2021-09-29 16:00:00,16.9,0.0,4.7,23.8,122
2021-09-29 17:00:00,15.9,0.0,3.1,13.0,144
2021-09-29 18:00:00,14.0,0.0,3.1,9.4,144
2021-09-29 19:00:00,13.3,0.0,2.3,9.4,129
2021-09-29 20:00:00,13.0,0.0,1.1,7.9,90
2021-09-29 21:00:00,12.2,0.0,5.1,10.8,82
2021-09-29 22:00:00,11.7,0.0,8.4,18.4,80
2021-09-29 23:00:00,12.0,0.1,9.5,23.0,79
2021-09-30 00:00:00,11.6,0.0,10.1,23.8,73
2021-09-30 01:00:00,11.3,0.2,10.4,24.1,70
2021-09-30 02:00:00,11.1,0.1,8.6,23.0,68
2021-09-30 03:00:00,10.8,0.0,9.2,20.2,69
2021-09-30 04:00:00,10.7,0.0,6.8,19.8,65
2021-09-30 05:00:00,10.0,0.0,5.6,14.8,63
2021-09-30 06:00:00,9.1,0.0,5.4,12.6,82
2021-09-30 07:00:00,8.6,0.0,4.8,12.6,103
2021-09-30 08:00:00,10.6,0.1,8.7,19.4,138
2021-09-30 09:00:00,11.8,0.4,9.9,24.1,136
2021-09-30 10:00:00,12.7,0.2,7.9,23.8,133
2021-09-30 11:00:00,14.7,0.0,6.0,21.6,147
2021-09-30 12:00:00,15.4,0.0,6.0,31.3,147
2021-09-30 13:00:00,15.0,0.0,5.4,32.8,160
2021-09-30 14:00:00,15.0,0.0,7.6,32.0,155
2021-09-30 15:00:00,15.2,0.0,9.3,25.6,164
2021-09-30 16:00:00,15.1,0.0,9.4,26.3,162
2021-09-30 17:00:00,14.1,0.0,8.6,25.9,178
2021-09-30 18:00:00,13.4,0.0,9.7,25.6,176
2021-09-30 19:00:00,12.6,0.0,9.8,26.6,174
2021-09-30 20:00:00,11.8,0.2,11.6,36.7,164
2021-09-30 21:00:00,11.7,0.1,11.5,37.4,139
2021-09-30 22:00:00,10.9,0.0,10.1,31.0,145
2021-09-30 23:00:00,10.8,0.0,6.9,27.0,137
2021-10-01 00:00:00,10.1,0.0,6.5,20.5,109
2021-10-01 01:00:00,10.0,0.0,9.8,24.5,84
2021-10-01 02:00:00,10.9,0.0,7.9,24.5,114
2021-10-01 03:00:00,10.9,2.3,9.2,24.5,121
2021-10-01 04:00:00,9.8,1.1,10.9,27.4,82
2021-10-01 05:00:00,9.5,1.7,12.6,35.3,103
2021-10-01 06:00:00,9.3,1.4,13.5,36.7,132
2021-10-01 07:00:00,9.8,0.6,16.1,41.0,129
2021-10-01 08:00:00,10.1,0.0,15.6,41.0,130
2021-10-01 09:00:00,11.0,0.0,16.3,41.4,137
2021-10-01 10:00:00,13.0,0.0,16.2,44.3,143
2021-10-01 11:00:00,14.1,0.0,15.7,41.8,148
2021-10-01 12:00:00,15.1,0.0,16.4,44.6,142
2021-10-01 13:00:00,14.0,0.3,14.5,43.9,134
2021-10-01 14:00:00,13.5,0.8,15.8,51.1,137
2021-10-01 15:00:00,12.0,1.2,14.5,54.0,109
2021-10-01 16:00:00,11.9,1.2,17.6,45.0,136
2021-10-01 17:00:00,11.6,3.0,20.0,54.0,162
2021-10-01 18:00:00,12.2,1.0,24.1,60.8,180
2021-10-01 19:00:00,11.3,0.7,23.4,61.9,177
2021-10-01 20:00:00,10.9,1.2,21.3,61.6,183
2021-10-01 21:00:00,11.1,0.8,23.9,61.2,173
2021-10-01 22:00:00,10.5,0.8,20.3,60.8,168
2021-10-01 23:00:00,10.1,0.3,20.3,57.2,160
2021-10-02 00:00:00,9.8,0.0,20.3,56.2,157
2021-10-02 01:00:00,9.8,0.0,19.7,52.6,149
2021-10-02 02:00:00,9.6,0.0,19.3,49.7,151
2021-10-02 03:00:00,9.3,0.1,19.2,50.0,157
2021-10-02 04:00:00,9.2,0.1,17.1,49.3,145
2021-10-02 05:00:00,9.1,0.0,15.4,44.3,147
2021-10-02 06:00:00,9.3,0.0,16.9,44.3,146
2021-10-02 07:00:00,9.2,0.1,16.7,44.3,155
2021-10-02 08:00:00,10.0,0.1,16.9,44.6,146
2021-10-02 09:00:00,10.8,0.0,16.0,46.4,157
2021-10-02 10:00:00,11.6,0.3,15.3,42.5,153
2021-10-02 11:00:00,11.3,0.9,21.6,58.7,165
2021-10-02 12:00:00,12.1,0.1,19.5,58.3,164
2021-10-02 13:00:00,10.9,0.0,19.4,58.0,165
2021-10-02 14:00:00,11.7,0.0,15.6,47.5,151
2021-10-02 15:00:00,11.7,0.2,14.0,46.4,145
2021-10-02 16:00:00,11.6,0.2,14.2,43.9,159
2021-10-02 17:00:00,10.9,0.1,14.8,44.3,151
2021-10-02 18:00:00,10.8,0.0,13.8,38.2,141
2021-10-02 19:00:00,9.9,0.0,11.5,36.7,139
2021-10-02 20:00:00,9.4,0.0,10.6,31.0,108
2021-10-02 21:00:00,8.9,0.0,11.1,28.8,103
2021-10-02 22:00:00,9.4,0.0,11.3,29.5,97
2021-10-02 23:00:00,9.6,0.0,11.5,30.6,86
2021-10-03 00:00:00,10.3,0.0,13.7,36.7,92
2021-10-03 01:00:00,11.8,0.0,15.6,38.5,83
2021-10-03 02:00:00,12.1,0.0,13.0,40.3,90
2021-10-03 03:00:00,12.4,0.3,15.1,39.6,89
2021-10-03 04:00:00,12.2,0.1,14.4,42.1,87
2021-10-03 05:00:00,12.6,0.3,13.0,39.2,96
2021-10-03 06:00:00,9.9,1.5,14.1,43.6,86
2021-10-03 07:00:00,11.5,1.8,19.2,78.8,103
2021-10-03 08:00:00,10.9,1.2,21.5,61.9,140
2021-10-03 09:00:00,11.8,3.2,21.7,87.1,151
2021-10-03 10:00:00,11.8,4.9,29.2,83.2,183
2021-10-03 11:00:00,11.4,0.6,23.8,81.4,178
2021-10-03 12:00:00,11.2,1.1,24.0,71.3,171
2021-10-03 13:00:00,12.2,0.1,22.0,72.0,159
2021-10-03 14:00:00,11.8,0.1,21.4,60.5,153
2021-10-03 15:00:00,12.2,0.1,20.1,58.0,153
2021-10-03 16:00:00,12.2,0.1,22.6,58.3,155
2021-10-03 17:00:00,11.7,0.0,21.7,57.6,153
2021-10-03 18:00:00,11.2,0.0,22.1,57.2,152
2021-10-03 19:00:00,11.6,0.0,22.6,59.0,149
2021-10-03 20:00:00,11.5,0.1,26.0,68.0,158
2021-10-03 21:00:00,11.3,0.1,25.3,69.1,157
2021-10-03 22:00:00,11.2,0.1,27.6,72.4,160
2021-10-03 23:00:00,10.4,0.8,29.9,92.5,165
2021-10-04 00:00:00,10.6,0.2,30.8,87.8,166
2021-10-04 01:00:00,10.5,1.3,24.7,84.2,161
2021-10-04 02:00:00,11.2,0.0,26.8,68.4,158
2021-10-04 03:00:00,10.6,0.9,26.8,68.0,175
2021-10-04 04:00:00,9.9,0.7,23.3,66.6,167
2021-10-04 05:00:00,10.0,0.8,21.3,59.8,164
2021-10-04 06:00:00,10.0,2.0,20.7,58.0,167
2021-10-04 07:00:00,10.0,1.3,20.9,63.4,165
2021-10-04 08:00:00,10.2,0.2,22.7,61.6,162
2021-10-04 09:00:00,10.6,0.1,23.2,62.3,167
2021-10-04 10:00:00,10.8,0.7,23.9,63.7,164
2021-10-04 11:00:00,11.5,0.3,24.9,66.6,166
2021-10-04 12:00:00,11.5,0.6,25.7,67.3,169
2021-10-04 13:00:00,11.7,1.0,24.9,65.9,160
2021-10-04 14:00:00,11.9,1.0,16.5,61.2,164
2021-10-04 15:00:00,11.2,1.9,22.8,55.1,168
2021-10-04 16:00:00,10.7,2.3,19.9,54.4,160
2021-10-04 17:00:00,10.5,0.8,19.2,48.6,163
2021-10-04 18:00:00,10.1,0.2,16.1,47.2,153
2021-10-04 19:00:00,10.2,0.3,16.7,45.4,155
2021-10-04 20:00:00,9.9,0.1,14.2,44.3,150
2021-10-04 21:00:00,9.7,1.4,14.8,45.7,157
2021-10-04 22:00:00,9.8,0.8,14.1,44.6,161
2021-10-04 23:00:00,9.3,1.8,11.9,45.0,155
2021-10-05 00:00:00,9.6,1.1,15.1,39.6,162
2021-10-05 01:00:00,9.9,0.4,14.4,42.5,158
2021-10-05 02:00:00,9.8,0.1,13.2,36.4,151
2021-10-05 03:00:00,9.7,0.1,14.2,35.6,156
2021-10-05 04:00:00,9.8,0.2,14.2,37.8,164
2021-10-05 05:00:00,9.7,0.7,15.5,38.5,162
2021-10-05 06:00:00,10.1,0.4,15.7,40.3,164
2021-10-05 07:00:00,10.0,0.1,15.3,39.2,161
2021-10-05 08:00:00,10.3,0.1,13.6,38.2,158
2021-10-05 09:00:00,10.9,0.1,12.2,34.9,152
2021-10-05 10:00:00,11.4,0.1,11.6,32.0,154
2021-10-05 11:00:00,11.3,0.3,10.5,29.9,131
2021-10-05 12:00:00,12.0,0.1,8.0,26.6,117
2021-10-05 13:00:00,12.0,0.2,5.2,21.2,78
2021-10-05 14:00:00,11.6,1.0,5.9,23.4,76
2021-10-05 15:00:00,11.3,2.1,6.6,21.6,68
2021-10-05 16:00:00,11.1,1.4,6.5,27.4,93
2021-10-05 17:00:00,11.0,0.8,5.3,28.1,118
2021-10-05 18:00:00,10.5,0.2,4.7,16.6,86
2021-10-05 19:00:00,10.4,0.0,7.6,16.6,71
2021-10-05 20:00:00,9.8,0.0,8.1,18.4,77
2021-10-05 21:00:00,9.0,0.0,8.0,18.7,82
2021-10-05 22:00:00,8.3,0.0,5.9,18.4,79
2021-10-05 23:00:00,7.6,0.0,4.9,13.7,73
2021-10-06 00:00:00,7.4,0.0,4.5,11.5,61
2021-10-06 01:00:00,7.4,0.0,5.3,10.1,62
2021-10-06 02:00:00,7.4,0.0,5.2,11.5,74
2021-10-06 03:00:00,7.5,0.0,5.9,12.6,76
2021-10-06 04:00:00,7.6,0.0,5.5,13.3,79
2021-10-06 05:00:00,7.3,0.0,3.0,11.9,76
2021-10-06 06:00:00,7.0,0.0,2.9,7.6,83
2021-10-06 07:00:00,6.4,0.0,2.9,7.9,83
2021-10-06 08:00:00,7.9,0.0,3.2,7.9,90
2021-10-06 09:00:00,9.0,0.0,2.2,8.3,81
2021-10-06 10:00:00,11.3,0.0,0.8,8.3,153
2021-10-06 11:00:00,12.5,0.0,0.4,8.6,180
2021-10-06 12:00:00,13.2,0.0,1.5,9.7,256
2021-10-06 13:00:00,14.0,0.0,6.2,11.9,280
2021-10-06 14:00:00,13.9,0.0,6.2,20.2,277
2021-10-06 15:00:00,13.1,0.2,3.9,17.6,236
2021-10-06 16:00:00,12.3,0.3,4.3,10.8,175
2021-10-06 17:00:00,11.8,0.3,7.2,16.6,183
2021-10-06 18:00:00,10.9,0.9,9.8,31.7,186
2021-10-06 19:00:00,10.3,0.9,8.0,33.8,243
2021-10-06 20:00:00,10.3,1.1,9.7,23.4,301
2021-10-06 21:00:00,10.1,0.2,8.3,23.4,326
2021-10-06 22:00:00,8.2,0.0,5.4,19.4,352
2021-10-06 23:00:00,10.0,0.0,2.2,10.8,90
2021-10-07 00:00:00,6.7,0.0,3.6,6.8,143
2021-10-07 01:00:00,8.9,0.0,4.5,9.7,151
2021-10-07 02:00:00,8.8,0.0,4.7,10.8,157
2021-10-07 03:00:00,8.2,0.0,5.2,13.0,146
2021-10-07 04:00:00,8.7,0.0,6.4,13.7,137
2021-10-07 05:00:00,8.6,0.0,7.4,16.6,133
2021-10-07 06:00:00,8.6,0.0,8.9,19.8,137
2021-10-07 07:00:00,8.8,0.0,9.9,23.8,147
2021-10-07 08:00:00,9.6,0.0,9.9,25.6,136
2021-10-07 09:00:00,10.3,0.0,11.6,28.1,144
2021-10-07 10:00:00,11.1,0.0,13.2,32.4,145
2021-10-07 11:00:00,11.3,0.1,13.5,34.2,146
2021-10-07 12:00:00,11.8,0.1,15.8,40.7,150
2021-10-07 13:00:00,11.5,0.2,17.6,43.2,154
2021-10-07 14:00:00,12.0,0.2,19.4,49.0,162
2021-10-07 15:00:00,12.0,0.4,21.1,52.2,160
2021-10-07 16:00:00,12.1,0.4,22.0,54.4,159
2021-10-07 17:00:00,12.1,0.3,21.1,54.7,160
2021-10-07 18:00:00,12.1,0.2,22.9,56.9,161
2021-10-07 19:00:00,12.1,0.2,23.5,59.4,162
2021-10-07 20:00:00,12.0,0.3,22.9,59.4,164
2021-10-07 21:00:00,11.9,1.0,22.2,57.6,163
2021-10-07 22:00:00,11.7,0.7,22.0,56.9,162
2021-10-07 23:00:00,12.0,0.9,22.3,59.0,159
2021-10-08 00:00:00,12.2,1.6,21.7,58.0,159
2021-10-08 01:00:00,12.2,4.3,23.4,56.9,157
2021-10-08 02:00:00,12.2,3.5,22.1,62.6,173
2021-10-08 03:00:00,12.4,4.5,22.0,64.4,169
2021-10-08 04:00:00,12.7,3.2,21.2,56.9,165
2021-10-08 05:00:00,12.8,2.6,19.9,55.1,167
2021-10-08 06:00:00,12.9,3.5,18.1,50.8,163
2021-10-08 07:00:00,12.9,2.9,15.9,45.7,162
2021-10-08 08:00:00,13.1,1.8,15.5,40.3,162
2021-10-08 09:00:00,13.4,1.3,14.9,39.2,160
2021-10-08 10:00:00,13.6,0.6,15.3,37.8,161
2021-10-08 11:00:00,14.4,0.2,16.1,39.2,160
2021-10-08 12:00:00,14.8,0.1,15.7,39.6,164
2021-10-08 13:00:00,14.3,0.2,14.9,38.9,165
2021-10-08 14:00:00,14.4,0.4,14.5,37.1,166
2021-10-08 15:00:00,14.5,0.5,14.2,36.4,164
2021-10-08 16:00:00,14.5,0.3,13.6,35.6,163
2021-10-08 17:00:00,14.4,0.4,13.0,33.8,166
2021-10-08 18:00:00,14.3,0.6,14.2,35.6,164
2021-10-08 19:00:00,14.2,0.8,15.1,38.5,162
2021-10-08 20:00:00,14.1,1.1,16.0,40.7,166
2021-10-08 21:00:00,14.0,0.9,16.7,42.5,166
2021-10-08 22:00:00,14.0,0.9,16.8,43.2,171
2021-10-08 23:00:00,13.9,0.7,17.1,44.3,172
2021-10-09 00:00:00,14.0,0.5,17.9,46.8,170
2021-10-09 01:00:00,14.0,0.4,18.3,47.9,170
2021-10-09 02:00:00,14.1,0.8,19.5,49.0,168
2021-10-09 03:00:00,13.8,0.4,19.7,51.5,171
2021-10-09 04:00:00,13.6,0.3,19.7,50.0,165
2021-10-09 05:00:00,13.4,0.2,20.0,51.1,162
2021-10-09 06:00:00,13.2,0.2,19.7,51.1,165
2021-10-09 07:00:00,12.9,0.2,18.8,50.8,168
2021-10-09 08:00:00,12.9,0.3,19.8,49.0,164
2021-10-09 09:00:00,12.8,0.2,19.3,49.3,166
2021-10-09 10:00:00,12.8,0.1,19.1,48.2,168
2021-10-09 11:00:00,12.9,0.1,19.6,49.3,167
2021-10-09 12:00:00,13.2,0.0,19.5,50.0,164
2021-10-09 13:00:00,13.6,0.0,21.1,51.1,166
2021-10-09 14:00:00,13.9,0.5,20.5,52.6,177
2021-10-09 15:00:00,13.4,0.1,19.9,51.8,176
2021-10-09 16:00:00,13.1,0.2,21.0,53.3,173
2021-10-09 17:00:00,12.9,0.1,21.0,54.0,174
2021-10-09 18:00:00,12.8,0.2,20.4,53.3,172
2021-10-09 19:00:00,12.4,0.3,20.7,51.1,167
2021-10-09 20:00:00,12.3,0.2,20.6,51.8,164
2021-10-09 21:00:00,12.3,0.2,21.0,52.9,167
2021-10-09 22:00:00,11.9,0.5,20.9,53.3,165
2021-10-09 23:00:00,11.2,0.9,20.1,52.2,159
2021-10-10 00:00:00,11.0,0.9,19.7,51.5,159
2021-10-10 01:00:00,11.7,0.9,19.1,50.4,160
2021-10-10 02:00:00,11.9,2.1,20.4,52.2,166
2021-10-10 03:00:00,12.0,3.0,18.2,52.6,171
2021-10-10 04:00:00,12.2,3.2,20.2,50.8,180
2021-10-10 05:00:00,12.2,3.1,18.4,50.8,186
2021-10-10 06:00:00,12.1,3.6,12.7,47.5,223
2021-10-10 07:00:00,11.6,2.0,16.0,39.2,301
2021-10-10 08:00:00,11.0,1.3,11.1,38.5,295
2021-10-10 09:00:00,10.8,0.9,4.9,26.6,287
2021-10-10 10:00:00,11.6,0.1,7.5,24.5,253
2021-10-10 11:00:00,11.5,0.1,7.7,24.8,229
2021-10-10 12:00:00,12.1,0.1,8.4,25.9,223
2021-10-10 13:00:00,12.3,0.0,11.3,33.5,239
2021-10-10 14:00:00,12.4,0.1,14.5,35.3,235
2021-10-10 15:00:00,11.6,0.3,15.6,38.9,230
2021-10-10 16:00:00,10.5,1.2,18.4,42.5,228
2021-10-10 17:00:00,9.7,1.2,15.1,47.2,218
2021-10-10 18:00:00,9.2,1.1,13.6,40.0,212
2021-10-10 19:00:00,9.2,0.5,10.8,36.7,195
2021-10-10 20:00:00,8.8,1.6,12.5,29.2,229
2021-10-10 21:00:00,8.5,0.7,8.7,32.0,185
2021-10-10 22:00:00,8.5,1.0,9.8,25.2,174
2021-10-10 23:00:00,8.7,1.4,8.7,25.2,218
2021-10-11 00:00:00,8.8,2.0,12.9,35.6,283
2021-10-11 01:00:00,9.1,1.4,10.5,42.8,311
2021-10-11 02:00:00,9.3,0.7,11.8,34.9,320
2021-10-11 03:00:00,8.9,1.3,12.3,35.6,320
2021-10-11 04:00:00,8.6,0.9,11.2,35.3,318
2021-10-11 05:00:00,8.0,1.3,15.9,37.4,332
2021-10-11 06:00:00,7.4,0.9,15.9,42.1,335
2021-10-11 07:00:00,7.1,0.8,18.5,47.5,339
2021-10-11 08:00:00,6.9,0.7,21.3,51.1,336
2021-10-11 09:00:00,6.6,0.8,21.7,51.8,336
2021-10-11 10:00:00,7.1,0.3,18.0,51.5,334
2021-10-11 11:00:00,7.2,0.3,17.1,46.8,332
2021-10-11 12:00:00,7.7,0.1,15.6,49.7,326
2021-10-11 13:00:00,8.0,1.5,13.9,50.0,323
2021-10-11 14:00:00,7.0,2.6,10.2,47.2,321
2021-10-11 15:00:00,6.6,1.3,10.7,38.9,312
2021-10-11 16:00:00,6.4,0.6,9.7,36.0,312
2021-10-11 17:00:00,6.2,0.8,8.2,34.2,299
2021-10-11 18:00:00,6.2,0.2,8.4,29.5,290
2021-10-11 19:00:00,6.5,1.2,11.1,33.5,331
2021-10-11 20:00:00,5.2,0.3,4.0,25.6,63
2021-10-11 21:00:00,6.0,0.6,3.4,11.2,302
2021-10-11 22:00:00,5.7,0.2,2.5,10.8,225
2021-10-11 23:00:00,5.8,0.5,3.6,9.4,186
2021-10-12 00:00:00,5.5,0.5,3.9,9.0,146
2021-10-12 01:00:00,5.8,0.1,5.1,14.0,135
2021-10-12 02:00:00,4.3,0.0,4.3,8.3,138
2021-10-12 03:00:00,3.4,0.0,4.8,9.7,138
2021-10-12 04:00:00,2.9,0.0,2.6,10.4,106
2021-10-12 05:00:00,2.6,0.0,6.6,15.5,49
2021-10-12 06:00:00,3.0,0.0,6.9,17.3,28
2021-10-12 07:00:00,2.4,0.0,6.6,18.4,13
2021-10-12 08:00:00,4.9,0.0,6.0,19.1,17
2021-10-12 09:00:00,6.0,0.0,6.8,19.4,18
2021-10-12 10:00:00,7.0,0.0,7.2,22.0,354
2021-10-12 11:00:00,7.8,0.0,10.2,27.4,352
2021-10-12 12:00:00,8.8,0.0,13.0,34.9,360
2021-10-12 13:00:00,9.0,0.0,11.4,34.2,349
2021-10-12 14:00:00,9.8,0.0,14.5,35.3,337
2021-10-12 15:00:00,9.6,0.0,16.5,40.3,340
2021-10-12 16:00:00,8.9,0.0,15.8,43.2,339
2021-10-12 17:00:00,7.9,0.0,15.7,38.2,340
2021-10-12 18:00:00,6.7,0.0,13.8,38.5,345
2021-10-12 19:00:00,6.2,0.0,13.5,32.8,351
2021-10-12 20:00:00,5.4,0.0,12.0,32.4,353
2021-10-12 21:00:00,5.0,0.0,10.5,28.4,4
2021-10-12 22:00:00,4.7,0.0,8.8,25.2,12
2021-10-12 23:00:00,4.4,0.0,7.8,22.3,22
2021-10-13 00:00:00,4.3,0.0,5.7,19.4,35
2021-10-13 01:00:00,2.9,0.0,8.2,15.5,49
2021-10-13 02:00:00,4.1,0.0,3.8,16.2,73
2021-10-13 03:00:00,3.2,0.0,2.9,9.7,150
2021-10-13 04:00:00,4.6,0.0,4.8,10.4,207
2021-10-13 05:00:00,4.7,0.0,4.1,10.1,165
2021-10-13 06:00:00,4.7,0.0,6.4,13.0,153
2021-10-13 07:00:00,4.9,0.0,6.4,13.3,153
2021-10-13 08:00:00,5.3,0.2,9.2,19.8,154
2021-10-13 09:00:00,5.6,0.4,11.4,24.8,145
2021-10-13 10:00:00,5.9,0.5,12.8,30.2,140
2021-10-13 11:00:00,5.8,0.7,13.0,31.3,136
2021-10-13 12:00:00,5.8,0.5,14.3,33.8,139
2021-10-13 13:00:00,5.6,0.2,16.5,40.3,148
2021-10-13 14:00:00,6.4,0.2,18.9,45.4,162
2021-10-13 15:00:00,6.3,0.1,24.2,54.7,169
2021-10-13 16:00:00,7.0,0.1,22.5,57.6,173
2021-10-13 17:00:00,6.8,1.2,22.0,52.2,165
2021-10-13 18:00:00,7.5,2.4,17.2,47.9,147
2021-10-13 19:00:00,8.2,2.0,4.5,33.5,194
2021-10-13 20:00:00,10.7,0.8,14.4,34.6,271
2021-10-13 21:00:00,10.6,0.1,15.1,34.9,269
2021-10-13 22:00:00,10.1,0.2,12.1,33.8,260
2021-10-13 23:00:00,10.3,0.4,13.2,31.0,259
2021-10-14 00:00:00,10.7,0.2,16.2,38.5,267
2021-10-14 01:00:00,10.4,0.3,15.5,38.9,252
2021-10-14 02:00:00,10.6,0.7,15.3,36.0,255
2021-10-14 03:00:00,10.4,0.4,12.4,36.7,240
2021-10-14 04:00:00,10.4,0.7,15.0,35.6,240
2021-10-14 05:00:00,10.4,1.4,19.7,43.2,246
2021-10-14 06:00:00,10.7,2.5,20.5,47.2,239
2021-10-14 07:00:00,10.9,1.0,19.3,48.6,225
2021-10-14 08:00:00,10.4,0.6,18.7,46.8,214
2021-10-14 09:00:00,10.6,2.2,22.5,54.0,215
2021-10-14 10:00:00,10.8,2.2,23.4,59.0,223
2021-10-14 11:00:00,10.9,1.3,24.7,58.3,222
2021-10-14 12:00:00,10.8,1.9,22.1,59.4,208
2021-10-14 13:00:00,11.1,3.3,22.7,57.6,207
2021-10-14 14:00:00,11.2,2.2,24.8,59.4,208
2021-10-14 15:00:00,11.1,1.6,25.1,64.8,204
2021-10-14 16:00:00,11.2,0.7,28.6,71.6,214
2021-10-14 17:00:00,11.3,1.5,26.0,69.1,228
2021-10-14 18:00:00,10.0,3.6,26.3,66.2,272
2021-10-14 19:00:00,8.5,0.5,22.0,58.7,267
2021-10-14 20:00:00,8.5,0.1,16.5,49.7,281
2021-10-14 21:00:00,7.8,1.2,17.4,41.8,294
2021-10-14 22:00:00,7.7,0.1,17.1,41.8,309
2021-10-14 23:00:00,7.5,0.5,16.8,45.0,313
2021-10-15 00:00:00,7.4,0.1,20.8,50.0,323
2021-10-15 01:00:00,8.7,0.3,22.3,53.6,329
2021-10-15 02:00:00,8.5,0.0,22.4,54.0,332
2021-10-15 03:00:00,8.4,0.0,22.2,54.0,333
2021-10-15 04:00:00,8.2,0.0,22.4,54.0,334
2021-10-15 05:00:00,7.8,0.0,24.2,57.2,335
2021-10-15 06:00:00,7.0,0.0,24.7,58.7,337
2021-10-15 07:00:00,7.0,0.0,22.4,59.4,341
2021-10-15 08:00:00,7.1,0.0,19.4,54.4,342
2021-10-15 09:00:00,7.5,0.0,19.3,47.2,339
2021-10-15 10:00:00,7.8,0.0,20.6,49.3,335
2021-10-15 11:00:00,7.7,0.0,20.4,51.5,334
2021-10-15 12:00:00,7.5,0.1,19.0,50.0,333
2021-10-15 13:00:00,7.0,0.2,18.1,50.4,313
2021-10-15 14:00:00,8.1,0.0,19.3,46.1,307
2021-10-15 15:00:00,7.9,0.2,17.6,47.2,301
2021-10-15 16:00:00,7.6,0.0,14.2,42.8,297
2021-10-15 17:00:00,7.7,0.1,11.1,34.6,283
2021-10-15 18:00:00,6.8,0.9,8.9,28.4,230
2021-10-15 19:00:00,6.2,1.5,9.4,25.6,227
2021-10-15 20:00:00,7.0,1.9,14.6,37.1,279
2021-10-15 21:00:00,6.6,1.8,14.3,40.3,309
2021-10-15 22:00:00,6.6,1.4,9.9,32.8,303
2021-10-15 23:00:00,6.4,1.1,7.1,24.8,300
2021-10-16 00:00:00,6.5,1.3,5.2,19.8,286
2021-10-16 01:00:00,6.9,1.3,5.2,17.3,258
2021-10-16 02:00:00,7.2,1.3,9.8,23.0,287
2021-10-16 03:00:00,7.1,1.5,10.2,27.0,315
2021-10-16 04:00:00,6.9,0.8,7.7,25.2,323
2021-10-16 05:00:00,6.7,0.9,7.0,19.8,305
2021-10-16 06:00:00,6.6,1.2,7.2,19.4,307
2021-10-16 07:00:00,6.6,1.1,7.2,19.1,323
2021-10-16 08:00:00,6.6,0.9,4.9,19.1,324
2021-10-16 09:00:00,6.9,0.2,4.8,15.8,318
2021-10-16 10:00:00,7.1,0.3,7.6,22.0,315
2021-10-16 11:00:00,7.6,0.1,7.4,22.7,299
2021-10-16 12:00:00,8.4,0.0,8.9,25.6,317
2021-10-16 13:00:00,8.5,0.1,6.9,28.8,279
2021-10-16 14:00:00,8.8,0.0,10.8,24.1,307
2021-10-16 15:00:00,8.5,0.0,11.2,26.3,315
2021-10-16 16:00:00,7.7,0.1,10.8,26.3,323
2021-10-16 17:00:00,6.8,0.5,10.8,25.6,334
2021-10-16 18:00:00,6.2,0.7,10.5,23.8,338
2021-10-16 19:00:00,5.7,0.6,6.5,23.4,357
2021-10-16 20:00:00,5.6,0.1,3.5,15.8,24
2021-10-16 21:00:00,5.3,0.4,2.9,11.9,353
2021-10-16 22:00:00,5.5,0.1,2.8,9.4,320
2021-10-16 23:00:00,3.9,0.3,5.5,11.9,337
2021-10-17 00:00:00,3.5,0.1,5.8,12.2,338
2021-10-17 01:00:00,2.9,0.0,7.4,12.6,337
2021-10-17 02:00:00,2.9,0.0,6.6,15.8,331
2021-10-17 03:00:00,2.4,0.0,6.6,14.4,338
2021-10-17 04:00:00,2.2,0.0,6.1,14.0,3
2021-10-17 05:00:00,1.5,0.0,7.0,13.3,35
2021-10-17 06:00:00,1.2,0.0,6.4,13.3,52
2021-10-17 07:00:00,0.6,0.0,6.6,13.7,49
2021-10-17 08:00:00,1.0,0.0,6.4,13.0,38
2021-10-17 09:00:00,4.1,0.0,5.0,12.6,30
2021-10-17 10:00:00,5.1,0.0,5.0,14.4,30
2021-10-17 11:00:00,5.9,0.0,4.8,15.5,27
2021-10-17 12:00:00,6.7,0.0,5.4,16.6,360
2021-10-17 13:00:00,7.2,0.0,5.8,19.1,353
2021-10-17 14:00:00,7.8,0.0,6.5,18.7,354
2021-10-17 15:00:00,7.7,0.0,6.8,18.7,360
2021-10-17 16:00:00,7.1,0.0,7.2,18.4,357
2021-10-17 17:00:00,5.6,0.0,8.6,18.7,360
2021-10-17 18:00:00,4.9,0.0,9.7,20.9,360
2021-10-17 19:00:00,4.4,0.0,8.4,20.5,7
2021-10-17 20:00:00,3.6,0.0,7.4,18.4,23
2021-10-17 21:00:00,3.2,0.0,5.5,16.2,32
2021-10-17 22:00:00,3.0,0.0,6.3,13.7,24
2021-10-17 23:00:00,2.5,0.0,6.6,14.8,29
2021-10-18 00:00:00,1.8,0.0,5.6,14.4,45
2021-10-18 01:00:00,0.5,0.0,5.8,13.3,60
2021-10-18 02:00:00,0.7,0.0,5.8,13.0,68
2021-10-18 03:00:00,0.2,0.0,5.6,11.2,75
2021-10-18 04:00:00,-0.5,0.0,5.9,11.5,79
2021-10-18 05:00:00,-0.2,0.0,4.0,11.5,85
2021-10-18 06:00:00,0.1,0.0,2.5,8.6,82
2021-10-18 07:00:00,0.4,0.0,4.7,9.7,86
2021-10-18 08:00:00,0.6,0.0,5.4,11.5,90
2021-10-18 09:00:00,2.3,0.0,5.4,12.2,90
2021-10-18 10:00:00,5.0,0.0,5.8,14.0,97
2021-10-18 11:00:00,6.8,0.0,7.3,17.6,123
2021-10-18 12:00:00,8.5,0.0,7.7,21.2,127
2021-10-18 13:00:00,8.9,0.0,7.1,20.2,105
2021-10-18 14:00:00,9.2,0.0,7.3,19.1,99
2021-10-18 15:00:00,9.1,0.0,8.6,19.4,90
2021-10-18 16:00:00,8.1,0.0,9.5,21.6,81
2021-10-18 17:00:00,7.3,0.0,10.2,22.7,80
2021-10-18 18:00:00,6.6,0.0,8.3,23.4,88
2021-10-18 19:00:00,6.6,0.1,9.0,21.2,85
2021-10-18 20:00:00,6.4,0.7,9.7,22.3,88
2021-10-18 21:00:00,6.1,0.3,9.4,22.3,94
2021-10-18 22:00:00,6.1,0.2,10.7,25.6,102
2021-10-18 23:00:00,5.8,0.5,9.3,27.4,103
2021-10-19 00:00:00,6.0,0.5,8.5,25.9,126
2021-10-19 01:00:00,7.1,1.9,13.5,32.0,124
2021-10-19 02:00:00,7.8,0.3,15.8,38.9,133
2021-10-19 03:00:00,8.3,0.2,15.8,41.4,131
2021-10-19 04:00:00,8.6,0.0,17.6,42.8,136
2021-10-19 05:00:00,9.3,0.0,19.3,47.2,147
2021-10-19 06:00:00,10.4,0.0,20.4,50.8,154
2021-10-19 07:00:00,10.6,0.2,19.6,50.8,154
2021-10-19 08:00:00,10.3,0.0,19.7,49.3,159
2021-10-19 09:00:00,10.3,0.1,19.0,50.4,161
2021-10-19 10:00:00,10.7,0.2,17.8,46.8,159
2021-10-19 11:00:00,10.8,0.2,17.2,44.3,164
2021-10-19 12:00:00,10.9,0.4,18.2,43.6,162
2021-10-19 13:00:00,9.9,0.3,18.7,44.3,155
2021-10-19 14:00:00,10.1,0.4,20.2,47.9,158
2021-10-19 15:00:00,10.7,0.2,20.8,49.3,162
2021-10-19 16:00:00,10.4,0.4,18.3,49.0,164
2021-10-19 17:00:00,10.1,0.7,19.3,47.9,159
2021-10-19 18:00:00,10.0,1.8,13.9,46.4,159
2021-10-19 19:00:00,10.0,2.5,13.6,35.6,158
2021-10-19 20:00:00,10.2,2.1,14.1,37.8,167
2021-10-19 21:00:00,10.2,3.0,12.8,36.7,169
2021-10-19 22:00:00,10.3,4.2,13.6,35.6,163
2021-10-19 23:00:00,10.4,4.9,13.5,36.0,155
2021-10-20 00:00:00,11.0,5.1,20.3,49.7,173
2021-10-20 01:00:00,11.9,3.8,19.2,50.8,185
2021-10-20 02:00:00,11.7,1.8,17.3,46.8,181
2021-10-20 03:00:00,11.5,6.3,15.6,42.5,173
2021-10-20 04:00:00,11.2,9.4,14.9,39.6,148
2021-10-20 05:00:00,11.4,5.4,14.8,41.4,209
2021-10-20 06:00:00,11.8,4.3,14.6,43.6,218
2021-10-20 07:00:00,11.8,0.3,16.3,39.6,215
2021-10-20 08:00:00,11.6,0.2,14.3,42.5,205
2021-10-20 09:00:00,11.6,0.7,19.6,45.0,212
2021-10-20 10:00:00,11.3,1.2,21.4,47.9,221
2021-10-20 11:00:00,11.4,0.2,22.2,54.4,220
2021-10-20 12:00:00,11.2,0.9,22.2,52.6,222
2021-10-20 13:00:00,11.1,0.7,24.5,49.7,229
2021-10-20 14:00:00,10.8,1.2,24.0,63.4,220
2021-10-20 15:00:00,10.8,0.6,20.1,55.1,209
2021-10-20 16:00:00,10.2,3.3,24.7,56.2,209
2021-10-20 17:00:00,9.8,1.1,22.6,56.9,211
2021-10-20 18:00:00,9.7,0.5,20.9,54.7,209
2021-10-20 19:00:00,8.8,0.9,13.8,49.0,263
2021-10-20 20:00:00,8.0,1.1,13.9,40.0,291
2021-10-20 21:00:00,7.4,1.0,12.8,32.0,286
2021-10-20 22:00:00,6.9,1.2,15.2,33.8,277
2021-10-20 23:00:00,6.6,1.1,14.8,38.2,270
2021-10-21 00:00:00,6.7,0.1,12.3,33.1,255
2021-10-21 01:00:00,5.8,0.1,10.2,32.4,252
2021-10-21 02:00:00,4.6,0.6,11.9,29.9,284
2021-10-21 03:00:00,5.0,0.3,1.6,27.4,297
2021-10-21 04:00:00,3.9,0.4,3.0,9.4,194
2021-10-21 05:00:00,3.7,0.2,6.6,14.0,299
2021-10-21 06:00:00,3.6,2.5,11.0,29.2,341
2021-10-21 07:00:00,3.9,0.0,13.9,32.0,339
2021-10-21 08:00:00,3.8,0.1,17.3,41.8,337
2021-10-21 09:00:00,3.8,0.2,17.3,45.0,337
2021-10-21 10:00:00,4.8,0.1,16.1,43.9,336
2021-10-21 11:00:00,4.9,0.1,17.8,46.1,328
2021-10-21 12:00:00,5.0,1.3,21.4,51.1,331
2021-10-21 13:00:00,6.3,0.5,22.7,60.1,333
2021-10-21 14:00:00,5.9,0.4,21.3,57.2,330
2021-10-21 15:00:00,5.1,0.7,19.5,54.7,321
2021-10-21 16:00:00,4.6,0.8,17.5,55.4,328
2021-10-21 17:00:00,4.9,0.1,20.3,49.7,333
2021-10-21 18:00:00,3.9,1.5,16.6,50.8,326
2021-10-21 19:00:00,4.0,1.0,17.9,46.4,326
2021-10-21 20:00:00,3.3,0.4,12.2,47.9,332
2021-10-21 21:00:00,3.3,0.2,14.7,41.4,329
2021-10-21 22:00:00,3.0,0.2,13.7,36.7,325
2021-10-21 23:00:00,2.6,0.8,13.5,36.4,326
2021-10-22 00:00:00,2.6,1.2,13.0,33.8,321
2021-10-22 01:00:00,3.4,0.5,9.2,34.9,329
2021-10-22 02:00:00,3.1,1.6,10.4,27.4,346
2021-10-22 03:00:00,3.2,0.8,9.6,25.6,304
2021-10-22 04:00:00,2.4,1.5,6.3,23.4,347
2021-10-22 05:00:00,2.6,0.2,3.8,24.5,343
2021-10-22 06:00:00,1.9,2.6,6.5,22.7,357
2021-10-22 07:00:00,1.6,0.3,5.7,19.8,35
2021-10-22 08:00:00,1.8,0.3,6.2,19.8,291
2021-10-22 09:00:00,3.8,2.1,16.2,41.0,328
2021-10-22 10:00:00,4.6,0.4,21.7,51.8,328
2021-10-22 11:00:00,5.2,0.2,20.2,56.5,325
2021-10-22 12:00:00,5.8,0.3,23.4,57.6,329
2021-10-22 13:00:00,6.9,0.1,18.7,57.2,326
2021-10-22 14:00:00,6.8,0.1,27.7,61.6,334
2021-10-22 15:00:00,6.8,0.5,26.4,64.4,334
2021-10-22 16:00:00,6.0,0.1,23.3,63.4,338
2021-10-22 17:00:00,5.4,0.1,22.5,58.0,333
2021-10-22 18:00:00,5.1,0.8,18.2,53.3,342
2021-10-22 19:00:00,4.7,0.0,15.9,46.4,342
2021-10-22 20:00:00,4.6,0.0,17.1,41.8,342
2021-10-22 21:00:00,4.4,0.0,15.6,42.5,334
2021-10-22 22:00:00,4.5,0.0,16.1,39.6,336
2021-10-22 23:00:00,4.5,0.0,15.0,38.9,336
2021-10-23 00:00:00,4.4,0.0,12.0,36.4,344
2021-10-23 01:00:00,4.2,0.0,8.3,30.2,342
2021-10-23 02:00:00,5.4,0.0,8.0,24.8,355
2021-10-23 03:00:00,5.2,0.0,6.9,22.0,354
2021-10-23 04:00:00,4.2,0.0,4.9,19.8,17
2021-10-23 05:00:00,3.1,0.0,5.6,15.5,40
2021-10-23 06:00:00,3.4,0.0,4.9,15.8,73
2021-10-23 07:00:00,2.5,0.0,2.1,12.6,121
2021-10-23 08:00:00,1.2,0.0,2.8,7.2,140
2021-10-23 09:00:00,3.2,0.0,3.6,5.8,127
2021-10-23 10:00:00,5.1,0.0,6.6,13.3,151
2021-10-23 11:00:00,6.5,0.0,7.6,18.4,161
2021-10-23 12:00:00,7.1,0.0,9.4,22.7,137
2021-10-23 13:00:00,7.5,0.0,11.0,25.6,142
2021-10-23 14:00:00,7.5,0.0,11.5,27.4,134
2021-10-23 15:00:00,7.4,0.0,12.5,29.9,131
2021-10-23 16:00:00,7.3,0.0,13.2,32.8,133
2021-10-23 17:00:00,7.1,0.0,16.3,38.5,145
2021-10-23 18:00:00,7.1,0.0,17.4,43.2,158
2021-10-23 19:00:00,7.5,0.0,19.2,46.8,154
2021-10-23 20:00:00,7.7,0.0,20.8,51.5,152
2021-10-23 21:00:00,7.9,0.0,21.4,53.6,153
2021-10-23 22:00:00,8.1,0.1,22.1,54.4,156
2021-10-23 23:00:00,8.3,0.2,22.4,55.8,161
2021-10-24 00:00:00,8.7,0.0,23.3,57.6,163
2021-10-24 01:00:00,8.7,0.0,22.1,57.6,161
2021-10-24 02:00:00,9.2,0.0,23.0,55.8,160
2021-10-24 03:00:00,9.4,0.0,21.5,56.5,157
2021-10-24 04:00:00,9.4,0.6,21.9,53.6,160
2021-10-24 05:00:00,9.0,0.8,20.9,53.3,156
2021-10-24 06:00:00,8.7,0.6,20.8,52.9,157
2021-10-24 07:00:00,9.0,1.2,21.3,51.5,164
2021-10-24 08:00:00,9.2,1.2,21.8,52.9,167
2021-10-24 09:00:00,9.4,0.4,21.9,52.9,166
2021-10-24 10:00:00,9.6,0.3,24.0,56.9,167
2021-10-24 11:00:00,9.6,0.1,23.8,58.3,170
2021-10-24 12:00:00,9.7,0.4,22.1,56.9,164
2021-10-24 13:00:00,9.9,0.4,25.9,57.2,166
2021-10-24 14:00:00,10.2,0.5,25.7,63.4,169
2021-10-24 15:00:00,9.9,2.2,23.1,61.9,169
2021-10-24 16:00:00,9.9,3.8,24.7,60.1,172
2021-10-24 17:00:00,10.1,2.4,22.0,59.8,170
2021-10-24 18:00:00,10.1,1.2,22.3,58.3,170
2021-10-24 19:00:00,10.1,2.5,23.9,60.8,173
2021-10-24 20:00:00,10.1,2.8,22.5,59.8,168
2021-10-24 21:00:00,9.9,4.3,22.3,56.5,170
2021-10-24 22:00:00,9.8,1.5,21.7,56.9,169
2021-10-24 23:00:00,9.8,1.8,22.5,57.2,173
2021-10-25 00:00:00,9.8,1.2,20.6,55.8,168
2021-10-25 01:00:00,9.7,0.9,20.0,55.1,157
2021-10-25 02:00:00,9.9,1.3,20.5,52.9,165
2021-10-25 03:00:00,9.6,4.1,17.7,50.0,156
2021-10-25 04:00:00,9.7,1.2,19.5,49.0,168
2021-10-25 05:00:00,9.5,0.6,17.5,47.5,161
2021-10-25 06:00:00,9.4,0.5,19.0,47.2,153
2021-10-25 07:00:00,9.1,2.6,18.4,49.0,169
2021-10-25 08:00:00,9.6,1.6,20.1,49.0,171
2021-10-25 09:00:00,9.7,1.2,18.0,49.7,164
2021-10-25 10:00:00,9.7,0.8,19.1,49.0,164
2021-10-25 11:00:00,9.8,0.3,20.2,48.6,176
2021-10-25 12:00:00,10.3,0.4,19.5,49.3,184
2021-10-25 13:00:00,10.4,1.1,16.6,47.9,175
2021-10-25 14:00:00,10.5,0.6,15.8,40.0,181
2021-10-25 15:00:00,10.5,1.1,15.8,40.0,180
2021-10-25 16:00:00,9.5,2.1,16.2,41.4,167
2021-10-25 17:00:00,9.1,0.2,15.8,40.3,156
2021-10-25 18:00:00,8.6,1.0,16.8,40.7,165
2021-10-25 19:00:00,8.5,0.2,18.4,42.5,168
2021-10-25 20:00:00,8.4,0.1,17.4,43.9,173
2021-10-25 21:00:00,8.2,0.2,20.7,47.2,172
2021-10-25 22:00:00,7.6,0.1,18.1,47.9,157
2021-10-25 23:00:00,8.1,0.0,21.0,48.2,164
2021-10-26 00:00:00,7.8,0.1,19.8,48.6,161
2021-10-26 01:00:00,8.1,1.4,17.5,51.5,166
2021-10-26 02:00:00,7.7,0.6,15.6,41.8,161
2021-10-26 03:00:00,8.4,0.7,15.4,38.9,217
2021-10-26 04:00:00,8.0,2.4,11.2,33.5,228
2021-10-26 05:00:00,7.4,1.0,6.5,27.7,214
2021-10-26 06:00:00,7.7,0.7,8.6,20.2,180
2021-10-26 07:00:00,6.9,1.1,7.6,21.2,161
2021-10-26 08:00:00,6.9,0.4,10.4,26.3,146
2021-10-26 09:00:00,6.7,0.8,11.0,23.8,142
2021-10-26 10:00:00,6.9,1.2,13.3,29.5,139
2021-10-26 11:00:00,7.7,0.2,16.3,36.7,149
2021-10-26 12:00:00,8.1,0.1,14.4,37.4,148
2021-10-26 13:00:00,9.1,0.0,15.6,36.4,161
2021-10-26 14:00:00,9.7,0.0,15.3,37.8,156
2021-10-26 15:00:00,9.4,0.0,15.2,39.2,149
2021-10-26 16:00:00,9.1,0.0,16.3,39.6,152
2021-10-26 17:00:00,8.6,0.0,15.8,40.7,153
2021-10-26 18:00:00,8.9,0.0,16.1,40.0,151
2021-10-26 19:00:00,8.9,0.0,17.6,43.6,149
2021-10-26 20:00:00,9.0,0.2,18.5,46.4,151
2021-10-26 21:00:00,9.0,0.5,20.6,50.8,151
2021-10-26 22:00:00,8.3,1.1,22.9,56.2,147
2021-10-26 23:00:00,8.2,1.5,24.5,59.4,154
2021-10-27 00:00:00,8.3,2.9,23.5,60.1,155
2021-10-27 01:00:00,8.9,3.8,24.5,58.0,163
2021-10-27 02:00:00,9.8,5.3,22.9,60.5,173
2021-10-27 03:00:00,10.3,9.2,18.0,57.2,164
2021-10-27 04:00:00,11.6,4.0,17.1,45.4,248
2021-10-27 05:00:00,11.5,0.5,15.1,43.9,258
2021-10-27 06:00:00,11.1,0.3,13.3,34.6,257
2021-10-27 07:00:00,10.6,0.6,11.2,31.0,249
2021-10-27 08:00:00,9.6,0.0,7.7,25.2,221
2021-10-27 09:00:00,9.8,0.0,9.4,20.2,178
2021-10-27 10:00:00,10.5,0.0,10.4,24.5,178
2021-10-27 11:00:00,11.3,0.0,12.7,30.2,195
2021-10-27 12:00:00,11.6,0.0,14.3,32.8,192
2021-10-27 13:00:00,11.5,0.0,15.3,34.9,188
2021-10-27 14:00:00,11.9,0.1,15.1,37.1,183
2021-10-27 15:00:00,11.9,0.0,16.0,37.4,171
2021-10-27 16:00:00,11.4,0.0,15.7,38.5,169
2021-10-27 17:00:00,10.9,0.0,15.7,38.5,164
2021-10-27 18:00:00,11.6,0.0,16.7,40.3,161
2021-10-27 19:00:00,11.5,0.0,17.0,42.5,163
2021-10-27 20:00:00,11.2,0.2,15.7,41.8,160
2021-10-27 21:00:00,11.5,0.4,16.2,39.6,167
2021-10-27 22:00:00,11.1,1.3,14.8,39.6,166
2021-10-27 23:00:00,11.2,0.7,16.7,41.4,166
2021-10-28 00:00:00,11.1,1.4,16.9,41.4,160
2021-10-28 01:00:00,11.6,1.6,15.7,41.8,164
2021-10-28 02:00:00,11.6,3.6,15.5,41.0,158
2021-10-28 03:00:00,11.7,2.0,16.0,38.2,166
2021-10-28 04:00:00,11.9,3.2,14.1,40.0,174
2021-10-28 05:00:00,11.8,2.8,12.6,34.9,160
2021-10-28 06:00:00,11.8,3.5,16.2,40.7,181
2021-10-28 07:00:00,11.8,3.7,15.5,40.0,180
2021-10-28 08:00:00,11.8,3.2,16.6,44.3,182
2021-10-28 09:00:00,11.7,1.4,15.6,42.1,187
2021-10-28 10:00:00,11.9,0.2,14.8,36.0,183
2021-10-28 11:00:00,11.7,2.6,13.7,33.8,177
2021-10-28 12:00:00,11.8,1.6,14.4,36.4,167
2021-10-28 13:00:00,11.6,2.8,14.5,41.0,173
2021-10-28 14:00:00,11.6,4.4,20.5,49.7,180
2021-10-28 15:00:00,11.5,2.5,21.3,51.5,178
2021-10-28 16:00:00,11.4,2.2,21.3,52.6,176
2021-10-28 17:00:00,11.4,2.2,21.3,52.6,174
2021-10-28 18:00:00,11.5,4.4,19.3,51.8,171
2021-10-28 19:00:00,11.6,4.9,21.0,51.5,174
2021-10-28 20:00:00,11.6,5.6,21.3,54.4,178
2021-10-28 21:00:00,11.6,5.0,23.4,63.0,177
2021-10-28 22:00:00,11.5,3.0,27.6,67.3,172
2021-10-28 23:00:00,11.2,3.8,27.3,69.1,172
2021-10-29 00:00:00,11.0,3.2,25.6,67.0,169
2021-10-29 01:00:00,11.5,3.0,23.1,62.6,177
2021-10-29 02:00:00,11.6,3.7,21.5,56.5,171
2021-10-29 03:00:00,11.5,2.6,21.2,53.6,165
2021-10-29 04:00:00,11.2,1.9,19.6,52.9,163
2021-10-29 05:00:00,10.9,2.3,19.4,49.0,162
2021-10-29 06:00:00,10.8,3.5,18.3,48.2,158
2021-10-29 07:00:00,10.9,2.3,21.1,52.6,160
2021-10-29 08:00:00,11.0,0.8,19.6,55.1,163
2021-10-29 09:00:00,11.5,0.6,23.3,56.2,163
2021-10-29 10:00:00,11.8,0.1,24.1,59.0,163
2021-10-29 11:00:00,12.0,0.1,22.7,59.0,162
2021-10-29 12:00:00,12.4,0.1,22.7,55.8,160
2021-10-29 13:00:00,13.8,0.0,24.1,63.0,160
2021-10-29 14:00:00,14.1,0.0,25.3,61.9,163
2021-10-29 15:00:00,14.0,0.0,25.2,61.9,163
2021-10-29 16:00:00,14.0,0.0,23.2,61.2,164
2021-10-29 17:00:00,13.8,0.1,20.5,56.9,162
2021-10-29 18:00:00,13.0,0.1,18.4,52.2,154
2021-10-29 19:00:00,13.1,0.0,18.0,46.1,151
2021-10-29 20:00:00,13.4,0.0,20.0,51.5,150
2021-10-29 21:00:00,13.2,0.0,21.7,54.7,159
2021-10-29 22:00:00,12.7,0.2,22.2,56.9,155
2021-10-29 23:00:00,13.1,0.0,22.5,56.9,148
2021-10-30 00:00:00,12.9,0.2,24.0,60.5,152
2021-10-30 01:00:00,11.1,0.3,24.3,66.2,155
2021-10-30 02:00:00,11.8,0.8,27.9,65.9,160
2021-10-30 03:00:00,11.1,0.1,31.5,78.5,166
2021-10-30 04:00:00,10.6,0.5,28.6,76.0,174
2021-10-30 05:00:00,9.8,1.7,26.4,67.3,206
2021-10-30 06:00:00,9.4,1.8,24.7,61.6,201
2021-10-30 07:00:00,9.3,0.7,19.4,56.5,191
2021-10-30 08:00:00,9.4,0.0,17.2,45.4,169
2021-10-30 09:00:00,9.1,0.0,17.3,41.8,157
2021-10-30 10:00:00,9.6,0.1,18.0,42.1,160
2021-10-30 11:00:00,10.2,0.0,18.9,46.8,156
2021-10-30 12:00:00,10.9,0.0,14.7,46.4,152
2021-10-30 13:00:00,11.1,0.0,15.3,43.9,146
2021-10-30 14:00:00,11.4,0.0,11.2,39.2,111
2021-10-30 15:00:00,11.3,0.0,9.9,28.1,123
2021-10-30 16:00:00,10.5,0.0,9.6,27.7,110
2021-10-30 17:00:00,9.1,0.0,11.2,28.1,94
2021-10-30 18:00:00,8.7,0.0,11.9,29.9,85
2021-10-30 19:00:00,9.7,0.0,10.4,29.9,92
2021-10-30 20:00:00,10.5,0.3,14.2,36.0,97
2021-10-30 21:00:00,10.6,0.1,15.3,40.3,98
2021-10-30 22:00:00,11.6,0.0,15.1,40.3,115
2021-10-30 23:00:00,11.4,0.2,19.0,46.4,119
2021-10-31 00:00:00,10.5,0.9,23.6,57.6,129
2021-10-31 01:00:00,9.8,0.1,17.6,58.0,145
2021-10-31 02:00:00,10.6,2.4,22.6,58.7,166
2021-10-31 03:00:00,10.0,0.1,21.6,57.2,162
2021-10-31 04:00:00,9.3,2.2,19.6,56.9,173
2021-10-31 05:00:00,9.2,0.1,18.7,49.3,182
2021-10-31 06:00:00,8.5,2.3,15.9,45.7,175
2021-10-31 07:00:00,9.0,0.3,11.9,38.5,180
2021-10-31 08:00:00,8.5,6.1,14.0,33.1,179
2021-10-31 09:00:00,8.3,0.9,16.6,36.7,150
2021-10-31 10:00:00,8.2,0.1,15.8,39.6,153
2021-10-31 11:00:00,8.6,0.0,16.9,41.0,160
2021-10-31 12:00:00,9.2,0.0,15.8,39.6,163
2021-10-31 13:00:00,9.3,0.9,14.6,37.4,147
2021-10-31 14:00:00,9.2,0.1,15.8,38.5,159
2021-10-31 15:00:00,9.2,0.0,13.6,39.6,140
2021-10-31 16:00:00,8.9,0.0,13.0,34.6,136
2021-10-31 17:00:00,7.7,0.0,10.7,32.0,110
2021-10-31 18:00:00,7.2,0.0,10.9,27.4,96
2021-10-31 19:00:00,7.2,0.0,12.6,30.2,95
2021-10-31 20:00:00,7.5,0.0,12.7,31.7,83
2021-10-31 21:00:00,7.8,0.0,11.2,30.6,88
2021-10-31 22:00:00,8.7,0.0,13.0,33.8,92
2021-10-31 23:00:00,9.1,0.1,12.6,35.6,87
2021-11-01 00:00:00,9.2,0.1,11.2,32.8,92
2021-11-01 01:00:00,8.1,0.4,7.1,31.3,105
2021-11-01 02:00:00,8.9,0.5,5.5,24.8,79
2021-11-01 03:00:00,8.6,0.9,5.2,19.4,106
2021-11-01 04:00:00,8.2,3.2,5.5,19.4,148
2021-11-01 05:00:00,8.3,2.6,4.6,18.0,129
2021-11-01 06:00:00,8.6,1.3,12.2,28.8,118
2021-11-01 07:00:00,7.9,0.0,14.0,33.5,116
2021-11-01 08:00:00,7.3,0.0,13.7,36.7,113
2021-11-01 09:00:00,7.5,0.0,15.4,38.5,111
2021-11-01 10:00:00,9.4,0.0,19.4,48.2,137
2021-11-01 11:00:00,11.2,0.0,21.5,54.7,142
2021-11-01 12:00:00,12.1,0.0,23.3,58.7,145
2021-11-01 13:00:00,12.7,0.0,20.8,59.4,143
2021-11-01 14:00:00,10.5,0.1,14.7,51.1,163
2021-11-01 15:00:00,11.0,0.0,16.1,42.5,146
2021-11-01 16:00:00,10.5,0.0,20.1,51.1,151
2021-11-01 17:00:00,10.5,0.0,16.3,50.4,139
2021-11-01 18:00:00,10.9,0.0,19.1,46.8,144
2021-11-01 19:00:00,10.0,0.0,18.4,49.3,130
2021-11-01 20:00:00,10.2,0.0,19.1,50.4,139
2021-11-01 21:00:00,10.5,0.0,19.2,49.7,142
2021-11-01 22:00:00,10.8,0.0,18.6,50.0,144
2021-11-01 23:00:00,8.6,1.2,21.1,52.6,137
2021-11-02 00:00:00,8.3,0.1,26.6,65.2,152
2021-11-02 01:00:00,9.3,0.5,25.0,67.0,162
2021-11-02 02:00:00,9.9,0.0,24.7,63.0,164
2021-11-02 03:00:00,9.3,0.0,22.9,61.6,161
2021-11-02 04:00:00,9.1,0.1,21.4,56.9,160
2021-11-02 05:00:00,8.9,0.2,21.9,54.0,160
2021-11-02 06:00:00,8.6,1.0,21.1,54.0,157
2021-11-02 07:00:00,8.3,0.4,20.3,52.6,157
2021-11-02 08:00:00,7.7,1.4,15.8,51.1,153
2021-11-02 09:00:00,8.1,0.3,18.5,45.0,147
2021-11-02 10:00:00,8.6,0.3,17.5,45.7,161
2021-11-02 11:00:00,8.5,0.6,15.7,43.2,164
2021-11-02 12:00:00,8.6,0.0,15.2,39.6,144
2021-11-02 13:00:00,9.6,0.0,15.0,38.5,153
2021-11-02 14:00:00,10.0,0.0,12.4,37.8,158
2021-11-02 15:00:00,9.4,0.0,11.6,37.1,158
2021-11-02 16:00:00,8.6,0.0,12.7,32.4,151
2021-11-02 17:00:00,8.1,0.1,12.2,31.3,161
2021-11-02 18:00:00,7.6,1.0,12.0,29.9,159
2021-11-02 19:00:00,7.5,0.1,12.1,30.6,150
2021-11-02 20:00:00,6.9,0.0,12.2,30.2,146
2021-11-02 21:00:00,6.7,0.0,11.0,29.9,139
2021-11-02 22:00:00,6.1,0.0,9.6,27.4,146
2021-11-02 23:00:00,5.9,0.0,8.9,24.5,140
2021-11-03 00:00:00,6.4,0.1,9.5,23.8,143
2021-11-03 01:00:00,7.0,0.1,8.4,25.2,160
2021-11-03 02:00:00,6.8,0.0,6.7,21.2,126
2021-11-03 03:00:00,6.0,0.0,6.1,18.4,130
2021-11-03 04:00:00,5.9,0.0,6.9,19.1,152
2021-11-03 05:00:00,5.8,0.1,8.2,20.5,165
2021-11-03 06:00:00,6.5,0.9,8.4,22.7,160
2021-11-03 07:00:00,6.4,0.7,7.7,22.3,139
2021-11-03 08:00:00,6.5,0.3,9.3,22.3,144
2021-11-03 09:00:00,6.6,0.1,9.8,23.4,152
2021-11-03 10:00:00,6.9,0.2,9.5,23.0,143
2021-11-03 11:00:00,7.5,0.3,8.9,22.3,148
2021-11-03 12:00:00,7.6,0.3,8.8,21.2,161
2021-11-03 13:00:00,7.2,0.1,8.8,22.3,161
2021-11-03 14:00:00,7.6,0.1,9.0,22.0,151
2021-11-03 15:00:00,7.4,0.4,9.8,24.1,156
2021-11-03 16:00:00,6.7,0.2,8.4,22.3,155
2021-11-03 17:00:00,6.3,0.0,7.3,18.7,147
2021-11-03 18:00:00,6.6,0.0,8.1,16.9,159
2021-11-03 19:00:00,6.0,0.0,7.9,17.3,164
2021-11-03 20:00:00,5.3,0.0,8.9,18.4,148
2021-11-03 21:00:00,4.9,0.0,8.4,19.4,137
2021-11-03 22:00:00,4.9,0.0,9.2,19.8,141
2021-11-03 23:00:00,5.0,0.0,9.2,20.2,138
2021-11-04 00:00:00,5.1,0.0,8.4,20.5,133
2021-11-04 01:00:00,6.2,0.0,7.8,19.1,124
2021-11-04 02:00:00,6.9,0.0,7.3,18.4,123
2021-11-04 03:00:00,6.8,0.1,6.5,17.3,124
2021-11-04 04:00:00,6.2,0.0,5.4,15.5,110
2021-11-04 05:00:00,5.4,0.0,5.0,12.2,90
2021-11-04 06:00:00,4.7,0.0,4.5,11.5,76
2021-11-04 07:00:00,4.7,0.0,3.3,10.1,77
2021-11-04 08:00:00,4.2,0.0,3.4,7.6,58
2021-11-04 09:00:00,4.8,0.0,4.8,10.8,48
2021-11-04 10:00:00,5.9,0.0,4.9,11.2,54
2021-11-04 11:00:00,7.4,0.0,4.0,11.9,27
2021-11-04 12:00:00,8.0,0.0,1.9,11.2,338
2021-11-04 13:00:00,8.2,0.0,3.4,11.5,288
2021-11-04 14:00:00,8.4,0.0,4.1,13.3,315
2021-11-04 15:00:00,8.0,0.0,1.4,11.9,360
2021-11-04 16:00:00,8.0,0.0,1.1,6.5,90
2021-11-04 17:00:00,4.9,0.0,3.6,5.8,127
2021-11-04 18:00:00,3.8,0.0,4.2,6.5,121
2021-11-04 19:00:00,3.1,0.0,4.7,7.9,122
2021-11-04 20:00:00,3.4,0.0,3.1,6.8,135
2021-11-04 21:00:00,4.3,0.3,4.8,9.0,193
2021-11-04 22:00:00,4.1,0.7,4.9,10.8,216
2021-11-04 23:00:00,4.8,0.2,3.7,10.8,209
2021-11-05 00:00:00,5.1,0.3,5.1,11.5,219
2021-11-05 01:00:00,5.7,0.3,4.9,15.5,197
2021-11-05 02:00:00,6.6,0.0,5.1,13.0,188
2021-11-05 03:00:00,4.9,0.0,5.1,13.0,176
2021-11-05 04:00:00,5.6,0.1,6.5,16.9,161
2021-11-05 05:00:00,5.7,0.4,9.3,20.9,164
2021-11-05 06:00:00,5.8,0.7,7.6,20.9,183
2021-11-05 07:00:00,6.0,0.1,5.4,16.2,222
2021-11-05 08:00:00,5.2,0.1,6.8,20.5,302
2021-11-05 09:00:00,7.2,0.1,7.9,18.4,300
2021-11-05 10:00:00,7.0,0.4,12.8,27.4,310
2021-11-05 11:00:00,6.8,0.2,12.2,29.5,313
2021-11-05 12:00:00,7.1,0.3,9.7,28.1,315
2021-11-05 13:00:00,7.9,0.1,6.8,26.3,302
2021-11-05 14:00:00,8.1,0.1,11.4,24.5,283
2021-11-05 15:00:00,7.8,0.2,11.5,29.2,284
2021-11-05 16:00:00,7.4,0.1,10.1,26.3,268
2021-11-05 17:00:00,7.1,0.2,11.2,25.2,264
2021-11-05 18:00:00,6.2,0.6,9.2,28.4,249
2021-11-05 19:00:00,6.1,3.3,13.2,33.8,235
2021-11-05 20:00:00,6.4,1.9,8.6,31.0,202
2021-11-05 21:00:00,6.6,0.6,7.6,22.0,211
2021-11-05 22:00:00,8.3,0.1,18.9,46.8,288
2021-11-05 23:00:00,7.5,0.7,17.2,50.0,303
2021-11-06 00:00:00,6.4,0.3,13.4,44.3,306
2021-11-06 01:00:00,6.5,0.0,6.2,32.0,277
2021-11-06 02:00:00,7.1,0.8,13.5,32.0,312
2021-11-06 03:00:00,6.4,0.1,4.9,30.6,343
2021-11-06 04:00:00,6.0,0.2,7.1,20.9,315
2021-11-06 05:00:00,4.3,0.1,6.3,18.0,301
2021-11-06 06:00:00,4.4,0.0,5.1,15.1,315
2021-11-06 07:00:00,3.2,0.0,2.9,11.5,150
2021-11-06 08:00:00,2.3,0.0,7.4,11.2,157
2021-11-06 09:00:00,3.3,0.0,5.1,11.5,135
2021-11-06 10:00:00,4.7,0.0,7.4,14.8,129
2021-11-06 11:00:00,5.6,0.0,8.4,18.4,140
2021-11-06 12:00:00,6.4,0.1,10.0,23.4,142
2021-11-06 13:00:00,6.8,0.2,11.5,26.6,131
2021-11-06 14:00:00,6.5,0.4,10.7,27.0,123
2021-11-06 15:00:00,6.1,0.8,11.8,29.5,121
2021-11-06 16:00:00,6.0,0.7,12.2,31.0,133
2021-11-06 17:00:00,5.9,1.0,14.3,34.9,129
2021-11-06 18:00:00,5.8,1.3,14.6,36.0,123
2021-11-06 19:00:00,6.0,1.4,16.4,38.9,119
2021-11-06 20:00:00,6.1,1.6,17.9,44.6,120
2021-11-06 21:00:00,5.7,0.9,15.5,43.2,108
2021-11-06 22:00:00,6.4,0.7,18.8,43.2,102
2021-11-06 23:00:00,6.0,1.0,16.9,43.2,102
2021-11-07 00:00:00,6.2,1.1,14.1,40.7,128
2021-11-07 01:00:00,7.4,2.7,18.7,52.9,157
2021-11-07 02:00:00,8.7,1.0,17.4,45.4,174
2021-11-07 03:00:00,8.8,0.4,16.3,43.2,202
2021-11-07 04:00:00,9.0,0.5,18.3,42.1,216
2021-11-07 05:00:00,8.5,0.5,16.7,42.1,205
2021-11-07 06:00:00,8.2,0.3,15.9,38.5,186
2021-11-07 07:00:00,8.0,0.7,14.8,36.4,184
2021-11-07 08:00:00,8.0,0.8,13.3,34.9,182
2021-11-07 09:00:00,8.0,0.5,12.5,30.6,162
2021-11-07 10:00:00,8.0,0.4,11.9,28.8,155
2021-11-07 11:00:00,7.9,0.3,11.6,29.5,154
2021-11-07 12:00:00,8.2,0.4,10.5,27.0,131
2021-11-07 13:00:00,8.0,0.3,10.9,24.8,134
2021-11-07 14:00:00,8.3,0.0,10.2,25.2,138
2021-11-07 15:00:00,8.4,0.0,9.2,23.0,135
2021-11-07 16:00:00,8.4,0.0,8.1,20.2,135
2021-11-07 17:00:00,8.2,0.0,6.7,17.6,106
2021-11-07 18:00:00,8.0,0.0,6.1,14.8,90
2021-11-07 19:00:00,7.0,0.0,4.5,13.3,76
2021-11-07 20:00:00,7.1,0.0,2.9,10.1,60
2021-11-07 21:00:00,7.5,0.0,3.9,8.6,34
2021-11-07 22:00:00,7.5,0.0,2.6,9.0,74
2021-11-07 23:00:00,7.7,0.0,2.9,6.8,120
2021-11-08 00:00:00,5.5,0.0,5.2,8.3,155
2021-11-08 01:00:00,6.7,0.0,5.7,11.5,235
2021-11-08 02:00:00,7.1,0.0,2.7,9.0,23
2021-11-08 03:00:00,5.7,0.0,3.0,6.1,104
2021-11-08 04:00:00,4.9,0.0,4.8,9.4,138
2021-11-08 05:00:00,4.8,0.0,6.6,12.6,158
2021-11-08 06:00:00,5.1,0.0,7.4,14.4,157
2021-11-08 07:00:00,4.9,0.0,7.7,16.2,152
2021-11-08 08:00:00,4.9,0.0,8.9,18.7,148
2021-11-08 09:00:00,6.2,0.0,10.0,21.6,142
2021-11-08 10:00:00,6.9,0.0,10.4,23.8,136
2021-11-08 11:00:00,7.6,0.0,13.0,29.5,161
2021-11-08 12:00:00,7.5,0.0,14.8,34.9,162
2021-11-08 13:00:00,7.6,0.0,13.4,40.0,156
2021-11-08 14:00:00,7.8,0.0,15.1,35.3,168
2021-11-08 15:00:00,7.9,0.0,16.0,38.5,166
2021-11-08 16:00:00,7.7,0.1,16.2,39.6,167
2021-11-08 17:00:00,7.6,0.1,17.1,41.4,162
2021-11-08 18:00:00,7.5,0.0,18.7,45.7,155
2021-11-08 19:00:00,7.6,0.0,19.0,47.9,161
2021-11-08 20:00:00,7.8,0.3,20.7,50.4,157
2021-11-08 21:00:00,8.0,0.2,24.2,59.0,157
2021-11-08 22:00:00,7.5,0.7,26.5,64.4,158
2021-11-08 23:00:00,7.1,0.9,27.7,67.7,162
2021-11-09 00:00:00,7.2,0.5,29.9,74.2,165
2021-11-09 01:00:00,6.9,1.1,31.6,76.3,165
2021-11-09 02:00:00,7.2,2.3,31.4,85.0,165
2021-11-09 03:00:00,7.1,4.2,29.6,82.4,162
2021-11-09 04:00:00,7.3,4.1,27.2,73.4,165
2021-11-09 05:00:00,7.6,4.2,23.8,67.0,165
2021-11-09 06:00:00,7.9,3.8,19.4,59.4,165
2021-11-09 07:00:00,8.2,2.1,21.3,50.8,161
2021-11-09 08:00:00,8.7,0.4,15.4,50.4,164
2021-11-09 09:00:00,8.9,0.2,7.9,33.5,180
2021-11-09 10:00:00,9.1,0.0,8.3,19.1,198
2021-11-09 11:00:00,9.5,0.0,9.1,23.0,189
2021-11-09 12:00:00,9.7,0.0,10.7,26.3,192
2021-11-09 13:00:00,9.9,0.0,11.5,27.4,184
2021-11-09 14:00:00,9.8,0.1,13.8,32.8,187
2021-11-09 15:00:00,9.4,0.4,14.3,35.3,192
2021-11-09 16:00:00,8.7,0.1,13.8,33.5,174
2021-11-09 17:00:00,8.3,0.0,13.8,34.2,165
2021-11-09 18:00:00,8.0,0.6,13.4,34.2,174
2021-11-09 19:00:00,8.1,0.4,13.8,33.8,165
2021-11-09 20:00:00,8.0,0.0,14.2,33.8,159
2021-11-09 21:00:00,8.1,0.1,14.7,36.7,163
2021-11-09 22:00:00,8.6,0.4,15.6,39.6,187
2021-11-09 23:00:00,8.6,0.9,18.0,42.5,196
2021-11-10 00:00:00,8.6,0.7,15.6,42.8,199
2021-11-10 01:00:00,9.3,0.4,13.0,41.0,204
2021-11-10 02:00:00,9.1,0.8,15.6,38.2,206
2021-11-10 03:00:00,9.3,0.2,15.3,40.0,188
2021-11-10 04:00:00,9.1,0.7,18.6,47.2,202
2021-11-10 05:00:00,9.0,0.5,20.2,47.2,219
2021-11-10 06:00:00,8.0,1.3,18.0,52.6,237
2021-11-10 07:00:00,8.4,0.4,18.4,46.8,253
2021-11-10 08:00:00,8.2,0.1,14.8,45.4,257
2021-11-10 09:00:00,7.2,0.0,13.7,34.6,247
2021-11-10 10:00:00,7.6,0.0,16.5,36.7,247
2021-11-10 11:00:00,8.3,0.1,15.5,40.7,245
2021-11-10 12:00:00,8.5,0.0,15.5,39.6,252
2021-11-10 13:00:00,9.2,0.0,18.2,40.7,252
2021-11-10 14:00:00,9.6,0.0,17.4,42.8,248
2021-11-10 15:00:00,8.9,0.2,18.0,42.5,250
2021-11-10 16:00:00,7.9,0.0,15.0,41.8,240
2021-11-10 17:00:00,7.9,0.1,13.2,35.3,223
2021-11-10 18:00:00,7.4,0.1,12.2,31.7,208
2021-11-10 19:00:00,7.1,0.2,12.8,30.6,196
2021-11-10 20:00:00,6.9,0.3,13.0,32.0,174
2021-11-10 21:00:00,6.6,0.0,14.6,37.1,171
2021-11-10 22:00:00,6.6,0.4,16.2,39.2,168
2021-11-10 23:00:00,6.7,0.1,16.8,41.0,170
2021-11-11 00:00:00,6.9,0.4,19.8,47.9,178
2021-11-11 01:00:00,6.7,0.3,18.2,51.1,162
2021-11-11 02:00:00,7.1,0.3,19.8,50.8,164
2021-11-11 03:00:00,7.0,0.2,22.7,55.8,169
2021-11-11 04:00:00,7.2,0.4,23.4,58.3,169
2021-11-11 05:00:00,7.4,1.8,25.3,65.2,197
2021-11-11 06:00:00,7.9,2.4,23.0,68.4,230
2021-11-11 07:00:00,7.7,0.0,25.1,60.8,241
2021-11-11 08:00:00,6.7,0.4,27.7,65.5,247
2021-11-11 09:00:00,6.5,0.4,28.8,70.9,298
2021-11-11 10:00:00,6.4,0.1,16.9,66.6,281
2021-11-11 11:00:00,6.9,1.8,15.9,41.8,273
2021-11-11 12:00:00,6.9,1.4,16.5,45.7,281
2021-11-11 13:00:00,7.6,0.2,14.6,46.8,279
2021-11-11 14:00:00,8.2,0.3,13.8,33.5,285
2021-11-11 15:00:00,7.5,0.0,13.6,33.5,307
2021-11-11 16:00:00,6.6,0.1,7.5,31.3,325
2021-11-11 17:00:00,5.7,0.3,3.1,19.1,291
2021-11-11 18:00:00,5.3,0.0,3.3,11.9,221
2021-11-11 19:00:00,4.3,0.1,5.6,11.9,255
2021-11-11 20:00:00,4.4,0.5,4.7,11.9,238
2021-11-11 21:00:00,3.2,0.1,4.0,9.7,175
2021-11-11 22:00:00,2.8,0.0,5.0,7.9,150
2021-11-11 23:00:00,2.7,0.0,5.2,10.1,155
2021-11-12 00:00:00,2.9,0.0,5.1,10.8,135
2021-11-12 01:00:00,4.5,0.0,7.1,14.4,139
2021-11-12 02:00:00,4.5,0.0,8.4,17.3,133
2021-11-12 03:00:00,4.4,0.0,9.2,20.2,138
2021-11-12 04:00:00,4.0,0.0,9.1,20.5,124
2021-11-12 05:00:00,3.7,0.0,8.5,19.4,118
2021-11-12 06:00:00,3.5,0.0,9.5,20.2,115
2021-11-12 07:00:00,2.9,0.0,9.3,20.9,103
2021-11-12 08:00:00,2.8,0.0,8.7,20.5,107
2021-11-12 09:00:00,2.9,0.0,10.1,21.6,92
2021-11-12 10:00:00,4.0,0.0,10.1,23.0,90
2021-11-12 11:00:00,4.8,0.0,9.8,22.3,82
2021-11-12 12:00:00,5.5,0.0,10.7,24.8,76
2021-11-12 13:00:00,6.4,0.0,9.7,25.9,90
2021-11-12 14:00:00,6.7,0.0,11.7,27.4,81
2021-11-12 15:00:00,6.6,0.0,11.7,27.7,81
2021-11-12 16:00:00,6.5,0.0,13.4,29.9,76
2021-11-12 17:00:00,5.6,0.9,15.4,32.4,74
2021-11-12 18:00:00,5.3,0.4,15.8,34.6,78
2021-11-12 19:00:00,5.7,0.1,14.4,34.6,77
2021-11-12 20:00:00,6.0,0.4,14.9,33.1,83
2021-11-12 21:00:00,5.7,0.4,13.7,33.8,87
2021-11-12 22:00:00,6.2,0.2,14.2,32.4,81
2021-11-12 23:00:00,6.2,0.0,13.1,31.3,82
2021-11-13 00:00:00,5.9,0.0,12.5,29.2,78
2021-11-13 01:00:00,6.7,0.0,12.8,27.4,80
2021-11-13 02:00:00,7.4,0.1,13.2,29.5,79
2021-11-13 03:00:00,7.5,0.0,12.6,29.9,77
2021-11-13 04:00:00,7.3,0.0,12.2,28.1,76
2021-11-13 05:00:00,7.1,0.1,11.6,27.7,85
2021-11-13 06:00:00,6.9,0.1,10.5,25.6,86
2021-11-13 07:00:00,6.7,0.0,8.4,23.4,83
2021-11-13 08:00:00,6.5,0.0,7.1,18.7,66
2021-11-13 09:00:00,6.2,0.0,8.0,16.6,63
2021-11-13 10:00:00,6.5,0.0,6.3,16.9,66
2021-11-13 11:00:00,7.1,0.0,4.9,13.0,54
2021-11-13 12:00:00,7.6,0.0,5.0,10.8,60
2021-11-13 13:00:00,9.0,0.0,3.4,11.2,58
2021-11-13 14:00:00,9.4,0.0,2.6,10.4,34
2021-11-13 15:00:00,8.6,0.0,1.8,7.6,53
2021-11-13 16:00:00,8.5,0.0,2.8,4.3,140
2021-11-13 17:00:00,7.6,0.0,3.8,5.8,131
2021-11-13 18:00:00,6.0,0.0,4.5,6.5,119
2021-11-13 19:00:00,5.7,0.0,3.2,7.6,117
2021-11-13 20:00:00,4.8,0.0,3.5,7.9,114
2021-11-13 21:00:00,3.6,0.0,3.0,7.9,104
2021-11-13 22:00:00,3.0,0.0,4.0,9.0,90
2021-11-13 23:00:00,2.8,0.0,5.1,11.5,98
2021-11-14 00:00:00,2.9,0.0,4.8,11.5,117
2021-11-14 01:00:00,2.4,0.0,5.0,11.9,111
2021-11-14 02:00:00,3.2,0.0,7.2,14.4,117
2021-11-14 03:00:00,3.4,0.0,7.1,15.5,131
2021-11-14 04:00:00,3.1,0.0,5.9,15.1,128
2021-11-14 05:00:00,2.8,0.0,6.3,14.4,121
2021-11-14 06:00:00,2.9,0.0,6.6,15.1,131
2021-11-14 07:00:00,2.9,0.0,6.6,15.5,135
2021-11-14 08:00:00,2.3,0.0,6.1,15.5,130
2021-11-14 09:00:00,3.2,0.0,9.0,19.8,143
2021-11-14 10:00:00,4.7,0.0,12.5,27.4,147
2021-11-14 11:00:00,6.5,0.0,11.6,28.8,164
2021-11-14 12:00:00,7.2,0.0,11.5,27.7,160
2021-11-14 13:00:00,7.9,0.0,11.3,27.7,163
2021-11-14 14:00:00,7.7,0.0,12.0,29.5,171
2021-11-14 15:00:00,6.7,0.0,10.2,30.2,162
2021-11-14 16:00:00,5.8,0.0,10.5,27.0,139
2021-11-14 17:00:00,5.0,0.0,13.3,33.5,139
2021-11-14 18:00:00,5.0,0.0,13.6,35.3,143
2021-11-14 19:00:00,5.1,0.0,13.9,37.1,149
2021-11-14 20:00:00,5.0,0.0,12.6,36.7,153
2021-11-14 21:00:00,5.2,0.0,15.1,39.2,155
2021-11-14 22:00:00,6.3,0.0,17.6,44.6,157
2021-11-14 23:00:00,7.0,0.0,17.7,44.6,153
2021-11-15 00:00:00,7.4,0.0,19.7,49.7,156
2021-11-15 01:00:00,7.4,0.0,19.5,49.7,155
2021-11-15 02:00:00,7.6,0.0,19.1,48.6,158
2021-11-15 03:00:00,7.8,0.0,20.7,51.5,157
2021-11-15 04:00:00,7.8,0.0,19.9,51.5,158
2021-11-15 05:00:00,7.9,0.0,20.8,52.2,162
2021-11-15 06:00:00,8.0,0.0,22.8,56.5,162
2021-11-15 07:00:00,8.0,0.0,23.5,59.4,162
2021-11-15 08:00:00,8.0,0.1,22.4,59.0,165
2021-11-15 09:00:00,8.0,0.1,22.5,56.9,168
2021-11-15 10:00:00,8.0,0.3,22.1,56.2,173
2021-11-15 11:00:00,7.4,1.1,21.0,54.7,173
2021-11-15 12:00:00,7.0,1.1,21.8,54.0,167
2021-11-15 13:00:00,7.5,1.9,20.2,53.6,164
2021-11-15 14:00:00,7.8,2.6,18.6,49.3,158
2021-11-15 15:00:00,7.8,1.8,17.6,45.4,154
2021-11-15 16:00:00,7.8,1.2,17.1,43.6,152
2021-11-15 17:00:00,8.0,0.8,17.3,42.8,157
2021-11-15 18:00:00,8.2,0.9,18.1,45.0,159
2021-11-15 19:00:00,8.4,1.0,17.5,45.0,161
2021-11-15 20:00:00,8.4,1.2,17.6,43.6,157
2021-11-15 21:00:00,8.5,1.2,18.2,44.3,162
2021-11-15 22:00:00,8.6,2.1,16.7,44.6,161
2021-11-15 23:00:00,8.7,2.4,17.1,41.8,165
2021-11-16 00:00:00,8.9,2.3,17.4,42.5,167
2021-11-16 01:00:00,8.6,2.0,18.9,45.0,162
2021-11-16 02:00:00,8.8,2.2,19.0,46.8,165
2021-11-16 03:00:00,8.9,2.1,18.6,46.4,171
2021-11-16 04:00:00,9.0,2.0,18.4,45.4,174
2021-11-16 05:00:00,9.0,2.0,16.3,43.9,172
2021-11-16 06:00:00,8.9,1.4,15.5,40.0,168
2021-11-16 07:00:00,8.9,0.8,15.5,38.2,167
2021-11-16 08:00:00,8.9,0.4,16.7,40.7,166
2021-11-16 09:00:00,8.8,0.5,16.5,40.7,164
2021-11-16 10:00:00,9.1,0.1,17.9,43.6,165
2021-11-16 11:00:00,9.2,0.1,19.3,46.8,166
2021-11-16 12:00:00,9.2,0.1,21.6,52.2,169
2021-11-16 13:00:00,8.7,0.4,20.0,52.2,162
2021-11-16 14:00:00,8.6,1.1,19.9,50.8,160
2021-11-16 15:00:00,8.5,0.9,20.7,52.6,160
2021-11-16 16:00:00,8.5,1.3,22.1,54.4,164
2021-11-16 17:00:00,8.6,1.4,23.9,59.0,168
2021-11-16 18:00:00,8.7,0.3,26.3,63.4,171
2021-11-16 19:00:00,8.4,0.6,28.0,67.7,173
2021-11-16 20:00:00,8.5,1.6,28.9,69.5,176
2021-11-16 21:00:00,8.5,1.7,27.1,70.6,175
2021-11-16 22:00:00,8.4,1.6,26.8,68.4,174
2021-11-16 23:00:00,8.2,2.3,26.4,66.6,175
2021-11-17 00:00:00,8.2,4.7,24.3,64.4,172
2021-11-17 01:00:00,8.4,6.2,21.1,59.0,189
2021-11-17 02:00:00,8.3,5.0,14.5,50.8,235
2021-11-17 03:00:00,7.5,0.9,6.7,33.1,234
2021-11-17 04:00:00,6.6,1.9,11.4,25.9,259
2021-11-17 05:00:00,6.9,0.1,2.9,26.3,187
2021-11-17 06:00:00,5.9,1.9,5.9,20.2,194
2021-11-17 07:00:00,5.8,0.4,5.2,16.6,164
2021-11-17 08:00:00,5.4,1.4,6.6,18.0,167
2021-11-17 09:00:00,5.1,0.2,7.4,19.8,157
2021-11-17 10:00:00,5.5,0.5,7.0,19.1,159
2021-11-17 11:00:00,5.7,2.0,9.1,23.8,189
2021-11-17 12:00:00,6.2,0.1,7.2,23.4,177
2021-11-17 13:00:00,6.3,2.4,10.3,30.2,234
2021-11-17 14:00:00,5.5,2.4,9.4,29.5,176
2021-11-17 15:00:00,4.8,1.2,8.4,25.9,230
2021-11-17 16:00:00,4.2,2.0,9.4,24.8,178
2021-11-17 17:00:00,3.7,1.6,10.4,25.2,166
2021-11-17 18:00:00,4.0,0.6,8.3,22.7,236
2021-11-17 19:00:00,4.5,0.4,6.6,19.8,221
2021-11-17 20:00:00,5.0,0.3,5.9,18.0,259
2021-11-17 21:00:00,4.7,0.1,6.5,19.4,270
2021-11-17 22:00:00,4.4,0.4,3.6,17.3,225
2021-11-17 23:00:00,4.7,0.1,3.1,14.0,201
2021-11-18 00:00:00,5.2,0.1,2.6,18.4,164
2021-11-18 01:00:00,2.5,0.0,7.2,14.0,143
2021-11-18 02:00:00,3.9,0.0,11.3,23.0,153
2021-11-18 03:00:00,4.1,0.1,12.8,28.1,148
2021-11-18 04:00:00,4.1,0.2,12.5,28.1,131
2021-11-18 05:00:00,4.3,0.6,14.3,32.4,135
2021-11-18 06:00:00,4.4,0.9,14.3,32.0,133
2021-11-18 07:00:00,4.8,0.9,14.1,34.9,142
2021-11-18 08:00:00,5.3,1.0,16.1,38.5,146
2021-11-18 09:00:00,5.5,1.6,20.1,49.0,156
2021-11-18 10:00:00,5.6,0.7,19.5,48.6,161
2021-11-18 11:00:00,6.0,0.6,23.3,56.9,172
2021-11-18 12:00:00,6.9,1.1,19.7,55.4,156
2021-11-18 13:00:00,9.4,1.3,15.8,42.1,249
2021-11-18 14:00:00,10.3,0.2,18.4,47.2,266
2021-11-18 15:00:00,10.0,0.2,15.0,43.9,259
2021-11-18 16:00:00,9.8,0.4,17.2,39.6,260
2021-11-18 17:00:00,9.5,0.6,15.5,40.0,257
2021-11-18 18:00:00,9.3,0.4,15.4,36.0,249
2021-11-18 19:00:00,9.3,0.3,15.1,36.0,242
2021-11-18 20:00:00,9.1,0.2,14.3,34.2,229
2021-11-18 21:00:00,8.8,0.6,16.3,35.3,223
2021-11-18 22:00:00,8.6,1.2,10.9,36.0,189
2021-11-18 23:00:00,8.5,1.1,14.6,33.1,170
2021-11-19 00:00:00,8.6,2.9,16.0,40.0,172
2021-11-19 01:00:00,8.5,4.7,17.4,44.3,173
2021-11-19 02:00:00,9.1,2.8,11.4,43.2,208
2021-11-19 03:00:00,10.7,3.9,20.3,49.3,247
2021-11-19 04:00:00,10.7,2.3,20.7,51.1,253
2021-11-19 05:00:00,11.1,3.2,24.0,58.7,257
2021-11-19 06:00:00,11.1,0.2,20.9,59.4,251
2021-11-19 07:00:00,10.6,0.8,18.8,57.6,253
2021-11-19 08:00:00,10.4,0.8,17.5,50.4,262
2021-11-19 09:00:00,9.3,1.1,15.1,45.7,258
2021-11-19 10:00:00,8.8,0.6,16.8,40.7,260
2021-11-19 11:00:00,8.6,0.1,16.1,38.9,246
2021-11-19 12:00:00,8.4,0.2,18.8,45.4,244
2021-11-19 13:00:00,9.3,0.3,22.5,49.3,258
2021-11-19 14:00:00,9.2,1.0,25.6,60.8,271
2021-11-19 15:00:00,8.7,0.8,26.1,64.1,281
2021-11-19 16:00:00,7.8,1.1,26.7,63.4,299
2021-11-19 17:00:00,7.1,0.3,20.1,59.8,303
2021-11-19 18:00:00,7.1,0.2,17.1,46.4,309
2021-11-19 19:00:00,6.8,0.1,13.5,39.2,314
2021-11-19 20:00:00,6.6,0.2,12.5,32.0,311
2021-11-19 21:00:00,6.4,0.1,10.5,28.8,311
2021-11-19 22:00:00,6.4,0.2,7.2,24.5,297
2021-11-19 23:00:00,6.3,0.0,4.0,18.0,265
2021-11-20 00:00:00,6.1,0.1,5.0,12.2,210
2021-11-20 01:00:00,6.8,0.5,6.5,14.4,183
2021-11-20 02:00:00,6.4,0.3,8.6,19.4,178
2021-11-20 03:00:00,6.0,0.6,10.8,26.6,165
2021-11-20 04:00:00,6.2,1.3,12.7,30.6,165
2021-11-20 05:00:00,6.5,1.1,11.6,31.0,206
2021-11-20 06:00:00,6.7,0.5,15.1,35.6,232
2021-11-20 07:00:00,6.8,1.5,14.7,36.7,245
2021-11-20 08:00:00,7.0,0.9,12.7,35.3,255
2021-11-20 09:00:00,6.9,0.3,8.3,29.5,275
2021-11-20 10:00:00,6.8,0.3,8.7,20.9,287
2021-11-20 11:00:00,6.7,0.6,9.4,26.3,302
2021-11-20 12:00:00,6.8,0.1,4.4,20.9,305
2021-11-20 13:00:00,7.0,0.0,4.2,16.6,211
2021-11-20 14:00:00,6.8,0.5,3.4,9.4,198
2021-11-20 15:00:00,6.5,0.1,5.4,10.8,180
2021-11-20 16:00:00,5.9,0.5,4.7,13.3,180
2021-11-20 17:00:00,5.6,0.9,3.9,11.2,202
2021-11-20 18:00:00,5.4,1.6,3.1,9.7,234
2021-11-20 19:00:00,5.1,1.2,3.2,6.8,27
2021-11-20 20:00:00,4.7,0.9,6.3,14.4,31
2021-11-20 21:00:00,4.5,0.4,10.1,23.4,4
2021-11-20 22:00:00,4.2,0.3,11.6,27.7,355
2021-11-20 23:00:00,3.6,0.1,11.0,27.7,349
2021-11-21 00:00:00,3.2,0.0,11.4,27.7,349
2021-11-21 01:00:00,3.2,0.0,10.5,31.0,6
2021-11-21 02:00:00,2.9,0.0,10.9,26.6,354
2021-11-21 03:00:00,2.5,0.0,11.7,28.8,349
2021-11-21 04:00:00,2.1,0.0,12.1,29.5,350
2021-11-21 05:00:00,1.6,0.0,12.7,31.3,353
2021-11-21 06:00:00,1.3,0.0,12.7,31.7,352
2021-11-21 07:00:00,0.9,0.0,12.3,31.7,355
2021-11-21 08:00:00,0.5,0.0,12.2,31.0,358
2021-11-21 09:00:00,0.2,0.0,10.8,30.6,356
2021-11-21 10:00:00,0.6,0.0,10.4,27.7,358
2021-11-21 11:00:00,1.5,0.0,9.7,26.3,2
2021-11-21 12:00:00,2.3,0.0,8.0,24.8,10
2021-11-21 13:00:00,3.4,0.0,6.0,21.6,17
2021-11-21 14:00:00,3.4,0.0,7.3,19.4,9
2021-11-21 15:00:00,2.5,0.0,8.0,21.6,10
2021-11-21 16:00:00,1.8,0.0,6.6,21.2,9
2021-11-21 17:00:00,2.0,0.0,6.8,19.4,3
2021-11-21 18:00:00,2.3,0.0,8.5,21.2,348
2021-11-21 19:00:00,2.3,0.0,10.6,27.0,350
2021-11-21 20:00:00,2.0,0.0,9.8,27.0,352
2021-11-21 21:00:00,1.7,0.0,8.0,25.9,352
2021-11-21 22:00:00,1.1,0.0,4.7,21.6,9
2021-11-21 23:00:00,0.1,0.0,5.1,15.1,45
2021-11-22 00:00:00,2.7,0.0,2.6,13.0,74
2021-11-22 01:00:00,2.3,0.0,3.0,9.4,166
2021-11-22 02:00:00,1.5,0.0,8.0,14.0,162
2021-11-22 03:00:00,1.3,0.2,10.2,19.8,162
2021-11-22 04:00:00,1.7,0.1,9.7,20.5,153
2021-11-22 05:00:00,1.9,0.3,11.8,22.3,142
2021-11-22 06:00:00,1.8,0.2,12.5,24.8,147
2021-11-22 07:00:00,2.7,0.9,8.8,25.2,145
2021-11-22 08:00:00,3.1,1.7,9.7,20.2,135
2021-11-22 09:00:00,3.6,1.4,13.0,26.6,138
2021-11-22 10:00:00,4.3,2.8,13.3,32.4,161
2021-11-22 11:00:00,4.6,1.8,6.8,28.1,162
2021-11-22 12:00:00,4.9,1.9,4.2,15.8,211
2021-11-22 13:00:00,4.8,0.9,10.3,45.7,295
2021-11-22 14:00:00,7.2,0.6,14.0,34.6,316
2021-11-22 15:00:00,7.0,0.2,12.3,34.2,322
2021-11-22 16:00:00,6.7,0.1,9.2,30.6,329
2021-11-22 17:00:00,6.9,0.0,9.7,25.2,338
2021-11-22 18:00:00,6.9,0.0,11.4,29.5,336
2021-11-22 19:00:00,6.7,0.0,14.4,33.1,338
2021-11-22 20:00:00,6.2,0.2,12.1,34.2,333
2021-11-22 21:00:00,5.8,0.0,8.5,29.2,324
2021-11-22 22:00:00,5.9,0.1,7.7,22.7,323
2021-11-22 23:00:00,5.9,0.1,5.1,19.8,315
2021-11-23 00:00:00,5.9,0.2,4.7,14.8,302
2021-11-23 01:00:00,5.7,0.2,7.2,14.8,264
2021-11-23 02:00:00,6.9,0.1,6.5,16.6,267
2021-11-23 03:00:00,7.0,0.0,6.6,16.2,248
2021-11-23 04:00:00,4.6,0.1,6.0,15.8,237
2021-11-23 05:00:00,6.5,0.1,7.4,18.0,223
2021-11-23 06:00:00,4.0,0.1,6.2,16.9,201
2021-11-23 07:00:00,4.9,0.1,5.1,14.4,184
2021-11-23 08:00:00,5.6,0.8,6.1,16.9,220
2021-11-23 09:00:00,6.2,0.3,6.5,18.0,264
2021-11-23 10:00:00,6.8,0.4,8.6,23.0,285
2021-11-23 11:00:00,6.9,0.3,5.4,22.0,270
2021-11-23 12:00:00,7.4,0.2,11.3,26.6,292
2021-11-23 13:00:00,7.6,0.1,8.4,26.6,250
2021-11-23 14:00:00,7.9,0.8,12.6,29.2,283
2021-11-23 15:00:00,7.9,0.5,12.6,32.8,273
2021-11-23 16:00:00,8.2,0.1,11.3,30.6,261
2021-11-23 17:00:00,7.8,0.3,11.9,29.2,272
2021-11-23 18:00:00,7.9,0.5,14.9,32.4,263
2021-11-23 19:00:00,8.2,0.3,14.6,34.9,260
2021-11-23 20:00:00,8.0,0.5,14.0,33.8,258
2021-11-23 21:00:00,7.9,0.3,13.1,31.7,261
2021-11-23 22:00:00,7.9,0.3,12.8,30.6,260
2021-11-23 23:00:00,7.6,0.4,10.8,29.2,255
2021-11-24 00:00:00,7.9,0.2,9.7,27.0,243
2021-11-24 01:00:00,7.9,0.2,11.3,23.0,233
2021-11-24 02:00:00,8.0,0.3,10.4,27.0,224
2021-11-24 03:00:00,8.2,0.5,15.5,36.7,239
2021-11-24 04:00:00,8.3,0.4,16.7,40.0,245
2021-11-24 05:00:00,8.1,0.6,14.8,39.2,231
2021-11-24 06:00:00,7.8,0.7,14.3,37.1,208
2021-11-24 07:00:00,7.8,0.7,15.9,39.6,218
2021-11-24 08:00:00,8.0,0.6,17.1,42.5,219
2021-11-24 09:00:00,7.7,1.0,16.5,42.8,216
2021-11-24 10:00:00,7.6,1.1,18.7,44.3,214
2021-11-24 11:00:00,7.5,0.6,16.9,44.6,230
2021-11-24 12:00:00,7.2,1.9,12.4,41.0,240
2021-11-24 13:00:00,6.9,0.8,15.0,38.2,253
2021-11-24 14:00:00,6.1,0.5,11.4,38.5,257
2021-11-24 15:00:00,6.4,0.3,11.2,29.9,230
2021-11-24 16:00:00,5.4,0.4,10.4,30.2,224
2021-11-24 17:00:00,4.6,1.7,8.8,27.4,192
2021-11-24 18:00:00,4.5,0.5,14.6,34.6,218
2021-11-24 19:00:00,4.2,0.8,15.0,34.2,226
2021-11-24 20:00:00,4.2,0.4,12.7,36.4,223
2021-11-24 21:00:00,3.6,0.3,9.3,29.5,152
2021-11-24 22:00:00,2.9,1.1,9.0,27.7,175
2021-11-24 23:00:00,3.3,0.3,10.2,23.4,135
2021-11-25 00:00:00,3.0,0.4,9.9,25.6,136
2021-11-25 01:00:00,2.2,0.8,7.9,28.1,141
2021-11-25 02:00:00,2.6,1.2,4.7,17.3,99
2021-11-25 03:00:00,2.5,1.4,3.0,11.5,14
2021-11-25 04:00:00,2.2,0.7,6.3,15.5,13
2021-11-25 05:00:00,2.2,0.2,9.1,22.0,353
2021-11-25 06:00:00,1.9,0.0,9.8,24.8,343
2021-11-25 07:00:00,1.4,0.0,12.6,30.2,347
2021-11-25 08:00:00,1.3,0.0,14.0,36.0,1
2021-11-25 09:00:00,0.6,0.0,12.1,35.3,350
2021-11-25 10:00:00,0.7,0.0,12.7,32.8,352
2021-11-25 11:00:00,1.3,0.0,12.5,32.4,348
2021-11-25 12:00:00,1.9,0.0,14.4,35.3,347
2021-11-25 13:00:00,2.2,0.0,15.0,36.4,343
2021-11-25 14:00:00,2.3,0.0,13.4,35.6,340
2021-11-25 15:00:00,1.8,0.0,13.2,32.4,338
2021-11-25 16:00:00,1.3,0.0,11.9,31.3,335
2021-11-25 17:00:00,0.8,0.0,10.6,28.8,342
2021-11-25 18:00:00,0.9,0.0,8.2,25.6,337
2021-11-25 19:00:00,1.3,0.0,6.0,19.1,343
2021-11-25 20:00:00,0.4,0.0,4.3,14.0,318
2021-11-25 21:00:00,0.2,0.0,2.7,8.3,157
2021-11-25 22:00:00,0.2,0.1,7.2,13.3,162
2021-11-25 23:00:00,-0.2,0.0,9.5,18.7,155
2021-11-26 00:00:00,-0.9,0.0,10.5,22.3,139
2021-11-26 01:00:00,-0.9,0.0,9.4,25.6,130
2021-11-26 02:00:00,-0.0,0.0,12.0,27.7,131
2021-11-26 03:00:00,0.1,0.0,13.0,30.2,136
2021-11-26 04:00:00,-0.1,0.0,12.3,30.6,130
2021-11-26 05:00:00,-0.2,0.0,10.6,28.8,114
2021-11-26 06:00:00,-0.3,0.0,9.5,25.2,101
2021-11-26 07:00:00,0.0,0.0,10.8,24.5,94
2021-11-26 08:00:00,0.0,0.0,9.8,25.2,84
2021-11-26 09:00:00,-0.0,0.0,10.5,23.8,68
2021-11-26 10:00:00,0.1,0.0,11.0,24.1,58
2021-11-26 11:00:00,0.8,0.0,9.7,24.1,51
2021-11-26 12:00:00,1.1,0.0,10.4,23.0,46
2021-11-26 13:00:00,2.1,0.0,10.0,24.8,52
2021-11-26 14:00:00,2.5,0.0,11.2,25.9,42
2021-11-26 15:00:00,1.9,0.0,10.8,25.6,53
2021-11-26 16:00:00,1.2,0.0,11.2,25.2,42
2021-11-26 17:00:00,0.2,0.0,11.7,25.2,43
2021-11-26 18:00:00,0.0,0.0,11.5,26.6,39
2021-11-26 19:00:00,-0.3,0.0,10.2,25.2,32
2021-11-26 20:00:00,-0.4,0.0,11.3,24.8,27
2021-11-26 21:00:00,-0.4,0.0,9.5,24.8,29
2021-11-26 22:00:00,-0.6,0.0,9.9,20.5,19
2021-11-26 23:00:00,-0.7,0.0,9.8,20.9,17
2021-11-27 00:00:00,-0.7,0.0,9.1,20.9,9
2021-11-27 01:00:00,-0.4,0.0,8.0,20.2,18
2021-11-27 02:00:00,-0.1,0.0,6.0,16.6,33
2021-11-27 03:00:00,-0.2,0.0,4.1,13.0,15
2021-11-27 04:00:00,-0.3,0.0,4.7,10.8,9
2021-11-27 05:00:00,-0.2,0.0,6.2,14.0,7
2021-11-27 06:00:00,-0.0,0.0,5.0,14.0,360
2021-11-27 07:00:00,-0.1,0.0,4.0,11.5,10
2021-11-27 08:00:00,-0.3,0.0,3.3,9.4,6
2021-11-27 09:00:00,-0.2,0.0,4.2,10.8,20
2021-11-27 10:00:00,0.1,0.0,4.5,10.1,14
2021-11-27 11:00:00,0.6,0.0,3.7,10.8,11
2021-11-27 12:00:00,1.0,0.0,3.2,9.0,360
2021-11-27 13:00:00,0.6,0.0,0.7,8.6,360
2021-11-27 14:00:00,0.6,0.0,2.4,5.4,333
2021-11-27 15:00:00,-0.1,0.0,3.6,7.9,360
2021-11-27 16:00:00,-0.5,0.0,5.2,11.5,16
2021-11-27 17:00:00,-0.9,0.0,5.2,11.5,16
2021-11-27 18:00:00,-1.1,0.0,5.6,13.0,15
2021-11-27 19:00:00,-1.2,0.0,5.8,13.7,22
2021-11-27 20:00:00,-1.3,0.0,5.2,13.3,25
2021-11-27 21:00:00,-1.5,0.0,4.4,12.6,35
2021-11-27 22:00:00,-1.8,0.0,3.8,11.2,49
2021-11-27 23:00:00,-1.8,0.0,3.7,10.1,61
2021-11-28 00:00:00,-2.2,0.0,3.6,9.7,53
2021-11-28 01:00:00,-3.9,0.0,7.4,9.0,61
2021-11-28 02:00:00,-2.6,0.0,4.2,12.6,70
2021-11-28 03:00:00,-2.9,0.0,4.5,10.1,61
2021-11-28 04:00:00,-3.2,0.0,3.8,9.7,49
2021-11-28 05:00:00,-3.4,0.0,5.5,11.2,58
2021-11-28 06:00:00,-3.4,0.0,6.8,14.0,65
2021-11-28 07:00:00,-3.0,0.0,6.9,14.4,62
2021-11-28 08:00:00,-3.2,0.0,7.4,15.5,61
2021-11-28 09:00:00,-3.2,0.0,6.9,15.5,62
2021-11-28 10:00:00,-3.0,0.0,6.9,14.4,62
2021-11-28 11:00:00,-2.1,0.0,6.6,14.8,61
2021-11-28 12:00:00,-0.9,0.0,6.0,14.4,57
2021-11-28 13:00:00,-0.3,0.0,4.5,13.7,61
2021-11-28 14:00:00,-0.4,0.0,4.5,10.8,61
2021-11-28 15:00:00,-1.1,0.0,5.4,11.2,53
2021-11-28 16:00:00,-1.8,0.0,5.4,11.2,53
2021-11-28 17:00:00,-2.3,0.0,6.0,11.9,57
2021-11-28 18:00:00,-2.8,0.0,6.5,13.0,56
2021-11-28 19:00:00,-3.2,0.0,6.7,13.7,54
2021-11-28 20:00:00,-3.5,0.0,6.1,13.7,62
2021-11-28 21:00:00,-3.7,0.0,6.6,14.0,68
2021-11-28 22:00:00,-3.9,0.0,5.1,13.7,82
2021-11-28 23:00:00,-4.2,0.0,2.5,10.8,90
2021-11-29 00:00:00,-4.5,0.0,2.2,6.1,99
2021-11-29 01:00:00,-5.2,0.0,4.7,6.1,113
2021-11-29 02:00:00,-3.4,0.0,3.5,7.9,114
2021-11-29 03:00:00,-3.4,0.0,4.8,8.6,117
2021-11-29 04:00:00,-3.5,0.0,4.0,9.0,117
2021-11-29 05:00:00,-3.5,0.0,3.5,7.9,114
2021-11-29 06:00:00,-3.6,0.0,4.1,8.3,128
2021-11-29 07:00:00,-3.5,0.0,4.3,8.6,138
2021-11-29 08:00:00,-3.5,0.0,7.3,14.0,147
2021-11-29 09:00:00,-3.4,0.0,10.0,20.2,150
2021-11-29 10:00:00,-2.8,0.0,11.1,24.5,151
2021-11-29 11:00:00,-1.6,0.0,12.1,27.7,157
2021-11-29 12:00:00,-0.9,0.0,13.6,28.8,148
2021-11-29 13:00:00,-1.1,0.0,12.1,34.2,143
2021-11-29 14:00:00,-0.7,0.0,16.8,40.7,145
2021-11-29 15:00:00,-0.6,0.0,18.2,43.9,146
2021-11-29 16:00:00,-0.2,0.1,19.8,49.3,147
2021-11-29 17:00:00,-0.3,0.2,19.4,50.4,145
2021-11-29 18:00:00,0.0,0.5,22.0,53.6,145
2021-11-29 19:00:00,0.1,1.1,22.6,56.2,146
2021-11-29 20:00:00,0.2,1.3,24.8,61.2,144
2021-11-29 21:00:00,0.5,1.7,25.8,66.2,144
2021-11-29 22:00:00,0.9,1.9,27.2,70.2,152
2021-11-29 23:00:00,1.3,2.3,21.9,68.0,171
2021-11-30 00:00:00,1.3,1.3,21.1,55.8,153
2021-11-30 01:00:00,1.9,0.0,18.7,52.2,140
2021-11-30 02:00:00,0.8,0.3,8.5,42.8,62
2021-11-30 03:00:00,1.1,0.8,18.0,49.0,3
2021-11-30 04:00:00,1.1,0.0,17.1,44.3,342
2021-11-30 05:00:00,0.1,0.0,12.7,44.3,352
2021-11-30 06:00:00,0.7,0.0,12.6,34.2,347
2021-11-30 07:00:00,1.3,0.0,15.8,39.6,336
2021-11-30 08:00:00,1.1,0.0,15.8,41.4,333
2021-11-30 09:00:00,1.6,0.0,15.0,39.6,330
2021-11-30 10:00:00,1.4,0.0,11.3,37.1,333
2021-11-30 11:00:00,0.8,0.0,11.0,29.9,349
2021-11-30 12:00:00,0.4,0.0,8.3,28.1,360
2021-11-30 13:00:00,0.5,0.0,6.6,22.7,9
2021-11-30 14:00:00,-0.6,0.0,4.9,18.4,17
2021-11-30 15:00:00,-2.3,0.0,4.9,15.5,54
2021-11-30 16:00:00,-3.5,0.0,5.2,13.3,74
2021-11-30 17:00:00,-6.0,0.0,7.0,13.7,78
2021-11-30 18:00:00,-7.2,0.0,6.8,13.7,87
2021-11-30 19:00:00,-7.5,0.0,5.1,12.2,86
2021-11-30 20:00:00,-7.6,0.0,4.7,10.8,90
2021-11-30 21:00:00,-8.5,0.0,5.1,10.4,82
2021-11-30 22:00:00,-8.3,0.0,2.6,9.7,74
2021-11-30 23:00:00,-8.4,0.0,4.4,10.1,81
2021-12-01 00:00:00,-10.0,0.0,5.5,10.1,79
2021-12-01 01:00:00,-8.0,0.0,6.6,10.1,77
2021-12-01 02:00:00,-6.7,0.0,4.6,12.2,72
2021-12-01 03:00:00,-5.8,0.0,6.0,13.0,65
2021-12-01 04:00:00,-6.1,0.0,6.1,13.3,62
2021-12-01 05:00:00,-5.3,0.0,7.2,15.5,63
2021-12-01 06:00:00,-5.6,0.0,8.4,18.0,50
2021-12-01 07:00:00,-6.2,0.0,8.2,18.4,52
2021-12-01 08:00:00,-7.6,0.0,5.6,18.0,50
2021-12-01 09:00:00,-7.2,0.0,5.6,13.7,63
2021-12-01 10:00:00,-6.7,0.0,7.0,16.6,55
2021-12-01 11:00:00,-5.8,0.0,6.9,17.3,47
2021-12-01 12:00:00,-6.1,0.0,5.2,16.6,34
2021-12-01 13:00:00,-3.1,0.0,2.6,14.0,16
2021-12-01 14:00:00,-2.3,0.0,3.8,9.0,17
2021-12-01 15:00:00,-5.4,0.0,5.9,13.0,43
2021-12-01 16:00:00,-7.1,0.0,7.5,15.5,35
2021-12-01 17:00:00,-5.2,0.0,5.6,16.9,40
2021-12-01 18:00:00,-6.3,0.0,6.8,16.2,32
2021-12-01 19:00:00,-6.2,0.0,6.1,16.9,40
2021-12-01 20:00:00,-7.5,0.0,7.2,18.0,37
2021-12-01 21:00:00,-7.2,0.0,6.6,19.1,29
2021-12-01 22:00:00,-6.1,0.0,7.9,21.6,24
2021-12-01 23:00:00,-5.8,0.0,8.1,22.7,21
2021-12-02 00:00:00,-5.7,0.0,7.3,23.0,20
2021-12-02 01:00:00,-7.0,0.0,7.6,25.9,19
2021-12-02 02:00:00,-5.6,0.0,6.3,20.5,24
2021-12-02 03:00:00,-5.8,0.0,7.2,19.8,27
2021-12-02 04:00:00,-6.4,0.0,6.1,21.2,28
2021-12-02 05:00:00,-6.0,0.0,7.1,22.7,15
2021-12-02 06:00:00,-5.7,0.0,6.8,24.8,3
2021-12-02 07:00:00,-6.8,0.0,6.8,23.0,360
2021-12-02 08:00:00,-7.2,0.0,8.6,23.8,22
2021-12-02 09:00:00,-5.8,0.0,8.1,23.0,339
2021-12-02 10:00:00,-5.3,0.0,8.0,22.0,333
2021-12-02 11:00:00,-3.2,0.0,7.3,22.0,349
2021-12-02 12:00:00,-3.6,0.0,6.7,21.2,344
2021-12-02 13:00:00,-1.0,0.0,6.8,19.4,335
2021-12-02 14:00:00,-3.5,0.0,7.8,20.2,338
2021-12-02 15:00:00,-2.6,0.0,7.1,20.9,15
2021-12-02 16:00:00,0.3,0.0,5.1,18.7,352
2021-12-02 17:00:00,0.2,0.0,4.9,16.6,54
2021-12-02 18:00:00,-0.7,0.0,4.6,15.5,72
2021-12-02 19:00:00,-0.9,0.0,3.6,14.4,84
2021-12-02 20:00:00,-0.9,0.0,4.2,13.3,70
2021-12-02 21:00:00,-7.2,0.0,6.8,15.1,72
2021-12-02 22:00:00,-6.7,0.0,6.6,15.5,81
2021-12-02 23:00:00,-6.5,0.0,5.1,14.0,86
2021-12-03 00:00:00,-6.7,0.0,5.1,11.9,86
2021-12-03 01:00:00,-5.8,0.0,5.8,11.5,120
2021-12-03 02:00:00,-6.5,0.0,8.2,13.3,128
2021-12-03 03:00:00,-6.7,0.0,9.2,14.4,132
2021-12-03 04:00:00,-6.1,0.0,7.9,14.8,133
2021-12-03 05:00:00,-4.5,0.0,6.9,15.5,137
2021-12-03 06:00:00,-3.4,0.0,7.7,17.6,139
2021-12-03 07:00:00,-2.8,0.0,8.0,19.1,126
2021-12-03 08:00:00,-2.4,0.0,8.3,19.8,124
2021-12-03 09:00:00,-2.0,0.0,8.9,22.0,122
2021-12-03 10:00:00,-1.8,0.0,8.7,22.7,128
2021-12-03 11:00:00,-1.1,0.1,9.5,24.1,127
2021-12-03 12:00:00,-0.7,0.1,9.7,25.2,129
2021-12-03 13:00:00,0.4,0.1,9.7,26.6,121
2021-12-03 14:00:00,0.2,0.0,8.4,23.4,115
2021-12-03 15:00:00,0.2,0.1,8.0,22.0,117
2021-12-03 16:00:00,-0.2,0.2,8.0,20.9,100
2021-12-03 17:00:00,-0.4,0.2,7.6,19.8,95
2021-12-03 18:00:00,-0.4,0.1,7.4,19.1,104
2021-12-03 19:00:00,-0.5,0.1,6.8,18.7,108
2021-12-03 20:00:00,-0.8,0.2,7.2,19.1,117
2021-12-03 21:00:00,-1.1,0.3,8.8,23.0,125
2021-12-03 22:00:00,-1.3,0.4,10.4,27.0,124
2021-12-03 23:00:00,-1.3,0.5,11.0,28.8,128
2021-12-04 00:00:00,-1.0,0.3,13.0,33.5,138
2021-12-04 01:00:00,0.5,0.0,16.2,36.7,148
2021-12-04 02:00:00,0.6,0.0,16.4,41.0,140
2021-12-04 03:00:00,0.8,0.0,15.9,41.4,142
2021-12-04 04:00:00,0.6,0.1,15.6,41.4,140
2021-12-04 05:00:00,0.7,0.0,14.5,39.2,134
2021-12-04 06:00:00,0.6,0.0,14.0,37.4,136
2021-12-04 07:00:00,0.6,0.0,13.2,36.4,125
2021-12-04 08:00:00,0.3,0.0,12.2,33.8,114
2021-12-04 09:00:00,0.1,0.0,11.1,31.0,115
2021-12-04 10:00:00,-0.3,0.0,10.7,29.2,123
2021-12-04 11:00:00,-0.7,1.0,12.0,30.6,111
2021-12-04 12:00:00,-0.7,0.6,11.3,31.0,107
2021-12-04 13:00:00,0.8,0.5,12.4,29.9,98
2021-12-04 14:00:00,0.4,0.2,12.0,30.2,97
2021-12-04 15:00:00,0.2,0.2,12.6,31.7,95
2021-12-04 16:00:00,-0.4,0.5,11.6,31.3,85
2021-12-04 17:00:00,-0.9,0.2,10.8,28.4,88
2021-12-04 18:00:00,-1.3,0.6,8.8,25.9,81
2021-12-04 19:00:00,-1.8,1.1,11.6,25.9,68
2021-12-04 20:00:00,-1.7,0.7,12.1,27.7,73
2021-12-04 21:00:00,-1.6,0.3,11.2,27.4,69
2021-12-04 22:00:00,-1.6,0.1,9.3,25.6,74
2021-12-04 23:00:00,-1.8,0.1,7.6,20.5,85
2021-12-05 00:00:00,-2.3,0.1,5.8,16.6,94
2021-12-05 01:00:00,-1.4,0.0,5.2,11.9,106
2021-12-05 02:00:00,-1.4,0.0,4.5,13.0,76
2021-12-05 03:00:00,-4.5,0.0,6.2,10.4,54
2021-12-05 04:00:00,-3.3,0.0,9.8,18.0,73
2021-12-05 05:00:00,-3.9,0.0,11.7,23.0,79
2021-12-05 06:00:00,-3.6,0.0,10.0,23.8,77
2021-12-05 07:00:00,-3.1,0.0,8.2,21.2,75
2021-12-05 08:00:00,-3.6,0.0,6.2,17.3,83
2021-12-05 09:00:00,-4.6,0.0,6.2,12.6,69
2021-12-05 10:00:00,-4.6,0.0,7.0,14.0,69
2021-12-05 11:00:00,-4.2,0.0,5.4,14.0,70
2021-12-05 12:00:00,-3.4,0.0,4.6,12.2,72
2021-12-05 13:00:00,-1.7,0.0,5.8,10.8,94
2021-12-05 14:00:00,-1.5,0.1,4.7,11.5,94
2021-12-05 15:00:00,-1.2,0.1,6.1,14.0,93
2021-12-05 16:00:00,-1.6,0.0,6.2,14.8,111
2021-12-05 17:00:00,-2.1,0.0,6.9,16.2,129
2021-12-05 18:00:00,-2.7,0.0,6.4,16.6,142
2021-12-05 19:00:00,-2.9,0.0,7.3,18.4,160
2021-12-05 20:00:00,-2.7,0.0,9.8,23.0,152
2021-12-05 21:00:00,-2.4,0.0,10.0,24.1,128
2021-12-05 22:00:00,-2.2,0.1,10.4,24.5,134
2021-12-05 23:00:00,-2.1,0.1,11.2,28.1,132
2021-12-06 00:00:00,-2.1,0.2,11.8,28.8,140
2021-12-06 01:00:00,-1.9,0.1,12.5,28.8,141
2021-12-06 02:00:00,-1.5,0.0,12.4,31.7,144
2021-12-06 03:00:00,-1.5,0.0,13.7,34.9,153
2021-12-06 04:00:00,-1.9,0.0,13.2,35.3,137
2021-12-06 05:00:00,-2.0,0.0,14.3,36.0,133
2021-12-06 06:00:00,-1.9,0.0,15.3,38.5,137
2021-12-06 07:00:00,-1.6,0.0,15.0,38.9,132
2021-12-06 08:00:00,-2.2,0.0,15.0,38.9,136
2021-12-06 09:00:00,-3.2,0.0,14.1,38.5,130
2021-12-06 10:00:00,-3.6,0.0,13.5,37.1,132
2021-12-06 11:00:00,-3.1,0.0,15.5,41.0,134
2021-12-06 12:00:00,-2.0,0.0,19.1,50.0,136
2021-12-06 13:00:00,-0.7,0.0,21.1,51.1,137
2021-12-06 14:00:00,-0.9,0.0,21.1,54.0,136
2021-12-06 15:00:00,-1.1,0.0,18.7,52.9,128
2021-12-06 16:00:00,-1.4,0.0,15.2,47.2,121
2021-12-06 17:00:00,-2.0,0.0,14.0,39.2,116
2021-12-06 18:00:00,-2.5,0.0,13.1,37.1,111
2021-12-06 19:00:00,-2.8,0.0,13.0,34.6,109
2021-12-06 20:00:00,-2.9,0.0,12.9,34.2,103
2021-12-06 21:00:00,-2.7,0.0,11.7,33.1,108
2021-12-06 22:00:00,-3.2,0.0,10.8,31.3,116
2021-12-06 23:00:00,-3.3,0.0,11.2,29.9,111
2021-12-07 00:00:00,-3.0,0.0,10.6,30.2,114
2021-12-07 01:00:00,-1.2,0.0,15.6,30.6,109
2021-12-07 02:00:00,-0.7,0.0,15.0,40.3,111
2021-12-07 03:00:00,-0.9,0.5,12.9,40.3,108
2021-12-07 04:00:00,-0.3,0.0,10.8,36.4,116
2021-12-07 05:00:00,-0.7,0.0,9.2,32.0,116
2021-12-07 06:00:00,-1.2,0.0,10.7,31.7,110
2021-12-07 07:00:00,-1.3,0.0,8.9,31.7,117
2021-12-07 08:00:00,-1.0,0.1,13.4,36.7,117
2021-12-07 09:00:00,-0.7,0.1,13.2,38.5,119
2021-12-07 10:00:00,-0.7,0.1,13.9,38.2,115
2021-12-07 11:00:00,-0.6,0.2,14.1,38.9,109
2021-12-07 12:00:00,-0.3,0.2,12.6,42.8,114
2021-12-07 13:00:00,1.0,0.1,10.5,34.9,117
2021-12-07 14:00:00,0.2,0.1,8.3,29.2,124
2021-12-07 15:00:00,0.0,0.1,5.7,26.6,108
2021-12-07 16:00:00,0.3,0.0,7.4,22.3,113
2021-12-07 17:00:00,0.2,0.0,9.7,27.7,121
2021-12-07 18:00:00,0.1,0.0,8.9,27.7,117
2021-12-07 19:00:00,-0.3,0.0,7.6,25.6,115
2021-12-07 20:00:00,-0.5,0.0,8.1,23.8,111
2021-12-07 21:00:00,-1.0,0.0,9.2,25.6,116
2021-12-07 22:00:00,-2.1,0.0,10.5,27.4,106
2021-12-07 23:00:00,-2.3,0.0,12.2,31.0,92
2021-12-08 00:00:00,-1.9,0.0,11.3,31.7,99
2021-12-08 01:00:00,-1.7,0.0,11.9,31.3,88
2021-12-08 02:00:00,-0.2,0.0,11.6,31.7,83
2021-12-08 03:00:00,-0.1,0.0,12.0,31.7,83
2021-12-08 04:00:00,-0.1,0.0,9.7,31.7,86
2021-12-08 05:00:00,-0.3,0.0,9.7,27.4,90
2021-12-08 06:00:00,-0.9,0.0,11.7,30.6,79
2021-12-08 07:00:00,-1.2,0.0,12.4,32.8,80
2021-12-08 08:00:00,-1.1,0.0,10.8,32.8,88
2021-12-08 09:00:00,-1.5,0.0,9.4,28.8,92
2021-12-08 10:00:00,-1.9,0.0,11.0,29.5,79
2021-12-08 11:00:00,-1.9,0.0,8.0,28.4,85
2021-12-08 12:00:00,-1.9,0.0,7.9,22.7,74
2021-12-08 13:00:00,0.3,0.1,13.2,25.6,68
2021-12-08 14:00:00,0.1,0.2,15.0,36.7,69
2021-12-08 15:00:00,-0.1,0.1,13.0,37.8,76
2021-12-08 16:00:00,-0.3,0.0,7.7,32.0,79
2021-12-08 17:00:00,-0.6,0.0,5.7,21.6,72
2021-12-08 18:00:00,-0.8,0.0,6.0,18.4,57
2021-12-08 19:00:00,-2.0,0.0,5.9,18.4,52
2021-12-08 20:00:00,-1.6,0.0,6.3,20.2,66
2021-12-08 21:00:00,-2.9,0.0,6.2,21.2,80
2021-12-08 22:00:00,-2.2,0.0,6.6,21.2,77
2021-12-08 23:00:00,-1.0,0.0,10.6,27.0,80
2021-12-09 00:00:00,-0.8,0.0,10.5,28.8,86
2021-12-09 01:00:00,-0.2,0.0,8.4,27.7,97
2021-12-09 02:00:00,0.5,0.0,11.4,29.5,101
2021-12-09 03:00:00,0.3,0.0,12.5,32.8,102
2021-12-09 04:00:00,-0.1,0.0,12.0,32.4,99
2021-12-09 05:00:00,-0.6,0.0,10.6,31.0,100
2021-12-09 06:00:00,-0.6,0.0,9.3,28.8,103
2021-12-09 07:00:00,-1.5,0.0,7.1,26.3,105
2021-12-09 08:00:00,-3.5,0.0,7.1,22.7,114
2021-12-09 09:00:00,-5.1,0.0,8.3,23.0,108
2021-12-09 10:00:00,-4.0,0.0,6.8,22.7,90
2021-12-09 11:00:00,-3.7,0.0,7.1,21.6,105
2021-12-09 12:00:00,-2.6,0.0,6.5,22.0,109
2021-12-09 13:00:00,1.5,0.0,9.7,22.3,112
2021-12-09 14:00:00,1.4,0.0,8.8,26.6,109
2021-12-09 15:00:00,0.7,0.0,8.3,25.6,108
2021-12-09 16:00:00,-0.1,0.0,9.3,25.6,118
2021-12-09 17:00:00,-0.4,0.0,10.9,29.2,117
2021-12-09 18:00:00,-0.9,0.0,10.8,29.9,116
2021-12-09 19:00:00,-1.2,0.0,9.8,29.5,118
2021-12-09 20:00:00,-1.2,0.0,11.4,30.6,114
2021-12-09 21:00:00,-1.0,0.0,12.1,32.0,113
2021-12-09 22:00:00,-0.9,0.0,11.8,32.0,113
2021-12-09 23:00:00,-1.0,0.0,10.0,31.3,120
2021-12-10 00:00:00,-1.2,0.0,8.6,28.1,123
2021-12-10 01:00:00,0.8,0.0,13.9,25.6,115
2021-12-10 02:00:00,0.3,0.0,12.1,34.6,117
2021-12-10 03:00:00,0.1,0.0,9.4,32.0,122
2021-12-10 04:00:00,-0.0,0.0,10.2,28.4,113
2021-12-10 05:00:00,-0.3,0.0,9.1,28.4,108
2021-12-10 06:00:00,-0.8,0.0,7.8,25.9,103
2021-12-10 07:00:00,-1.5,0.0,7.2,23.0,96
2021-12-10 08:00:00,-2.6,0.0,6.2,21.6,97
2021-12-10 09:00:00,-3.7,0.0,6.1,18.7,93
2021-12-10 10:00:00,-3.7,0.0,6.2,18.0,100
2021-12-10 11:00:00,-4.5,0.0,7.3,18.0,99
2021-12-10 12:00:00,-3.3,0.0,6.9,17.6,84
2021-12-10 13:00:00,0.8,0.0,5.8,14.8,90
2021-12-10 14:00:00,-1.3,0.0,6.0,18.7,107
2021-12-10 15:00:00,-1.5,0.0,5.8,14.4,83
2021-12-10 16:00:00,-2.5,0.0,6.3,14.4,77
2021-12-10 17:00:00,-4.2,0.0,6.9,14.4,84
2021-12-10 18:00:00,-6.9,0.0,8.3,14.4,72
2021-12-10 19:00:00,-7.8,0.0,8.0,13.7,72
2021-12-10 20:00:00,-8.2,0.0,8.7,14.0,73
2021-12-10 21:00:00,-8.3,0.0,8.6,14.4,75
2021-12-10 22:00:00,-8.2,0.0,8.4,14.4,70
2021-12-10 23:00:00,-8.6,0.0,8.7,14.8,66
2021-12-11 00:00:00,-8.3,0.0,8.3,15.5,72
2021-12-11 01:00:00,-6.1,0.0,7.1,15.8,75
2021-12-11 02:00:00,-6.7,0.0,6.9,12.6,84
2021-12-11 03:00:00,-8.5,0.0,7.6,12.6,82
2021-12-11 04:00:00,-8.5,0.0,7.2,13.3,93
2021-12-11 05:00:00,-6.6,0.0,5.9,12.2,101
2021-12-11 06:00:00,-8.3,0.0,6.3,10.8,103
2021-12-11 07:00:00,-9.2,0.0,7.7,13.0,101
2021-12-11 08:00:00,-9.1,0.0,8.1,14.4,111
2021-12-11 09:00:00,-8.5,0.0,7.3,14.0,110
2021-12-11 10:00:00,-7.9,0.0,7.6,15.5,109
2021-12-11 11:00:00,-6.3,0.0,8.3,18.7,124
2021-12-11 12:00:00,-2.8,0.0,6.9,18.7,133
2021-12-11 13:00:00,-0.2,0.0,7.9,19.1,141
2021-12-11 14:00:00,0.3,0.0,11.0,27.4,142
2021-12-11 15:00:00,1.1,0.0,12.8,32.0,142
2021-12-11 16:00:00,1.1,0.0,14.4,36.0,143
2021-12-11 17:00:00,2.1,0.0,15.4,39.6,147
2021-12-11 18:00:00,2.4,0.1,17.2,42.8,151
2021-12-11 19:00:00,2.4,0.2,17.9,44.6,152
2021-12-11 20:00:00,2.5,0.2,18.4,46.4,152
2021-12-11 21:00:00,2.7,0.2,19.2,49.3,152
2021-12-11 22:00:00,2.7,0.2,18.2,47.9,150
2021-12-11 23:00:00,2.9,0.1,18.0,46.4,154
2021-12-12 00:00:00,3.0,0.5,18.2,46.8,155
2021-12-12 01:00:00,3.8,0.3,20.0,49.0,146
2021-12-12 02:00:00,3.9,0.2,20.7,50.8,149
2021-12-12 03:00:00,3.4,0.6,22.3,55.1,149
2021-12-12 04:00:00,3.4,0.4,23.4,57.2,149
2021-12-12 05:00:00,3.7,0.3,23.0,57.2,155
2021-12-12 06:00:00,3.1,0.6,20.4,56.5,159
2021-12-12 07:00:00,3.0,0.8,20.0,52.2,162
2021-12-12 08:00:00,3.0,0.7,21.1,51.5,163
2021-12-12 09:00:00,3.5,0.4,20.0,51.5,162
2021-12-12 10:00:00,3.8,0.1,18.7,47.9,164
2021-12-12 11:00:00,4.2,0.1,17.3,44.6,168
2021-12-12 12:00:00,4.4,0.1,15.1,41.0,162
2021-12-12 13:00:00,4.7,0.0,15.0,35.6,159
2021-12-12 14:00:00,5.0,0.0,14.8,36.0,167
2021-12-12 15:00:00,4.8,0.0,14.5,34.2,161
2021-12-12 16:00:00,4.9,0.0,14.1,33.1,161
2021-12-12 17:00:00,4.9,0.0,13.5,32.8,155
2021-12-12 18:00:00,4.9,0.0,13.2,31.7,158
2021-12-12 19:00:00,5.2,0.0,12.9,31.3,153
2021-12-12 20:00:00,5.3,0.0,13.9,33.5,155
2021-12-12 21:00:00,5.4,0.0,14.5,34.9,161
2021-12-12 22:00:00,5.5,0.0,15.0,36.4,159
2021-12-12 23:00:00,5.4,0.0,14.5,36.4,153
2021-12-13 00:00:00,5.6,0.0,14.6,37.1,147
2021-12-13 01:00:00,4.9,0.0,14.5,37.4,138
2021-12-13 02:00:00,5.6,0.0,15.8,38.5,135
2021-12-13 03:00:00,6.1,0.0,17.1,41.8,138
2021-12-13 04:00:00,6.6,0.0,19.2,47.5,146
2021-12-13 05:00:00,7.1,0.0,20.8,51.8,154
2021-12-13 06:00:00,7.3,0.2,21.1,54.4,155
2021-12-13 07:00:00,7.8,0.0,22.3,55.4,162
2021-12-13 08:00:00,6.7,1.3,24.5,58.7,163
2021-12-13 09:00:00,6.6,1.7,22.7,59.8,169
2021-12-13 10:00:00,7.0,0.8,22.3,58.0,178
2021-12-13 11:00:00,7.2,0.5,19.5,55.1,182
2021-12-13 12:00:00,7.4,0.0,14.4,45.7,193
2021-12-13 13:00:00,7.0,0.0,13.0,36.7,178
2021-12-13 14:00:00,6.9,0.1,13.2,31.7,191
2021-12-13 15:00:00,6.4,0.2,12.7,33.5,188
2021-12-13 16:00:00,5.7,0.6,13.0,31.7,204
2021-12-13 17:00:00,5.7,0.1,13.8,33.5,186
2021-12-13 18:00:00,5.3,0.2,12.6,32.8,180
2021-12-13 19:00:00,4.7,0.3,11.8,34.2,157
2021-12-13 20:00:00,4.2,0.1,10.8,30.2,184
2021-12-13 21:00:00,4.5,0.8,11.9,31.3,185
2021-12-13 22:00:00,3.8,0.9,11.6,29.9,175
2021-12-13 23:00:00,4.4,0.4,10.1,31.7,178
2021-12-14 00:00:00,4.5,0.5,9.7,32.4,202
2021-12-14 01:00:00,4.7,0.4,9.8,29.9,204
2021-12-14 02:00:00,4.6,0.0,9.4,24.5,173
2021-12-14 03:00:00,4.3,0.0,9.4,23.4,173
2021-12-14 04:00:00,4.2,0.0,10.6,26.3,190
2021-12-14 05:00:00,3.7,0.4,10.8,25.9,182
2021-12-14 06:00:00,3.8,1.2,12.0,28.4,173
2021-12-14 07:00:00,3.7,0.6,12.1,28.1,150
2021-12-14 08:00:00,3.3,0.4,13.6,32.0,143
2021-12-14 09:00:00,3.0,0.0,14.5,33.1,136
2021-12-14 10:00:00,3.0,0.4,16.8,39.2,137
2021-12-14 11:00:00,3.3,0.2,17.0,41.4,144
2021-12-14 12:00:00,3.9,0.2,18.7,47.2,150
2021-12-14 13:00:00,4.7,0.7,19.8,50.4,155
2021-12-14 14:00:00,4.8,0.9,21.4,52.6,163
2021-12-14 15:00:00,5.3,1.7,21.4,54.7,163
2021-12-14 16:00:00,5.8,3.1,21.4,54.0,172
2021-12-14 17:00:00,6.0,3.7,22.1,53.6,158
2021-12-14 18:00:00,6.8,4.2,23.1,56.5,165
2021-12-14 19:00:00,7.3,4.8,21.1,55.8,163
2021-12-14 20:00:00,8.0,5.9,17.5,50.8,188
2021-12-14 21:00:00,8.7,4.8,18.6,45.4,221
2021-12-14 22:00:00,8.9,2.4,18.1,46.1,227
2021-12-14 23:00:00,8.9,1.3,17.1,44.6,222
2021-12-15 00:00:00,8.9,3.1,19.6,47.5,223
2021-12-15 01:00:00,9.0,1.3,18.7,53.3,230
2021-12-15 02:00:00,9.1,1.9,19.1,47.5,234
2021-12-15 03:00:00,9.1,1.1,17.1,47.2,229
2021-12-15 04:00:00,9.1,0.3,14.5,41.4,224
2021-12-15 05:00:00,9.0,0.5,14.8,40.3,227
2021-12-15 06:00:00,9.3,0.2,20.1,46.1,237
2021-12-15 07:00:00,9.2,0.4,17.7,47.9,243
2021-12-15 08:00:00,8.9,0.5,15.6,42.5,247
2021-12-15 09:00:00,8.8,0.1,13.3,37.1,229
2021-12-15 10:00:00,8.5,0.2,15.1,33.5,220
2021-12-15 11:00:00,8.7,0.1,16.9,37.4,220
2021-12-15 12:00:00,8.4,0.4,17.8,46.8,227
2021-12-15 13:00:00,8.7,0.3,15.8,48.2,215
2021-12-15 14:00:00,8.2,0.7,14.8,46.4,227
2021-12-15 15:00:00,8.8,0.1,20.5,50.0,231
2021-12-15 16:00:00,8.8,0.2,22.7,54.0,250
2021-12-15 17:00:00,8.4,0.5,23.0,56.9,260
2021-12-15 18:00:00,8.0,0.5,20.9,55.1,268
2021-12-15 19:00:00,7.7,0.3,21.6,50.4,272
2021-12-15 20:00:00,7.4,0.2,22.0,53.3,273
2021-12-15 21:00:00,7.2,0.3,23.1,55.8,272
2021-12-15 22:00:00,5.8,1.2,22.1,61.2,282
2021-12-15 23:00:00,6.9,0.3,19.5,53.3,274
2021-12-16 00:00:00,6.3,0.1,20.7,50.8,283
2021-12-16 01:00:00,6.8,0.0,18.4,51.5,273
2021-12-16 02:00:00,7.2,0.0,21.3,51.1,274
2021-12-16 03:00:00,7.4,0.0,21.5,52.2,279
2021-12-16 04:00:00,7.5,0.0,21.5,51.8,280
2021-12-16 05:00:00,7.0,0.0,21.6,53.6,288
2021-12-16 06:00:00,7.6,0.0,18.5,51.1,283
2021-12-16 07:00:00,7.2,0.1,17.8,45.4,288
2021-12-16 08:00:00,6.6,0.4,13.8,42.5,298
2021-12-16 09:00:00,6.4,0.1,11.8,33.8,282
2021-12-16 10:00:00,6.6,0.0,12.6,29.9,273
2021-12-16 11:00:00,7.1,0.1,12.0,30.6,279
2021-12-16 12:00:00,7.3,0.1,10.1,28.4,272
2021-12-16 13:00:00,7.7,0.0,9.8,24.8,278
2021-12-16 14:00:00,7.8,0.1,7.6,23.8,267
2021-12-16 15:00:00,6.6,0.0,5.2,18.7,236
2021-12-16 16:00:00,5.2,0.0,4.7,13.7,212
2021-12-16 17:00:00,4.3,0.0,5.9,13.3,223
2021-12-16 18:00:00,5.5,0.1,5.2,14.0,214
2021-12-16 19:00:00,3.6,0.0,2.8,11.9,140
2021-12-16 20:00:00,4.3,0.0,3.6,7.9,135
2021-12-16 21:00:00,2.9,0.0,4.9,7.9,126
2021-12-16 22:00:00,4.3,0.0,6.1,10.1,135
2021-12-16 23:00:00,4.9,0.1,7.6,14.8,149
2021-12-17 00:00:00,5.1,0.1,8.9,19.8,153
2021-12-17 01:00:00,5.7,0.1,12.1,23.8,153
2021-12-17 02:00:00,6.0,0.3,12.4,27.7,154
2021-12-17 03:00:00,6.0,0.3,12.2,28.1,161
2021-12-17 04:00:00,6.1,0.3,12.8,28.4,169
2021-12-17 05:00:00,6.2,0.4,12.2,28.1,166
2021-12-17 06:00:00,6.3,0.5,10.5,25.6,158
2021-12-17 07:00:00,6.4,0.2,9.0,20.5,151
2021-12-17 08:00:00,6.5,0.3,8.9,16.9,153
2021-12-17 09:00:00,6.6,0.1,8.6,16.2,158
2021-12-17 10:00:00,6.8,0.4,9.4,18.4,157
2021-12-17 11:00:00,7.0,0.1,9.5,20.2,169
2021-12-17 12:00:00,7.3,0.3,10.1,21.2,174
2021-12-17 13:00:00,7.1,0.5,8.3,22.0,146
2021-12-17 14:00:00,7.3,0.1,6.5,17.6,174
2021-12-17 15:00:00,7.3,0.1,6.2,14.0,201
2021-12-17 16:00:00,7.2,0.2,5.8,14.0,187
2021-12-17 17:00:00,7.2,0.2,6.3,13.7,167
2021-12-17 18:00:00,7.1,0.2,4.9,13.0,163
2021-12-17 19:00:00,7.1,0.1,4.4,10.4,171
2021-12-17 20:00:00,7.0,0.0,2.9,10.1,187
2021-12-17 21:00:00,7.1,0.1,2.9,9.7,187
2021-12-17 22:00:00,7.3,0.3,2.9,9.7,180
2021-12-17 23:00:00,7.5,0.1,3.3,9.7,193
2021-12-18 00:00:00,7.9,0.5,5.5,14.8,238
2021-12-18 01:00:00,7.1,0.5,4.7,20.2,171
2021-12-18 02:00:00,7.4,0.3,3.1,11.5,216
2021-12-18 03:00:00,7.7,0.1,5.1,15.1,315
2021-12-18 04:00:00,7.9,0.0,6.5,17.6,326
2021-12-18 05:00:00,6.9,0.0,5.1,17.3,315
2021-12-18 06:00:00,6.6,0.1,5.2,15.1,304
2021-12-18 07:00:00,7.5,0.0,7.6,18.7,289
2021-12-18 08:00:00,7.5,0.0,8.4,19.4,280
2021-12-18 09:00:00,7.3,0.0,6.3,19.4,283
2021-12-18 10:00:00,6.5,0.0,3.7,14.8,259
2021-12-18 11:00:00,6.9,0.2,4.0,11.9,243
2021-12-18 12:00:00,7.4,0.2,8.0,19.4,280
2021-12-18 13:00:00,8.1,0.0,8.3,25.2,272
2021-12-18 14:00:00,8.2,0.0,7.8,20.2,248
2021-12-18 15:00:00,7.8,0.3,10.1,24.8,253
2021-12-18 16:00:00,7.7,0.4,14.0,33.5,269
2021-12-18 17:00:00,7.8,0.1,13.4,34.2,275
2021-12-18 18:00:00,7.7,0.3,15.6,35.6,289
2021-12-18 19:00:00,7.5,0.2,19.9,46.1,305
2021-12-18 20:00:00,7.3,0.2,17.9,45.7,304
2021-12-18 21:00:00,7.5,0.4,20.5,48.6,322
2021-12-18 22:00:00,7.5,0.2,18.8,46.8,324
2021-12-18 23:00:00,7.5,0.1,18.7,44.6,320
2021-12-19 00:00:00,7.2,0.4,22.0,50.4,322
2021-12-19 01:00:00,7.7,0.3,21.6,52.6,327
2021-12-19 02:00:00,7.1,0.3,19.7,51.5,336
2021-12-19 03:00:00,6.1,0.0,19.5,48.2,337
2021-12-19 04:00:00,4.8,0.0,18.1,48.2,343
2021-12-19 05:00:00,4.5,0.0,18.7,45.7,344
2021-12-19 06:00:00,4.5,0.0,20.2,48.6,344
2021-12-19 07:00:00,4.3,0.0,21.6,52.2,345
2021-12-19 08:00:00,3.9,0.0,22.7,55.4,345
2021-12-19 09:00:00,3.2,0.0,21.8,55.4,347
2021-12-19 10:00:00,2.4,0.0,20.6,53.6,348
2021-12-19 11:00:00,2.3,0.0,20.1,50.4,351
2021-12-19 12:00:00,2.3,0.0,19.7,49.3,352
2021-12-19 13:00:00,3.3,0.0,15.9,47.5,347
2021-12-19 14:00:00,3.2,0.0,15.7,38.5,351
2021-12-19 15:00:00,2.3,0.0,14.6,37.4,350
2021-12-19 16:00:00,1.6,0.0,14.2,34.6,351
2021-12-19 17:00:00,1.0,0.0,13.7,33.8,355
2021-12-19 18:00:00,0.4,0.0,13.3,33.1,2
2021-12-19 19:00:00,-0.1,0.0,12.3,32.4,7
2021-12-19 20:00:00,-0.6,0.0,11.3,30.6,9
2021-12-19 21:00:00,-0.7,0.0,10.7,28.4,14
2021-12-19 22:00:00,-0.8,0.0,9.4,26.6,18
2021-12-19 23:00:00,-0.7,0.0,8.4,23.4,20
2021-12-20 00:00:00,-0.4,0.0,8.2,22.0,23
2021-12-20 01:00:00,-0.4,0.0,6.7,22.3,36
2021-12-20 02:00:00,0.3,0.0,8.2,20.5,38
2021-12-20 03:00:00,0.5,0.0,8.1,20.9,45
2021-12-20 04:00:00,0.8,0.0,8.9,20.9,40
2021-12-20 05:00:00,0.7,0.0,9.9,23.0,33
2021-12-20 06:00:00,0.5,0.0,10.5,24.5,31
2021-12-20 07:00:00,0.2,0.0,9.8,24.1,24
2021-12-20 08:00:00,-0.0,0.0,8.2,22.7,29
2021-12-20 09:00:00,-0.1,0.0,6.4,19.8,38
2021-12-20 10:00:00,-0.1,0.0,5.3,16.2,28
2021-12-20 11:00:00,0.4,0.0,6.2,14.4,7
2021-12-20 12:00:00,0.9,0.0,6.5,15.1,6
2021-12-20 13:00:00,0.7,0.0,5.9,14.8,14
2021-12-20 14:00:00,0.4,0.0,4.3,14.0,24
2021-12-20 15:00:00,-0.9,0.0,4.5,11.2,29
2021-12-20 16:00:00,-1.3,0.0,4.0,10.1,63
2021-12-20 17:00:00,-1.3,0.0,2.6,8.6,106
2021-12-20 18:00:00,-1.2,0.0,4.1,6.1,135
2021-12-20 19:00:00,-0.5,0.0,4.6,9.0,162
2021-12-20 20:00:00,-0.4,0.0,5.2,10.8,164
2021-12-20 21:00:00,-0.7,0.0,4.7,10.4,148
2021-12-20 22:00:00,-0.6,0.0,5.0,10.1,150
2021-12-20 23:00:00,-0.4,0.0,5.3,10.4,152
2021-12-21 00:00:00,-0.2,0.0,6.0,11.9,155
2021-12-21 01:00:00,-0.3,0.0,7.7,12.6,139
2021-12-21 02:00:00,0.4,0.0,7.3,16.9,147
2021-12-21 03:00:00,0.5,0.0,7.3,15.8,147
2021-12-21 04:00:00,0.7,0.0,6.1,15.1,140
2021-12-21 05:00:00,0.6,0.0,6.9,14.8,141
2021-12-21 06:00:00,0.7,0.0,6.5,15.5,146
2021-12-21 07:00:00,0.6,0.0,7.2,14.8,143
2021-12-21 08:00:00,0.8,0.0,8.0,17.3,144
2021-12-21 09:00:00,0.9,0.0,8.4,18.7,149
2021-12-21 10:00:00,1.0,0.0,9.1,20.2,146
2021-12-21 11:00:00,1.0,0.0,9.4,20.9,148
2021-12-21 12:00:00,1.2,0.0,9.5,21.6,155
2021-12-21 13:00:00,1.0,0.0,8.0,21.6,144
2021-12-21 14:00:00,1.3,0.0,7.7,18.4,152
2021-12-21 15:00:00,1.0,0.0,7.7,18.7,152
2021-12-21 16:00:00,0.3,0.0,8.2,17.6,142
2021-12-21 17:00:00,0.9,0.0,8.7,19.8,150
2021-12-21 18:00:00,1.1,0.0,9.7,22.0,153
2021-12-21 19:00:00,1.2,0.0,10.5,23.8,149
2021-12-21 20:00:00,1.4,0.0,10.9,25.2,146
2021-12-21 21:00:00,1.4,0.0,12.0,28.1,141
2021-12-21 22:00:00,1.5,0.1,12.3,28.8,140
2021-12-21 23:00:00,1.7,0.1,13.2,31.0,133
2021-12-22 00:00:00,1.9,0.1,13.5,32.8,151
2021-12-22 01:00:00,1.8,0.6,13.7,32.4,150
2021-12-22 02:00:00,1.8,0.2,14.5,34.2,145
2021-12-22 03:00:00,1.9,0.1,14.6,33.8,147
2021-12-22 04:00:00,1.8,0.3,14.5,33.8,150
2021-12-22 05:00:00,1.9,0.3,13.8,33.1,152
2021-12-22 06:00:00,1.9,0.4,14.0,32.4,151
2021-12-22 07:00:00,1.9,0.3,13.9,32.4,155
2021-12-22 08:00:00,1.5,0.6,13.8,32.4,160
2021-12-22 09:00:00,1.4,1.0,14.0,33.5,151
2021-12-22 10:00:00,1.6,1.0,14.0,33.5,145
2021-12-22 11:00:00,1.8,1.1,13.7,33.5,150
2021-12-22 12:00:00,1.8,1.0,14.5,33.8,150
2021-12-22 13:00:00,2.6,1.1,11.4,37.1,162
2021-12-22 14:00:00,2.7,0.0,12.5,30.6,162
2021-12-22 15:00:00,2.7,0.0,12.7,30.6,151
2021-12-22 16:00:00,2.7,0.0,12.0,30.6,147
2021-12-22 17:00:00,2.7,0.0,10.7,28.8,138
2021-12-22 18:00:00,2.6,0.0,9.4,26.3,140
2021-12-22 19:00:00,2.6,0.0,9.0,23.4,143
2021-12-22 20:00:00,2.6,0.1,10.0,24.8,139
2021-12-22 21:00:00,2.7,0.1,10.2,25.2,138
2021-12-22 22:00:00,2.7,0.1,10.4,25.6,136
2021-12-22 23:00:00,2.8,0.0,10.2,25.2,141
2021-12-23 00:00:00,1.9,0.5,10.0,25.2,139
2021-12-23 01:00:00,1.6,1.0,8.1,24.1,111
2021-12-23 02:00:00,2.0,0.5,9.3,22.0,118
2021-12-23 03:00:00,1.7,0.4,7.9,22.3,114
2021-12-23 04:00:00,1.4,0.1,6.6,19.8,99
2021-12-23 05:00:00,0.8,0.0,6.6,16.6,77
2021-12-23 06:00:00,0.7,0.0,6.9,14.8,81
2021-12-23 07:00:00,1.2,0.0,5.8,15.5,68
2021-12-23 08:00:00,1.3,0.0,5.1,12.2,45
2021-12-23 09:00:00,1.7,0.0,3.7,10.4,61
2021-12-23 10:00:00,1.6,0.0,2.8,8.3,50
2021-12-23 11:00:00,1.7,0.0,7.7,16.2,28
2021-12-23 12:00:00,1.9,0.0,6.6,17.3,22
2021-12-23 13:00:00,1.3,0.0,4.0,15.5,360
2021-12-23 14:00:00,1.3,0.0,5.1,13.3,352
2021-12-23 15:00:00,0.3,0.0,6.3,15.5,347
2021-12-23 16:00:00,-0.6,0.0,6.5,16.9,357
2021-12-23 17:00:00,-0.5,0.0,7.4,19.1,346
2021-12-23 18:00:00,-0.5,0.0,8.4,21.6,340
2021-12-23 19:00:00,-0.9,0.0,9.6,24.1,347
2021-12-23 20:00:00,-1.3,0.0,8.0,25.2,8
2021-12-23 21:00:00,-1.7,0.0,5.1,23.4,8
2021-12-23 22:00:00,-1.9,0.0,5.2,18.4,16
2021-12-23 23:00:00,0.9,0.0,4.5,16.6,299
2021-12-24 00:00:00,-0.1,0.0,11.6,26.3,355
2021-12-24 01:00:00,0.1,0.0,13.4,36.0,355
2021-12-24 02:00:00,-1.0,0.0,15.8,38.5,348
2021-12-24 03:00:00,-1.8,0.0,16.6,41.0,2
2021-12-24 04:00:00,-2.4,0.0,15.2,39.6,7
2021-12-24 05:00:00,-3.1,0.0,12.8,37.1,10
2021-12-24 06:00:00,-3.6,0.0,9.8,30.6,8
2021-12-24 07:00:00,-3.9,0.0,8.6,23.8,358
2021-12-24 08:00:00,-3.9,0.0,8.1,22.0,13
2021-12-24 09:00:00,-3.5,0.0,9.2,20.5,21
2021-12-24 10:00:00,-3.4,0.0,10.6,23.8,35
2021-12-24 11:00:00,-2.7,0.0,11.7,27.4,47
2021-12-24 12:00:00,-1.7,0.0,9.8,27.0,54
2021-12-24 13:00:00,-2.4,0.0,7.7,22.7,49
2021-12-24 14:00:00,-2.9,0.0,6.1,16.6,40
2021-12-24 15:00:00,-3.5,0.0,6.1,13.3,28
2021-12-24 16:00:00,-3.9,0.0,3.6,13.7,53
2021-12-24 17:00:00,-4.0,0.0,2.5,10.4,82
2021-12-24 18:00:00,-3.7,0.0,0.8,9.7,117
2021-12-24 19:00:00,-3.8,0.0,6.6,9.7,119
2021-12-24 20:00:00,-2.6,0.3,8.1,16.2,159
2021-12-24 21:00:00,-2.9,0.1,8.0,16.6,175
2021-12-24 22:00:00,-3.4,0.0,9.1,17.6,173
2021-12-24 23:00:00,-3.4,0.0,6.9,16.9,152
2021-12-25 00:00:00,-3.3,0.0,7.4,13.3,141
2021-12-25 01:00:00,-4.7,0.0,5.4,12.6,132
2021-12-25 02:00:00,-3.9,0.0,5.8,11.5,120
2021-12-25 03:00:00,-3.9,0.0,4.7,10.1,113
2021-12-25 04:00:00,-3.7,0.0,3.7,9.0,101
2021-12-25 05:00:00,-3.6,0.0,4.0,9.4,100
2021-12-25 06:00:00,-3.7,0.0,4.7,10.1,94
2021-12-25 07:00:00,-3.7,0.0,5.8,11.2,94
2021-12-25 08:00:00,-3.6,0.0,6.1,12.2,93
2021-12-25 09:00:00,-3.5,0.0,5.8,11.5,86
2021-12-25 10:00:00,-3.2,0.0,5.4,11.5,98
2021-12-25 11:00:00,-2.5,0.0,5.2,10.1,115
2021-12-25 12:00:00,-1.6,0.0,4.1,9.0,128
2021-12-25 13:00:00,-1.0,0.0,3.3,7.2,167
2021-12-25 14:00:00,-1.0,0.0,2.3,5.8,198
2021-12-25 15:00:00,-1.3,0.0,1.8,6.1,169
2021-12-25 16:00:00,-2.0,0.0,3.1,6.1,126
2021-12-25 17:00:00,-1.9,0.0,4.8,8.3,117
2021-12-25 18:00:00,-1.6,0.0,6.8,11.2,115
2021-12-25 19:00:00,-1.5,0.0,6.8,11.5,122
2021-12-25 20:00:00,-1.2,0.0,6.4,13.3,137
2021-12-25 21:00:00,-1.9,0.0,6.1,11.9,118
2021-12-25 22:00:00,-1.9,0.0,5.0,11.2,111
2021-12-25 23:00:00,-2.0,0.0,3.7,9.0,119
2021-12-26 00:00:00,-1.1,0.0,5.0,8.6,120
2021-12-26 01:00:00,-2.2,0.0,6.1,13.7,118
2021-12-26 02:00:00,-2.2,0.0,6.7,13.3,126
2021-12-26 03:00:00,-2.3,0.0,5.4,12.2,127
2021-12-26 04:00:00,-2.2,0.0,5.6,10.8,130
2021-12-26 05:00:00,-2.3,0.0,6.3,12.2,121
2021-12-26 06:00:00,-2.4,0.0,6.8,13.0,122
2021-12-26 07:00:00,-2.4,0.0,4.7,12.6,122
2021-12-26 08:00:00,-2.5,0.0,4.4,9.0,125
2021-12-26 09:00:00,-2.2,0.0,3.9,9.4,112
2021-12-26 10:00:00,-2.4,0.0,4.3,9.0,114
2021-12-26 11:00:00,-2.7,0.0,3.9,9.0,112
2021-12-26 12:00:00,-1.6,0.0,3.2,7.9,117
2021-12-26 13:00:00,-0.6,0.0,2.9,6.5,83
2021-12-26 14:00:00,-0.3,0.0,3.3,6.5,84
2021-12-26 15:00:00,-0.6,0.0,4.7,9.4,94
2021-12-26 16:00:00,-1.2,0.0,5.8,11.5,94
2021-12-26 17:00:00,-1.7,0.0,5.4,11.9,94
2021-12-26 18:00:00,-2.2,0.0,4.9,11.2,107
2021-12-26 19:00:00,-2.3,0.0,5.0,10.8,111
2021-12-26 20:00:00,-2.3,0.0,4.2,10.8,121
2021-12-26 21:00:00,-2.4,0.0,4.8,10.8,138
2021-12-26 22:00:00,-2.2,0.0,7.7,16.6,152
2021-12-26 23:00:00,-2.1,0.0,9.7,21.2,153
2021-12-27 00:00:00,-2.1,0.0,10.6,23.8,145
2021-12-27 01:00:00,-2.1,0.0,9.1,24.1,124
2021-12-27 02:00:00,-2.1,0.0,9.0,22.3,119
2021-12-27 03:00:00,-1.7,0.0,10.7,25.2,123
2021-12-27 04:00:00,-1.3,0.0,11.0,25.9,122
2021-12-27 05:00:00,-1.4,0.0,11.3,25.9,121
2021-12-27 06:00:00,-1.3,0.0,10.6,27.0,125
2021-12-27 07:00:00,-1.8,0.0,9.3,25.6,118
2021-12-27 08:00:00,-2.4,0.0,9.4,22.3,94
2021-12-27 09:00:00,-2.8,0.0,9.1,21.6,81
2021-12-27 10:00:00,-3.2,0.0,8.3,20.5,72
2021-12-27 11:00:00,-3.2,0.0,6.9,18.4,81
2021-12-27 12:00:00,-2.2,0.0,6.8,16.9,93
2021-12-27 13:00:00,0.1,0.0,6.3,16.9,103
2021-12-27 14:00:00,-0.4,0.0,6.9,19.1,99
2021-12-27 15:00:00,-1.1,0.0,7.3,19.1,99
2021-12-27 16:00:00,-1.5,0.0,7.0,20.2,111
2021-12-27 17:00:00,-2.2,0.0,10.4,25.2,110
2021-12-27 18:00:00,-1.9,0.0,8.9,24.8,122
2021-12-27 19:00:00,-1.7,0.0,9.2,24.8,111
2021-12-27 20:00:00,-1.0,0.1,10.1,26.3,88
2021-12-27 21:00:00,-0.3,0.0,9.7,27.0,86
2021-12-27 22:00:00,-0.3,0.1,6.9,25.6,84
2021-12-27 23:00:00,-0.5,0.3,3.5,19.8,66
2021-12-28 00:00:00,-1.0,0.6,3.3,13.3,41
2021-12-28 01:00:00,-0.1,0.5,5.9,16.6,101
2021-12-28 02:00:00,0.2,0.2,7.2,19.4,72
2021-12-28 03:00:00,0.1,0.2,8.4,20.5,83
2021-12-28 04:00:00,0.3,0.1,9.4,23.8,90
2021-12-28 05:00:00,0.4,0.1,7.9,22.7,93
2021-12-28 06:00:00,0.6,0.1,6.8,19.8,90
2021-12-28 07:00:00,0.8,0.1,7.6,18.0,90
2021-12-28 08:00:00,0.9,0.1,7.9,19.1,90
2021-12-28 09:00:00,1.1,0.0,8.3,19.4,90
2021-12-28 10:00:00,1.2,0.0,8.4,19.4,83
2021-12-28 11:00:00,1.3,0.0,8.6,19.1,75
2021-12-28 12:00:00,1.6,0.0,8.1,19.4,77
2021-12-28 13:00:00,1.8,0.0,8.0,18.0,72
2021-12-28 14:00:00,2.3,0.0,5.6,17.6,63
2021-12-28 15:00:00,2.4,0.0,3.9,11.9,56
2021-12-28 16:00:00,2.5,0.0,4.5,8.6,61
2021-12-28 17:00:00,2.5,0.0,4.6,9.7,72
2021-12-28 18:00:00,2.4,0.0,2.5,8.6,90
2021-12-28 19:00:00,2.3,0.0,1.8,5.4,90
2021-12-28 20:00:00,2.5,0.0,2.2,4.3,9
2021-12-28 21:00:00,3.0,0.0,1.0,5.0,135
2021-12-28 22:00:00,2.6,0.0,2.7,4.3,113
2021-12-28 23:00:00,2.0,0.0,2.9,5.0,180
2021-12-29 00:00:00,2.6,0.0,4.7,9.7,176
2021-12-29 01:00:00,2.3,0.0,6.5,12.6,161
2021-12-29 02:00:00,2.6,0.0,7.8,16.6,158
2021-12-29 03:00:00,2.7,0.0,8.8,19.8,161
2021-12-29 04:00:00,2.5,0.0,9.1,20.9,173
2021-12-29 05:00:00,2.4,0.0,9.4,21.6,173
2021-12-29 06:00:00,2.5,0.0,10.0,23.0,167
2021-12-29 07:00:00,2.5,0.0,9.7,23.8,158
2021-12-29 08:00:00,2.4,0.0,9.8,23.4,152
2021-12-29 09:00:00,2.7,0.0,9.5,23.0,155
2021-12-29 10:00:00,3.0,0.0,10.4,23.8,166
2021-12-29 11:00:00,3.1,0.0,9.7,24.1,149
2021-12-29 12:00:00,3.3,0.0,10.2,23.8,148
2021-12-29 13:00:00,3.2,0.0,7.3,23.8,169
2021-12-29 14:00:00,3.2,0.0,7.6,19.1,155
2021-12-29 15:00:00,2.2,0.0,7.0,18.7,159
2021-12-29 16:00:00,1.4,0.0,9.2,20.9,129
2021-12-29 17:00:00,0.2,0.0,10.4,23.0,104
2021-12-29 18:00:00,-0.1,0.0,8.2,23.8,105
2021-12-29 19:00:00,-0.2,0.0,8.7,22.3,107
2021-12-29 20:00:00,1.9,0.0,10.5,26.6,96
2021-12-29 21:00:00,3.1,0.0,9.4,27.0,94
2021-12-29 22:00:00,3.3,0.2,10.8,26.6,94
2021-12-29 23:00:00,3.2,0.3,12.7,29.9,82
2021-12-30 00:00:00,1.9,0.8,10.5,31.0,82
2021-12-30 01:00:00,2.7,2.5,11.6,28.1,85
2021-12-30 02:00:00,3.1,2.2,11.7,31.0,133
2021-12-30 03:00:00,3.3,1.1,24.3,59.0,151
2021-12-30 04:00:00,4.4,0.9,20.5,61.9,156
2021-12-30 05:00:00,6.5,0.8,18.4,48.6,192
2021-12-30 06:00:00,7.6,1.9,23.5,55.1,216
2021-12-30 07:00:00,8.2,0.2,26.1,70.6,231
2021-12-30 08:00:00,7.7,1.0,22.8,63.0,232
2021-12-30 09:00:00,7.7,0.8,20.7,54.7,231
2021-12-30 10:00:00,7.5,0.3,18.1,49.3,227
2021-12-30 11:00:00,7.2,0.6,13.1,42.8,217
2021-12-30 12:00:00,7.2,2.0,14.0,33.8,224
2021-12-30 13:00:00,7.1,2.0,12.4,45.0,234
2021-12-30 14:00:00,7.5,3.0,13.0,32.4,231
2021-12-30 15:00:00,7.6,3.1,16.1,38.5,236
2021-12-30 16:00:00,7.7,0.7,13.5,38.9,228
2021-12-30 17:00:00,7.8,1.1,14.2,33.8,240
2021-12-30 18:00:00,7.5,3.1,12.6,34.2,239
2021-12-30 19:00:00,7.3,2.0,13.2,30.6,225
2021-12-30 20:00:00,8.0,0.0,16.9,38.5,232
2021-12-30 21:00:00,7.7,0.5,17.2,40.7,233
2021-12-30 22:00:00,8.0,0.2,19.3,44.6,241
2021-12-30 23:00:00,8.0,0.1,13.3,43.9,237
2021-12-31 00:00:00,7.2,0.3,13.3,32.0,229
2021-12-31 01:00:00,7.4,0.9,13.5,31.7,224
2021-12-31 02:00:00,7.1,1.1,14.0,34.6,226
2021-12-31 03:00:00,7.1,0.4,10.6,33.1,215
2021-12-31 04:00:00,6.2,3.5,10.4,25.9,194
2021-12-31 05:00:00,6.3,3.0,5.1,25.2,172
2021-12-31 06:00:00,6.2,0.7,9.5,23.4,155
2021-12-31 07:00:00,5.7,4.2,12.3,30.2,148
2021-12-31 08:00:00,5.4,0.5,12.1,26.6,153
2021-12-31 09:00:00,6.1,1.5,9.0,26.6,209
2021-12-31 10:00:00,6.9,0.1,9.4,23.8,227
2021-12-31 11:00:00,6.9,0.1,9.7,23.8,222
2021-12-31 12:00:00,6.9,0.3,11.5,26.6,219
2021-12-31 13:00:00,7.4,0.6,13.5,29.9,224
2021-12-31 14:00:00,7.7,0.4,12.3,31.3,212
2021-12-31 15:00:00,6.8,2.7,11.9,29.5,209
2021-12-31 16:00:00,6.9,0.7,10.9,28.8,253
2021-12-31 17:00:00,7.0,0.2,10.2,26.3,260
2021-12-31 18:00:00,6.7,0.1,8.3,22.3,270
2021-12-31 19:00:00,6.6,0.1,7.7,20.5,281
2021-12-31 20:00:00,6.2,0.0,8.9,20.9,310
2021-12-31 21:00:00,5.0,0.0,7.9,20.5,317
2021-12-31 22:00:00,3.0,0.0,5.6,18.7,310
2021-12-31 23:00:00,2.3,0.0,5.7,15.8,342
